{"stats":{"minecraft:killed":{"minecraft:zombie":1,"minecraft:chicken":1},"minecraft:killed_by":{"minecraft:zombie":1},"minecraft:mined":{"minecraft:purple_bed":1,"minecraft:andesite_stairs":1,"minecraft:pumpkin":1,"minecraft:crafting_table":2,"minecraft:grass":27,"minecraft:spruce_fence":1,"spelunkers_charm:dead_grass":1,"minecraft:melon":4,"minecraft:cocoa":5,"minecraft:vine":4,"minecraft:white_stained_glass_pane":1,"minecraft:jungle_log":16,"minecraft:cobblestone":1,"minecraft:stone":12,"minecraft:cartography_table":1,"minecraft:fern":9},"minecraft:crafted":{"minecraft:crafting_table":1,"minecraft:stick":8,"minecraft:wooden_pickaxe":1,"minecraft:stone_pickaxe":2,"minecraft:wooden_axe":1,"minecraft:stone_sword":1,"minecraft:jungle_planks":16},"minecraft:used":{"minecraft:wooden_axe":25,"minecraft:stone_sword":11,"minecraft:melon_slice":12,"minecraft:wooden_pickaxe":15,"minecraft:crafting_table":2,"minecraft:cod":3},"minecraft:picked_up":{"minecraft:cocoa_beans":14,"minecraft:stick":1,"minecraft:crafting_table":2,"minecraft:feather":2,"minecraft:chicken":1,"minecraft:pumpkin":1,"minecraft:jungle_log":15,"minecraft:spruce_fence":1,"minecraft:purple_bed":1,"minecraft:wheat_seeds":3,"minecraft:cartography_table":1,"minecraft:andesite_stairs":1,"minecraft:melon_slice":14,"minecraft:cobblestone":13,"minecraft:egg":1},"minecraft:custom":{"minecraft:time_since_rest":6,"minecraft:sprint_one_cm":55494,"minecraft:damage_taken":414,"minecraft:walk_one_cm":40566,"minecraft:mob_kills":4,"minecraft:damage_dealt":574,"minecraft:interact_with_crafting_table":4,"minecraft:fly_one_cm":101694,"minecraft:open_barrel":2,"minecraft:open_chest":1,"minecraft:crouch_one_cm":274,"minecraft:deaths":1,"minecraft:play_time":16056,"tombstone:undead_killed":1,"minecraft:sneak_time":42,"minecraft:jump":400,"minecraft:leave_game":1,"minecraft:time_since_death":1568,"minecraft:sleep_in_bed":1,"minecraft:total_world_time":16056,"minecraft:climb_one_cm":241,"minecraft:fall_one_cm":13402}},"DataVersion":3120}