{"stats":{"minecraft:killed":{"minecraft:zombie":2,"minecraft:chicken":1,"minecraft:tropical_fish":7},"minecraft:killed_by":{"minecraft:zombie":1},"minecraft:mined":{"minecraft:deepslate_redstone_ore":1,"minecraft:deepslate_diamond_ore":4,"minecraft:andesite_stairs":1,"minecraft:crafting_table":3,"minecraft:spruce_fence":1,"minecraft:melon":4,"spelunkers_charm:dead_grass":1,"minecraft:jungle_log":16,"minecraft:white_stained_glass_pane":1,"minecraft:cobblestone":1,"minecraft:cartography_table":1,"spelunkers_charm:deepslate_rock_pile_1":1,"minecraft:purple_bed":1,"minecraft:iron_ore":6,"spelunkers_charm:deepslate_rock_pile_3":1,"minecraft:pumpkin":1,"minecraft:grass":28,"minecraft:cave_vines":1,"minecraft:cocoa":5,"minecraft:vine":4,"minecraft:gravel":1,"minecraft:azalea":1,"minecraft:stone":18,"minecraft:deepslate":5,"minecraft:fern":9},"minecraft:crafted":{"minecraft:crafting_table":1,"minecraft:wooden_pickaxe":1,"minecraft:furnace":1,"minecraft:cooked_salmon":7,"minecraft:air":0,"minecraft:jungle_planks":16,"minecraft:stick":8,"minecraft:iron_ingot":3,"minecraft:iron_pickaxe":1,"minecraft:stone_pickaxe":2,"minecraft:wooden_axe":1,"minecraft:stone_sword":1},"minecraft:used":{"minecraft:stone_sword":33,"minecraft:stone_pickaxe":11,"minecraft:wooden_pickaxe":15,"minecraft:cooked_salmon":5,"minecraft:golden_apple":1,"minecraft:crafting_table":3,"minecraft:cod":7,"minecraft:wooden_axe":26,"minecraft:melon_slice":14,"minecraft:iron_pickaxe":16,"minecraft:purple_bed":1,"minecraft:furnace":1},"minecraft:custom":{"minecraft:interact_with_furnace":12,"minecraft:mob_kills":13,"minecraft:interact_with_cartography_table":5,"minecraft:interact_with_crafting_table":7,"minecraft:open_barrel":9,"minecraft:eat_cake_slice":4,"minecraft:leave_game":3,"minecraft:time_since_death":18957,"minecraft:sleep_in_bed":1,"minecraft:climb_one_cm":241,"minecraft:time_since_rest":17395,"minecraft:sprint_one_cm":81320,"minecraft:damage_taken":1574,"minecraft:walk_one_cm":79158,"minecraft:damage_dealt":1227,"minecraft:fly_one_cm":141836,"minecraft:open_chest":9,"minecraft:crouch_one_cm":274,"minecraft:play_time":33445,"tombstone:undead_killed":2,"minecraft:deaths":1,"minecraft:sneak_time":43,"minecraft:walk_under_water_one_cm":3568,"minecraft:jump":802,"minecraft:interact_with_blast_furnace":7,"minecraft:walk_on_water_one_cm":9441,"minecraft:total_world_time":33445,"minecraft:fall_one_cm":25081},"minecraft:picked_up":{"minecraft:cocoa_beans":14,"minecraft:crafting_table":3,"minecraft:feather":2,"minecraft:chicken":1,"minecraft:clay_ball":16,"minecraft:glow_ink_sac":3,"minecraft:jungle_log":15,"spelunkers_charm:deepslate_rock":4,"minecraft:moss_carpet":6,"minecraft:candle":1,"minecraft:wheat_seeds":6,"minecraft:cartography_table":1,"minecraft:cobbled_deepslate":11,"minecraft:andesite_stairs":1,"minecraft:azalea":3,"minecraft:moss_block":10,"minecraft:melon_slice":14,"minecraft:flowering_azalea":1,"minecraft:egg":1,"minecraft:stick":1,"minecraft:raw_iron":7,"minecraft:pumpkin":1,"minecraft:spruce_fence":1,"minecraft:gravel":1,"minecraft:redstone":5,"minecraft:rotten_flesh":4,"minecraft:purple_bed":1,"minecraft:diamond":4,"minecraft:tropical_fish":12,"tombstone:magic_scroll":1,"minecraft:cobblestone":19}},"DataVersion":3120}