{"stats":{"minecraft:mined":{"farmersdelight:rich_soil":1,"minecraft:mossy_cobblestone":7,"farmersdelight:organic_compost":2,"minecraft:blackstone":1,"minecraft:orange_terracotta":1,"minecraft:basalt":1,"minecraft:dandelion":9,"minecraft:smooth_sandstone":6,"minecraft:clay":1,"minecraft:crafting_table":3,"minecraft:light_gray_terracotta":3,"minecraft:granite":7,"minecraft:red_sand":1,"minecraft:poppy":7,"minecraft:grass_block":2,"minecraft:melon":7,"minecraft:jungle_planks":1,"minecraft:jungle_log":12,"minecraft:cobblestone":6,"minecraft:spruce_leaves":7,"minecraft:oak_planks":2,"minecraft:moss_block":4,"minecraft:sandstone":5,"minecraft:rooted_dirt":1,"minecraft:hay_block":11,"spelunkers_charm:rock_pile_3":1,"minecraft:lime_bed":2,"minecraft:coarse_dirt":1,"minecraft:furnace":2,"minecraft:iron_ore":15,"minecraft:grass":6,"minecraft:coal_ore":26,"minecraft:deepslate_iron_ore":1,"minecraft:vine":4,"minecraft:sand":9,"minecraft:dirt":8,"minecraft:terracotta":9,"minecraft:stone":56,"minecraft:fern":7},"minecraft:picked_up":{"farmersdelight:rich_soil":1,"minecraft:lime_bed":2,"minecraft:coarse_dirt":1,"minecraft:crafting_table":2,"minecraft:basalt":1,"minecraft:clay_ball":4,"minecraft:jungle_log":12,"minecraft:leather":1,"minecraft:dirt":10,"minecraft:moss_carpet":1,"farmersdelight:organic_compost":2,"minecraft:smooth_sandstone":6,"minecraft:blackstone":1,"minecraft:wheat_seeds":1,"minecraft:red_sand":1,"minecraft:beef":8,"minecraft:poppy":7,"minecraft:moss_block":4,"minecraft:melon_slice":27,"minecraft:oak_planks":1,"minecraft:furnace":2,"minecraft:raw_iron":16,"minecraft:sandstone":5,"minecraft:dandelion":9,"minecraft:jungle_planks":1,"minecraft:sand":9,"minecraft:mossy_cobblestone":5,"minecraft:light_gray_terracotta":1,"minecraft:rotten_flesh":6,"minecraft:cactus":2,"minecraft:tropical_fish":3,"minecraft:hay_block":11,"minecraft:granite":4,"minecraft:terracotta":8,"spelunkers_charm:rock":3,"minecraft:coal":26,"minecraft:cobblestone":56},"minecraft:crafted":{"minecraft:cooked_beef":2,"minecraft:crafting_table":3,"minecraft:wooden_pickaxe":2,"minecraft:furnace":1,"minecraft:stone_axe":1,"minecraft:bread":31,"minecraft:air":0,"minecraft:jungle_planks":48,"minecraft:iron_axe":1,"minecraft:stick":20,"minecraft:iron_ingot":13,"minecraft:iron_pickaxe":1,"minecraft:stone_pickaxe":2,"minecraft:torch":20,"minecraft:wheat":99},"minecraft:used":{"minecraft:tropical_fish":3,"minecraft:stone_pickaxe":92,"minecraft:wooden_pickaxe":33,"minecraft:sandstone":5,"minecraft:torch":2,"minecraft:lime_bed":1,"minecraft:crafting_table":5,"minecraft:jungle_planks":2,"minecraft:iron_axe":34,"minecraft:bread":19,"minecraft:melon_slice":7,"minecraft:iron_pickaxe":80,"minecraft:stone_axe":14,"minecraft:beef":6,"minecraft:furnace":2,"minecraft:cooked_beef":2},"minecraft:dropped":{"minecraft:moss_block":2,"minecraft:coarse_dirt":1,"minecraft:clay_ball":1,"minecraft:dirt":8,"minecraft:cactus":2},"minecraft:killed":{"minecraft:rabbit":1,"minecraft:cow":5},"minecraft:custom":{"minecraft:interact_with_furnace":12,"minecraft:mob_kills":6,"minecraft:interact_with_crafting_table":13,"minecraft:leave_game":2,"minecraft:time_since_death":52820,"minecraft:sleep_in_bed":1,"minecraft:climb_one_cm":5744,"minecraft:time_since_rest":6939,"minecraft:sprint_one_cm":186384,"minecraft:damage_taken":950,"minecraft:walk_one_cm":124005,"minecraft:drop":14,"minecraft:damage_dealt":530,"minecraft:swim_one_cm":6801,"minecraft:fly_one_cm":360051,"minecraft:open_chest":3,"minecraft:crouch_one_cm":944,"minecraft:play_time":52820,"minecraft:sneak_time":728,"minecraft:walk_under_water_one_cm":8328,"minecraft:jump":1760,"minecraft:walk_on_water_one_cm":27202,"minecraft:total_world_time":52820,"minecraft:fall_one_cm":46257}},"DataVersion":3120}