{"stats":{"minecraft:killed":{"minecraft:cow":5},"minecraft:mined":{"spelunkers_charm:rock_pile_3":1,"minecraft:coarse_dirt":1,"minecraft:furnace":1,"minecraft:blackstone":1,"minecraft:iron_ore":12,"minecraft:clay":1,"minecraft:crafting_table":2,"minecraft:grass":3,"minecraft:grass_block":2,"minecraft:coal_ore":8,"minecraft:melon":2,"minecraft:deepslate_iron_ore":1,"minecraft:vine":4,"minecraft:jungle_log":12,"minecraft:sand":4,"minecraft:dirt":7,"minecraft:terracotta":9,"minecraft:stone":52,"minecraft:moss_block":3,"minecraft:fern":3},"minecraft:used":{"minecraft:tropical_fish":1,"minecraft:melon_slice":7,"minecraft:stone_pickaxe":79,"minecraft:wooden_pickaxe":33,"minecraft:stone_axe":14,"minecraft:beef":6,"minecraft:crafting_table":3,"minecraft:furnace":2},"minecraft:crafted":{"minecraft:cooked_beef":2,"minecraft:crafting_table":3,"minecraft:stick":12,"minecraft:wooden_pickaxe":2,"minecraft:stone_pickaxe":2,"minecraft:furnace":1,"minecraft:stone_axe":1,"minecraft:air":0,"minecraft:jungle_planks":48},"minecraft:dropped":{"minecraft:dirt":8,"minecraft:moss_block":2,"minecraft:coarse_dirt":1,"minecraft:clay_ball":1,"minecraft:cactus":2},"minecraft:picked_up":{"minecraft:crafting_table":1,"minecraft:raw_iron":13,"minecraft:coarse_dirt":1,"minecraft:clay_ball":4,"minecraft:jungle_log":12,"minecraft:leather":1,"minecraft:sand":4,"minecraft:dirt":9,"minecraft:moss_carpet":1,"minecraft:cactus":2,"minecraft:blackstone":1,"minecraft:tropical_fish":3,"minecraft:beef":8,"minecraft:terracotta":8,"minecraft:melon_slice":7,"minecraft:moss_block":3,"spelunkers_charm:rock":3,"minecraft:coal":8,"minecraft:cobblestone":49,"minecraft:furnace":1},"minecraft:custom":{"minecraft:time_since_rest":20019,"minecraft:interact_with_furnace":3,"minecraft:sprint_one_cm":28588,"minecraft:damage_taken":315,"minecraft:walk_one_cm":63718,"minecraft:mob_kills":5,"minecraft:drop":14,"minecraft:damage_dealt":500,"minecraft:swim_one_cm":324,"minecraft:interact_with_crafting_table":7,"minecraft:fly_one_cm":63908,"minecraft:crouch_one_cm":944,"minecraft:play_time":20019,"minecraft:sneak_time":712,"minecraft:walk_under_water_one_cm":4824,"minecraft:jump":478,"minecraft:leave_game":1,"minecraft:walk_on_water_one_cm":9205,"minecraft:time_since_death":20019,"minecraft:climb_one_cm":2009,"minecraft:total_world_time":20019,"minecraft:fall_one_cm":11056}},"DataVersion":3120}