{"stats":{"minecraft:mined":{"minecraft:podzol":4,"farmersdelight:rich_soil":1,"minecraft:mossy_cobblestone":7,"farmersdelight:organic_compost":2,"minecraft:blackstone":1,"minecraft:orange_terracotta":1,"minecraft:basalt":1,"minecraft:dandelion":9,"minecraft:smooth_sandstone":6,"minecraft:clay":1,"minecraft:crafting_table":4,"minecraft:light_gray_terracotta":3,"minecraft:granite":7,"minecraft:red_sand":1,"minecraft:poppy":7,"minecraft:grass_block":2,"minecraft:melon":7,"minecraft:jungle_planks":1,"twilightforest:twilight_oak_log":45,"minecraft:jungle_log":12,"minecraft:cobblestone":6,"minecraft:spruce_leaves":7,"minecraft:oak_planks":2,"minecraft:moss_block":4,"minecraft:sandstone":5,"minecraft:rooted_dirt":1,"minecraft:large_fern":1,"minecraft:hay_block":11,"spelunkers_charm:rock_pile_3":1,"minecraft:lime_bed":3,"minecraft:coarse_dirt":3,"minecraft:furnace":2,"minecraft:iron_ore":15,"minecraft:grass":11,"minecraft:coal_ore":26,"minecraft:deepslate_iron_ore":1,"minecraft:vine":4,"minecraft:sand":9,"minecraft:dirt":8,"minecraft:terracotta":9,"twilightforest:canopy_log":7,"minecraft:stone":56,"minecraft:fern":7},"minecraft:killed_by":{"twilightforest:death_tome":1,"twilightforest:kobold":2},"minecraft:picked_up":{"farmersdelight:rich_soil":1,"minecraft:lime_bed":3,"minecraft:coarse_dirt":2,"minecraft:crafting_table":3,"minecraft:wheat":2,"minecraft:basalt":1,"twilightforest:twilight_oak_log":51,"minecraft:clay_ball":4,"minecraft:jungle_log":12,"minecraft:leather":1,"minecraft:dirt":13,"minecraft:moss_carpet":1,"minecraft:bone":1,"farmersdelight:organic_compost":2,"minecraft:smooth_sandstone":6,"minecraft:blackstone":1,"minecraft:apple":7,"minecraft:gold_nugget":1,"minecraft:wheat_seeds":1,"minecraft:red_sand":1,"minecraft:beef":8,"minecraft:written_book":1,"minecraft:poppy":7,"minecraft:moss_block":4,"minecraft:melon_slice":27,"minecraft:oak_planks":1,"minecraft:furnace":2,"minecraft:raw_iron":16,"minecraft:sandstone":5,"minecraft:dandelion":9,"minecraft:jungle_planks":10,"minecraft:sand":9,"twilightforest:canopy_log":56,"minecraft:mossy_cobblestone":5,"minecraft:light_gray_terracotta":1,"minecraft:rotten_flesh":6,"minecraft:cactus":2,"minecraft:diamond":11,"minecraft:tropical_fish":3,"minecraft:hay_block":11,"minecraft:granite":4,"minecraft:painting":1,"minecraft:gold_ingot":45,"minecraft:bread":12,"minecraft:terracotta":8,"spelunkers_charm:rock":3,"minecraft:coal":26,"minecraft:cobblestone":56},"minecraft:crafted":{"minecraft:cooked_beef":2,"minecraft:crafting_table":3,"minecraft:wooden_pickaxe":2,"minecraft:furnace":1,"minecraft:stone_axe":1,"minecraft:bread":31,"minecraft:air":0,"minecraft:jungle_planks":48,"minecraft:golden_leggings":1,"twilightforest:twilight_oak_planks":204,"minecraft:iron_axe":1,"minecraft:stick":28,"minecraft:iron_ingot":13,"minecraft:iron_pickaxe":1,"minecraft:stone_pickaxe":2,"twilightforest:canopy_planks":224,"minecraft:torch":56,"minecraft:golden_helmet":1,"minecraft:golden_boots":1,"minecraft:diamond_chestplate":1,"minecraft:wheat":99},"minecraft:used":{"minecraft:tropical_fish":3,"minecraft:stone_pickaxe":92,"minecraft:wooden_pickaxe":33,"minecraft:sandstone":5,"minecraft:mossy_cobblestone":5,"minecraft:torch":27,"minecraft:lime_bed":3,"minecraft:crafting_table":6,"minecraft:jungle_planks":11,"minecraft:iron_axe":36,"minecraft:bread":25,"minecraft:melon_slice":7,"minecraft:iron_pickaxe":80,"twilightforest:twilight_oak_planks":173,"minecraft:stone_axe":14,"minecraft:cobblestone":18,"minecraft:beef":6,"minecraft:furnace":3,"tombstone:gift":1,"minecraft:cooked_beef":2,"twilightforest:canopy_planks":108},"minecraft:dropped":{"minecraft:moss_block":2,"minecraft:coarse_dirt":1,"minecraft:cobblestone":21,"minecraft:clay_ball":1,"minecraft:poppy":7,"minecraft:dirt":8,"twilightforest:canopy_planks":72,"minecraft:cactus":2,"minecraft:dandelion":9},"minecraft:killed":{"minecraft:rabbit":1,"minecraft:cow":5},"minecraft:custom":{"minecraft:interact_with_furnace":15,"minecraft:mob_kills":6,"minecraft:interact_with_crafting_table":18,"minecraft:leave_game":2,"minecraft:time_since_death":8885,"minecraft:sleep_in_bed":3,"minecraft:climb_one_cm":7920,"minecraft:time_since_rest":6486,"minecraft:sprint_one_cm":255980,"minecraft:damage_taken":3918,"minecraft:walk_one_cm":261931,"minecraft:drop":19,"minecraft:damage_dealt":532,"minecraft:swim_one_cm":8033,"minecraft:fly_one_cm":435213,"minecraft:open_chest":3,"minecraft:crouch_one_cm":7610,"minecraft:play_time":100820,"minecraft:deaths":7,"minecraft:sneak_time":2975,"minecraft:walk_under_water_one_cm":8682,"minecraft:jump":2522,"minecraft:walk_on_water_one_cm":28925,"minecraft:total_world_time":100820,"minecraft:fall_one_cm":71030}},"DataVersion":3120}