{"stats":{"minecraft:mined":{"minecraft:blackstone":1,"minecraft:clay":1,"minecraft:crafting_table":3,"minecraft:grass_block":2,"minecraft:melon":2,"minecraft:jungle_log":12,"minecraft:moss_block":3,"minecraft:sandstone":5,"minecraft:hay_block":11,"spelunkers_charm:rock_pile_3":1,"minecraft:lime_bed":1,"minecraft:coarse_dirt":1,"minecraft:furnace":2,"minecraft:iron_ore":12,"minecraft:grass":3,"minecraft:coal_ore":8,"minecraft:deepslate_iron_ore":1,"minecraft:vine":4,"minecraft:sand":9,"minecraft:dirt":7,"minecraft:terracotta":9,"minecraft:stone":52,"minecraft:fern":3},"minecraft:picked_up":{"minecraft:lime_bed":1,"minecraft:coarse_dirt":1,"minecraft:crafting_table":2,"minecraft:clay_ball":4,"minecraft:jungle_log":12,"minecraft:leather":1,"minecraft:dirt":9,"minecraft:moss_carpet":1,"minecraft:blackstone":1,"minecraft:beef":8,"minecraft:moss_block":3,"minecraft:melon_slice":7,"minecraft:furnace":2,"minecraft:raw_iron":13,"minecraft:sandstone":5,"minecraft:sand":9,"minecraft:cactus":2,"minecraft:tropical_fish":3,"minecraft:hay_block":11,"minecraft:terracotta":8,"spelunkers_charm:rock":3,"minecraft:coal":8,"minecraft:cobblestone":49},"minecraft:crafted":{"minecraft:cooked_beef":2,"minecraft:crafting_table":3,"minecraft:wooden_pickaxe":2,"minecraft:furnace":1,"minecraft:stone_axe":1,"minecraft:air":0,"minecraft:jungle_planks":48,"minecraft:iron_axe":1,"minecraft:stick":20,"minecraft:iron_ingot":13,"minecraft:iron_pickaxe":1,"minecraft:stone_pickaxe":2,"minecraft:torch":20},"minecraft:used":{"minecraft:tropical_fish":3,"minecraft:stone_pickaxe":80,"minecraft:wooden_pickaxe":33,"minecraft:sandstone":5,"minecraft:crafting_table":5,"minecraft:iron_axe":16,"minecraft:bread":2,"minecraft:melon_slice":7,"minecraft:iron_pickaxe":9,"minecraft:stone_axe":14,"minecraft:beef":6,"minecraft:furnace":2,"minecraft:cooked_beef":2},"minecraft:dropped":{"minecraft:moss_block":2,"minecraft:coarse_dirt":1,"minecraft:clay_ball":1,"minecraft:dirt":8,"minecraft:cactus":2},"minecraft:killed":{"minecraft:rabbit":1,"minecraft:cow":5},"minecraft:custom":{"minecraft:interact_with_furnace":12,"minecraft:mob_kills":6,"minecraft:interact_with_crafting_table":12,"minecraft:leave_game":2,"minecraft:time_since_death":28820,"minecraft:climb_one_cm":2910,"minecraft:time_since_rest":28820,"minecraft:sprint_one_cm":60141,"minecraft:damage_taken":480,"minecraft:walk_one_cm":74294,"minecraft:drop":14,"minecraft:damage_dealt":530,"minecraft:swim_one_cm":3824,"minecraft:fly_one_cm":118800,"minecraft:open_chest":2,"minecraft:crouch_one_cm":944,"minecraft:play_time":28820,"minecraft:sneak_time":728,"minecraft:walk_under_water_one_cm":5661,"minecraft:jump":694,"minecraft:walk_on_water_one_cm":15644,"minecraft:total_world_time":28820,"minecraft:fall_one_cm":17944}},"DataVersion":3120}