{"stats":{"minecraft:mined":{"minecraft:grass":2,"minecraft:grass_block":2,"minecraft:coarse_dirt":1,"minecraft:vine":4,"minecraft:jungle_log":12,"minecraft:dirt":6,"minecraft:stone":13,"minecraft:moss_block":2,"minecraft:clay":1},"minecraft:crafted":{"minecraft:crafting_table":1,"minecraft:stick":12,"minecraft:wooden_pickaxe":2,"minecraft:jungle_planks":48},"minecraft:used":{"minecraft:crafting_table":1,"minecraft:wooden_pickaxe":32},"minecraft:dropped":{"minecraft:coarse_dirt":1},"minecraft:picked_up":{"minecraft:coarse_dirt":1,"minecraft:clay_ball":4,"minecraft:jungle_log":12,"minecraft:moss_block":2,"minecraft:dirt":8,"minecraft:cobblestone":12},"minecraft:custom":{"minecraft:time_since_rest":8019,"minecraft:crouch_one_cm":180,"minecraft:play_time":8019,"minecraft:sprint_one_cm":19532,"minecraft:damage_taken":150,"minecraft:walk_one_cm":10314,"minecraft:sneak_time":39,"minecraft:walk_under_water_one_cm":53,"minecraft:drop":1,"minecraft:jump":200,"minecraft:leave_game":1,"minecraft:time_since_death":8019,"minecraft:walk_on_water_one_cm":4179,"minecraft:total_world_time":8019,"minecraft:climb_one_cm":1795,"minecraft:swim_one_cm":324,"minecraft:interact_with_crafting_table":2,"minecraft:fly_one_cm":47388,"minecraft:fall_one_cm":5261}},"DataVersion":3120}