{"stats":{"minecraft:used":{"minecraft:moss_block":298,"minecraft:oak_planks":34,"minecraft:diamond_axe":57,"minecraft:cobblestone_slab":191,"minecraft:torch":7,"minecraft:dirt":24,"minecraft:blast_furnace":2,"minecraft:diamond_pickaxe":529,"minecraft:diamond_shovel":219,"minecraft:mossy_cobblestone_slab":2,"minecraft:diamond_chestplate":1,"minecraft:diamond_sword":9,"minecraft:cobblestone":2,"minecraft:smithing_table":1,"minecraft:egg":4,"minecraft:bone_meal":2,"the_silence:sad_satan":4},"minecraft:dropped":{"minecraft:cobblestone":262,"minecraft:cobblestone_slab":2},"minecraft:crafted":{"minecraft:smooth_stone":6,"minecraft:oak_planks":20,"minecraft:cobblestone_slab":138,"minecraft:diamond_axe":1,"minecraft:smithing_table":1,"minecraft:furnace":2,"minecraft:blast_furnace":2,"minecraft:stone":6,"minecraft:diamond_shovel":1,"minecraft:air":0,"minecraft:diamond_pickaxe":4,"minecraft:stick":12,"minecraft:netherite_ingot":17,"minecraft:netherite_scrap":71,"minecraft:diamond_chestplate":2},"minecraft:killed":{"minecraft:zombie":1},"minecraft:killed_by":{"midnightlurker:void_hands":2,"boh:simonhenriksson":2,"the_silence:the_silence_principal":1,"man:managgresive":1,"sanitydim:sneaking_terror":1,"minecraft:player":1,"autizmzrake:rake":3,"midnightlurker:midnight_lurker_unprovoked":2},"minecraft:picked_up":{"minecraft:mud":33,"minecraft:mossy_cobblestone_slab":3,"minecraft:clay_ball":52,"minecraft:andesite":15,"minecraft:oak_log":29,"minecraft:ancient_debris":5,"minecraft:amethyst_block":18,"minecraft:moss_carpet":3,"minecraft:dirt":114,"minecraft:raw_copper":116,"minecraft:soul_soil":5,"minecraft:blackstone":14,"minecraft:wheat_seeds":6,"minecraft:gold_nugget":30,"minecraft:cobbled_deepslate":28,"minecraft:raw_gold":23,"minecraft:rabbit_hide":2,"minecraft:cobblestone_slab":77,"minecraft:glowstone_dust":30,"minecraft:moss_block":49,"minecraft:flowering_azalea":3,"minecraft:pitcher_pod":1,"minecraft:soul_sand":7,"minecraft:egg":4,"minecraft:raw_iron":51,"minecraft:quartz":2,"minecraft:torch":7,"minecraft:torchflower_seeds":1,"the_silence:sad_satan":17,"minecraft:diorite":16,"minecraft:redstone":108,"minecraft:prismarine_crystals":3,"minecraft:diamond":21,"minecraft:diamond_axe":1,"minecraft:granite":16,"minecraft:bone_meal":128,"minecraft:oak_sapling":1,"minecraft:emerald":21,"minecraft:rooted_dirt":1,"minecraft:netherrack":20,"minecraft:obsidian":18,"minecraft:coal":29,"minecraft:cobblestone":118,"minecraft:diamond_pickaxe":3},"minecraft:custom":{"minecraft:interact_with_smithing_table":9,"minecraft:interact_with_furnace":16,"minecraft:mob_kills":1,"minecraft:animals_bred":7,"minecraft:interact_with_crafting_table":21,"minecraft:damage_dealt_resisted":858,"minecraft:leave_game":3,"minecraft:time_since_death":2822,"minecraft:sleep_in_bed":8,"minecraft:time_since_rest":2845,"minecraft:damage_taken":8610,"minecraft:sprint_one_cm":380029,"minecraft:walk_one_cm":356980,"minecraft:drop":10,"minecraft:damage_dealt":1371,"minecraft:swim_one_cm":31097,"minecraft:talked_to_villager":9,"minecraft:fly_one_cm":751809,"minecraft:open_chest":198,"minecraft:crouch_one_cm":104856,"minecraft:play_time":170791,"minecraft:deaths":34,"minecraft:sneak_time":24586,"minecraft:walk_under_water_one_cm":36627,"minecraft:jump":1529,"minecraft:interact_with_blast_furnace":9,"minecraft:walk_on_water_one_cm":16420,"minecraft:total_world_time":170791,"minecraft:fall_one_cm":24599},"minecraft:mined":{"minecraft:nether_gold_ore":9,"minecraft:deepslate_redstone_ore":18,"minecraft:flowering_azalea":1,"minecraft:blackstone":14,"minecraft:soul_sand":8,"minecraft:deepslate_diamond_ore":16,"minecraft:crimson_nylium":4,"the_silence:sad_satan":17,"minecraft:sea_lantern":1,"minecraft:obsidian":6,"minecraft:clay":11,"minecraft:torch":1,"minecraft:granite":16,"minecraft:grass_block":276,"immersive_weathering:rooted_grass_block":1,"minecraft:tall_grass":4,"minecraft:nether_quartz_ore":2,"minecraft:soul_soil":4,"minecraft:cobblestone":9,"minecraft:deepslate_coal_ore":25,"minecraft:spruce_leaves":20,"minecraft:deepslate_gold_ore":24,"minecraft:moss_block":53,"minecraft:sculk":17,"minecraft:diorite":14,"minecraft:amethyst_block":15,"minecraft:deepslate_copper_ore":18,"minecraft:warped_nylium":7,"minecraft:mossy_cobblestone_slab":1,"minecraft:glowstone":7,"minecraft:carrots":1,"minecraft:mud":28,"minecraft:andesite":7,"minecraft:moss_carpet":1,"minecraft:grass":12,"minecraft:oak_log":29,"minecraft:deepslate_iron_ore":32,"minecraft:cobblestone_slab":4,"minecraft:dirt_path":6,"immersive_weathering:loam":1,"minecraft:dirt":2,"minecraft:stone":46,"minecraft:netherrack":4,"minecraft:ancient_debris":3,"minecraft:oak_leaves":21,"minecraft:deepslate_emerald_ore":14,"minecraft:deepslate":20}},"DataVersion":3465}