{"stats":{"minecraft:used":{"minecraft:moss_block":298,"minecraft:water_bucket":13,"minecraft:oak_planks":34,"minecraft:chest":1,"minecraft:diamond_axe":64,"minecraft:cobblestone_slab":192,"minecraft:torch":9,"minecraft:dirt":24,"minecraft:blast_furnace":2,"minecraft:diamond_pickaxe":529,"minecraft:diamond_shovel":219,"minecraft:mossy_cobblestone_slab":3,"minecraft:diamond_chestplate":1,"minecraft:diamond_sword":9,"minecraft:cobblestone":8,"minecraft:smithing_table":1,"minecraft:bucket":12,"minecraft:egg":4,"minecraft:bone_meal":2,"the_silence:sad_satan":4},"minecraft:dropped":{"minecraft:cobblestone":262,"minecraft:cobblestone_slab":2,"minecraft:torch":37},"minecraft:crafted":{"minecraft:smooth_stone":6,"minecraft:oak_planks":20,"minecraft:cobblestone_slab":138,"minecraft:diamond_axe":1,"minecraft:smithing_table":1,"minecraft:furnace":2,"minecraft:blast_furnace":2,"minecraft:bucket":1,"minecraft:stone":6,"minecraft:diamond_shovel":1,"minecraft:air":0,"minecraft:diamond_pickaxe":4,"minecraft:stick":12,"minecraft:netherite_ingot":17,"minecraft:netherite_scrap":71,"minecraft:diamond_chestplate":2},"minecraft:killed":{"minecraft:zombie":1},"minecraft:killed_by":{"midnightlurker:void_hands":2,"boh:simonhenriksson":3,"the_silence:the_silence_principal":1,"man:managgresive":1,"sanitydim:sneaking_terror":1,"minecraft:player":1,"minecraft:skeleton":2,"autizmzrake:rake":3,"midnightlurker:midnight_lurker_stare":1,"midnightlurker:midnight_lurker_unprovoked":2},"minecraft:picked_up":{"minecraft:mud":33,"minecraft:mossy_cobblestone_slab":4,"minecraft:water_bucket":4,"minecraft:clay_ball":52,"minecraft:andesite":16,"minecraft:oak_stairs":8,"minecraft:oak_log":501,"minecraft:ancient_debris":5,"minecraft:shield":1,"minecraft:wooden_hoe":1,"minecraft:amethyst_block":104,"minecraft:oak_trapdoor":2,"minecraft:moss_carpet":3,"minecraft:dirt":114,"minecraft:raw_copper":116,"minecraft:soul_soil":5,"minecraft:blackstone":14,"minecraft:wheat_seeds":6,"minecraft:gold_nugget":30,"minecraft:cobbled_deepslate":28,"minecraft:raw_gold":23,"minecraft:rabbit_hide":2,"minecraft:cobblestone_slab":78,"minecraft:glowstone_dust":30,"minecraft:moss_block":49,"minecraft:chest":1,"minecraft:flowering_azalea":3,"minecraft:pitcher_pod":1,"minecraft:soul_sand":7,"minecraft:raw_copper_block":6,"minecraft:egg":4,"minecraft:stick":3,"minecraft:raw_iron":51,"minecraft:copper_ingot":1,"minecraft:dandelion":1,"minecraft:oak_fence":76,"minecraft:quartz":2,"minecraft:torch":116,"minecraft:torchflower_seeds":3,"the_silence:sad_satan":17,"minecraft:spruce_sapling":3,"minecraft:diorite":16,"minecraft:spruce_log":43,"minecraft:redstone":108,"minecraft:prismarine_crystals":3,"minecraft:rotten_flesh":2,"minecraft:sugar":3,"minecraft:diamond":21,"minecraft:diamond_axe":4,"minecraft:granite":16,"minecraft:bone_meal":128,"minecraft:oak_sapling":7,"minecraft:emerald":82,"minecraft:rooted_dirt":1,"minecraft:netherrack":20,"minecraft:obsidian":18,"minecraft:coal":29,"minecraft:oxeye_daisy":2,"minecraft:cobblestone":142,"minecraft:diamond_pickaxe":6},"minecraft:custom":{"minecraft:interact_with_smithing_table":9,"minecraft:interact_with_furnace":16,"minecraft:mob_kills":2,"minecraft:animals_bred":7,"minecraft:interact_with_crafting_table":22,"minecraft:damage_dealt_resisted":858,"minecraft:leave_game":3,"minecraft:time_since_death":1559,"minecraft:sleep_in_bed":8,"minecraft:time_since_rest":1589,"minecraft:damage_taken":9670,"minecraft:sprint_one_cm":426746,"minecraft:walk_one_cm":397613,"minecraft:drop":11,"minecraft:damage_dealt":1835,"minecraft:swim_one_cm":35274,"minecraft:talked_to_villager":9,"minecraft:fly_one_cm":780241,"minecraft:open_chest":204,"minecraft:crouch_one_cm":113582,"minecraft:play_time":182791,"minecraft:deaths":38,"minecraft:sneak_time":26785,"minecraft:walk_under_water_one_cm":40410,"minecraft:jump":1685,"minecraft:interact_with_blast_furnace":9,"minecraft:walk_on_water_one_cm":24530,"minecraft:total_world_time":182791,"minecraft:fall_one_cm":26699},"minecraft:mined":{"minecraft:nether_gold_ore":9,"minecraft:deepslate_redstone_ore":18,"minecraft:flowering_azalea":1,"minecraft:blackstone":14,"minecraft:soul_sand":8,"minecraft:deepslate_diamond_ore":16,"minecraft:crimson_nylium":4,"the_silence:sad_satan":17,"minecraft:sea_lantern":1,"minecraft:obsidian":6,"minecraft:clay":11,"minecraft:torch":1,"minecraft:granite":16,"minecraft:grass_block":276,"immersive_weathering:rooted_grass_block":1,"minecraft:tall_grass":4,"minecraft:nether_quartz_ore":2,"minecraft:soul_soil":4,"minecraft:cobblestone":9,"minecraft:deepslate_coal_ore":25,"minecraft:spruce_leaves":20,"minecraft:deepslate_gold_ore":24,"minecraft:moss_block":53,"minecraft:sculk":17,"minecraft:diorite":14,"minecraft:amethyst_block":15,"minecraft:deepslate_copper_ore":18,"minecraft:warped_nylium":7,"minecraft:mossy_cobblestone_slab":1,"minecraft:glowstone":7,"minecraft:carrots":1,"minecraft:mud":28,"minecraft:andesite":7,"minecraft:moss_carpet":1,"minecraft:grass":12,"minecraft:oak_log":29,"minecraft:deepslate_iron_ore":32,"minecraft:cobblestone_slab":4,"minecraft:dirt_path":6,"immersive_weathering:loam":1,"minecraft:dirt":2,"minecraft:stone":46,"minecraft:netherrack":4,"minecraft:ancient_debris":3,"minecraft:oak_leaves":21,"minecraft:deepslate_emerald_ore":14,"minecraft:deepslate":20}},"DataVersion":3465}