{"stats":{"minecraft:used":{"minecraft:oak_trapdoor":24,"minecraft:moss_block":298,"minecraft:moss_carpet":3,"minecraft:enchanting_table":2,"minecraft:chest":1,"minecraft:torch":23,"minecraft:brewing_stand":1,"minecraft:dirt":25,"minecraft:lava_bucket":1,"minecraft:bookshelf":4,"minecraft:mossy_cobblestone_slab":3,"minecraft:diamond_chestplate":1,"minecraft:glowstone":9,"minecraft:bow":1,"minecraft:written_book":8,"endofherobrine:herobrine_head":1,"minecraft:egg":8,"boh:killer_knife":3,"minecraft:water_bucket":33,"minecraft:oak_planks":42,"minecraft:cobblestone_slab":361,"minecraft:diamond_axe":188,"minecraft:blast_furnace":2,"minecraft:white_bed":1,"minecraft:campfire":6,"minecraft:diamond_pickaxe":544,"minecraft:diamond_shovel":219,"minecraft:golden_helmet":3,"minecraft:diamond_sword":9,"minecraft:cobblestone":39,"minecraft:chainmail_boots":2,"minecraft:smithing_table":1,"minecraft:bucket":34,"the_silence:sad_satan":75,"minecraft:bone_meal":2},"minecraft:dropped":{"minecraft:moss_block":1,"minecraft:diamond_axe":1,"minecraft:golden_helmet":1,"minecraft:cobblestone":294,"minecraft:torch":38,"minecraft:gold_ingot":16,"boh:wf_pistol":1,"minecraft:diamond_sword":1,"minecraft:cobblestone_slab":100,"boh:the_great_knife":1,"minecraft:diamond_pickaxe":1,"minecraft:written_book":2},"minecraft:crafted":{"minecraft:smooth_stone":9,"minecraft:oak_planks":136,"minecraft:cobblestone_slab":306,"minecraft:smooth_stone_slab":6,"minecraft:furnace":2,"minecraft:blast_furnace":2,"minecraft:stone":9,"minecraft:diamond_shovel":1,"minecraft:bookshelf":4,"minecraft:diamond_helmet":1,"minecraft:diamond_leggings":1,"minecraft:leather":38,"minecraft:diamond_boots":1,"minecraft:netherite_scrap":71,"minecraft:golden_helmet":1,"minecraft:sugar":12,"minecraft:diamond_axe":1,"minecraft:enchanting_table":1,"minecraft:baked_potato":69,"minecraft:smithing_table":1,"minecraft:bucket":3,"minecraft:brewing_stand":1,"minecraft:campfire":6,"minecraft:glowstone":18,"minecraft:air":0,"minecraft:book":31,"minecraft:paper":138,"minecraft:diamond_pickaxe":5,"minecraft:charcoal":126,"minecraft:stick":12,"minecraft:fermented_spider_eye":1,"minecraft:gold_ingot":2,"minecraft:netherite_ingot":17,"minecraft:diamond_chestplate":3},"minecraft:killed":{"minecraft:witch":2,"minecraft:spider":5,"minecraft:skeleton":1,"minecraft:creeper":1,"minecraft:zombie":2,"minecraft:blaze":2},"minecraft:killed_by":{"the_silence:the_silence_principal":1,"midnightlurker:midnight_lurker_backturned":1,"minecraft:player":5,"the_anomaly:anomaly_attack_crawl":3,"the_anomaly:anomaly_attack":1,"sanitydim:rotting_stalker":1,"shut_your_eyes:agony":1,"midnightlurker:void_hands":3,"man:managgresive":3,"boh:simonhenriksson":4,"sanitydim:sneaking_terror":1,"minecraft:piglin":1,"minecraft:skeleton":3,"minecraft:witch":4,"autizmzrake:rake":3,"midnightlurker:midnight_lurker_stare":1,"midnightlurker:midnight_lurker_unprovoked":2},"minecraft:picked_up":{"minecraft:mud":33,"minecraft:charcoal":4,"minecraft:chainmail_boots":2,"minecraft:clay_ball":60,"minecraft:brown_mushroom":2,"minecraft:diamond_sword":1,"minecraft:oak_stairs":8,"minecraft:shield":1,"minecraft:amethyst_block":104,"minecraft:string":6,"minecraft:oak_trapdoor":25,"minecraft:raw_copper":120,"minecraft:moss_carpet":8,"minecraft:soul_soil":5,"minecraft:blackstone":14,"minecraft:gold_nugget":30,"minecraft:cobbled_deepslate":29,"minecraft:bucket":7,"minecraft:oak_boat":2,"minecraft:cobblestone_slab":158,"minecraft:written_book":4,"minecraft:sugar_cane":14,"minecraft:chest":1,"minecraft:raw_copper_block":6,"minecraft:egg":8,"minecraft:golden_helmet":2,"minecraft:stick":13,"minecraft:raw_iron":54,"minecraft:copper_ingot":1,"minecraft:oak_fence":76,"minecraft:torch":172,"the_silence:sad_satan":32,"minecraft:diorite":16,"minecraft:redstone":108,"minecraft:prismarine_crystals":3,"minecraft:arrow":3,"minecraft:rotten_flesh":9,"endofherobrine:herobrine_head":1,"minecraft:glowstone":15,"minecraft:gold_ingot":25,"minecraft:blaze_rod":2,"minecraft:obsidian":19,"minecraft:cobblestone":231,"minecraft:oxeye_daisy":2,"minecraft:enchanting_table":1,"minecraft:mossy_cobblestone_slab":4,"minecraft:water_bucket":4,"minecraft:andesite":19,"boh:wf_pistol":3,"minecraft:oak_log":501,"minecraft:ancient_debris":6,"minecraft:gunpowder":2,"minecraft:wooden_hoe":1,"minecraft:dirt":119,"minecraft:bone":4,"boh:the_great_knife":2,"minecraft:wheat_seeds":6,"minecraft:raw_gold":24,"minecraft:rabbit_hide":6,"minecraft:glowstone_dust":61,"minecraft:moss_block":53,"minecraft:pitcher_pod":1,"minecraft:oak_planks":9,"minecraft:flowering_azalea":3,"minecraft:soul_sand":8,"immersive_weathering:soot":5,"minecraft:quartz":2,"minecraft:dandelion":1,"minecraft:torchflower_seeds":3,"minecraft:spruce_sapling":3,"minecraft:white_bed":2,"minecraft:spruce_log":43,"minecraft:spider_eye":2,"minecraft:sugar":3,"minecraft:slime_ball":6,"minecraft:diamond":22,"minecraft:stone_axe":1,"minecraft:cherry_sapling":2,"minecraft:granite":16,"minecraft:diamond_axe":9,"minecraft:bone_meal":128,"minecraft:emerald":84,"minecraft:bread":7,"minecraft:rooted_dirt":1,"minecraft:oak_sapling":7,"minecraft:netherrack":20,"minecraft:coal":29,"minecraft:diamond_pickaxe":8},"minecraft:custom":{"minecraft:interact_with_smithing_table":9,"minecraft:mob_kills":15,"minecraft:animals_bred":7,"minecraft:inspect_hopper":1,"minecraft:interact_with_crafting_table":50,"minecraft:damage_dealt_resisted":4841,"minecraft:leave_game":15,"minecraft:time_since_death":2953,"minecraft:sprint_one_cm":871228,"minecraft:walk_one_cm":735939,"minecraft:drop":33,"minecraft:talked_to_villager":9,"minecraft:play_time":433377,"minecraft:sneak_time":49551,"minecraft:deaths":87,"minecraft:walk_under_water_one_cm":110920,"minecraft:boat_one_cm":5929,"minecraft:interact_with_brewingstand":2,"minecraft:jump":3523,"minecraft:interact_with_blast_furnace":20,"minecraft:walk_on_water_one_cm":67818,"minecraft:total_world_time":433377,"minecraft:interact_with_furnace":33,"minecraft:sleep_in_bed":15,"minecraft:time_since_rest":3006,"minecraft:damage_taken":23613,"minecraft:damage_dealt":6548,"minecraft:swim_one_cm":126013,"minecraft:fly_one_cm":2490339,"minecraft:player_kills":5,"minecraft:open_chest":434,"minecraft:crouch_one_cm":198340,"minecraft:fall_one_cm":51636},"minecraft:mined":{"minecraft:nether_gold_ore":9,"minecraft:white_bed":2,"minecraft:deepslate_diamond_ore":16,"endofherobrine:herobrine_head":1,"the_silence:sad_satan":20,"minecraft:sea_lantern":2,"minecraft:obsidian":6,"minecraft:granite":16,"minecraft:grass_block":276,"minecraft:soul_soil":4,"minecraft:spruce_leaves":20,"minecraft:moss_block":60,"minecraft:oak_trapdoor":2,"minecraft:mossy_cobblestone_slab":1,"minecraft:glowstone":7,"minecraft:carrots":1,"minecraft:andesite":10,"minecraft:moss_carpet":4,"minecraft:enchanting_table":1,"minecraft:dirt_path":6,"minecraft:deepslate_iron_ore":32,"minecraft:cobblestone_slab":10,"immersive_weathering:loam":1,"minecraft:stone":46,"minecraft:deepslate_redstone_ore":18,"minecraft:flowering_azalea":1,"minecraft:blackstone":14,"minecraft:soul_sand":8,"minecraft:crimson_nylium":4,"minecraft:clay":12,"minecraft:torch":2,"immersive_weathering:rooted_grass_block":1,"minecraft:campfire":3,"minecraft:nether_quartz_ore":2,"minecraft:tall_grass":4,"minecraft:cobblestone":9,"minecraft:deepslate_coal_ore":25,"minecraft:deepslate_gold_ore":24,"minecraft:sugar_cane":11,"minecraft:oak_planks":4,"minecraft:sculk":17,"minecraft:diorite":14,"minecraft:amethyst_block":15,"minecraft:deepslate_copper_ore":18,"minecraft:warped_nylium":7,"minecraft:mud":28,"minecraft:grass":12,"minecraft:oak_log":29,"minecraft:dirt":3,"minecraft:netherrack":4,"minecraft:ancient_debris":3,"minecraft:deepslate_emerald_ore":14,"minecraft:oak_leaves":21,"minecraft:deepslate":20}},"DataVersion":3465}