{"stats":{"minecraft:killed":{"minecraft:zombie":1},"minecraft:used":{"minecraft:oak_planks":34,"minecraft:cobblestone_slab":189,"minecraft:torch":7,"minecraft:dirt":24,"minecraft:diamond_pickaxe":478,"minecraft:diamond_shovel":219,"minecraft:mossy_cobblestone_slab":1,"minecraft:diamond_sword":9,"minecraft:cobblestone":1,"minecraft:egg":2,"the_silence:sad_satan":1},"minecraft:killed_by":{"man:managgresive":1,"sanitydim:sneaking_terror":1,"minecraft:player":1,"midnightlurker:midnight_lurker_unprovoked":1},"minecraft:custom":{"minecraft:mob_kills":1,"minecraft:animals_bred":3,"minecraft:interact_with_crafting_table":8,"minecraft:damage_dealt_resisted":532,"minecraft:leave_game":3,"minecraft:time_since_death":4574,"minecraft:sleep_in_bed":5,"minecraft:time_since_rest":4598,"minecraft:sprint_one_cm":201922,"minecraft:damage_taken":2528,"minecraft:walk_one_cm":197991,"minecraft:drop":6,"minecraft:damage_dealt":491,"minecraft:swim_one_cm":8728,"minecraft:talked_to_villager":5,"minecraft:fly_one_cm":167148,"minecraft:open_chest":67,"minecraft:crouch_one_cm":58595,"minecraft:play_time":90405,"minecraft:sneak_time":13532,"minecraft:deaths":10,"minecraft:walk_under_water_one_cm":23876,"minecraft:jump":873,"minecraft:walk_on_water_one_cm":6095,"minecraft:total_world_time":90405,"minecraft:fall_one_cm":13605},"minecraft:dropped":{"minecraft:cobblestone":36,"minecraft:cobblestone_slab":2},"minecraft:mined":{"minecraft:nether_gold_ore":9,"minecraft:deepslate_redstone_ore":16,"minecraft:blackstone":13,"minecraft:soul_sand":8,"minecraft:deepslate_diamond_ore":15,"minecraft:crimson_nylium":4,"the_silence:sad_satan":15,"minecraft:obsidian":4,"minecraft:clay":5,"minecraft:torch":1,"minecraft:granite":14,"minecraft:grass_block":259,"immersive_weathering:rooted_grass_block":1,"minecraft:nether_quartz_ore":2,"minecraft:soul_soil":3,"minecraft:cobblestone":9,"minecraft:deepslate_coal_ore":20,"minecraft:spruce_leaves":17,"minecraft:deepslate_gold_ore":22,"minecraft:moss_block":21,"minecraft:sculk":11,"minecraft:diorite":14,"minecraft:amethyst_block":13,"minecraft:deepslate_copper_ore":16,"minecraft:warped_nylium":6,"minecraft:mossy_cobblestone_slab":1,"minecraft:glowstone":4,"minecraft:mud":22,"minecraft:andesite":5,"minecraft:oak_log":25,"minecraft:deepslate_iron_ore":29,"minecraft:cobblestone_slab":4,"minecraft:dirt_path":6,"immersive_weathering:loam":1,"minecraft:dirt":2,"minecraft:stone":43,"minecraft:ancient_debris":1,"minecraft:netherrack":4,"minecraft:oak_leaves":17,"minecraft:deepslate_emerald_ore":11,"minecraft:deepslate":19},"minecraft:crafted":{"minecraft:oak_planks":8,"minecraft:cobblestone_slab":138,"minecraft:diamond_shovel":1,"minecraft:diamond_pickaxe":2,"minecraft:stick":8},"minecraft:picked_up":{"minecraft:mud":19,"minecraft:mossy_cobblestone_slab":1,"minecraft:clay_ball":20,"minecraft:andesite":5,"minecraft:oak_log":21,"minecraft:ancient_debris":1,"minecraft:amethyst_block":8,"minecraft:dirt":94,"minecraft:soul_soil":3,"minecraft:raw_copper":61,"minecraft:blackstone":12,"minecraft:gold_nugget":20,"minecraft:cobbled_deepslate":14,"minecraft:raw_gold":15,"minecraft:rabbit_hide":2,"minecraft:cobblestone_slab":75,"minecraft:glowstone_dust":8,"minecraft:moss_block":18,"minecraft:soul_sand":7,"minecraft:egg":2,"minecraft:raw_iron":25,"minecraft:quartz":2,"minecraft:torch":7,"the_silence:sad_satan":14,"minecraft:diorite":14,"minecraft:redstone":52,"minecraft:diamond":14,"minecraft:granite":10,"minecraft:emerald":9,"minecraft:rooted_dirt":1,"minecraft:netherrack":14,"minecraft:obsidian":4,"minecraft:coal":18,"minecraft:cobblestone":94,"minecraft:diamond_pickaxe":2}},"DataVersion":3465}