{"stats":{"minecraft:used":{"minecraft:moss_block":298,"minecraft:chest":1,"minecraft:torch":23,"minecraft:dirt":24,"minecraft:lava_bucket":1,"minecraft:mossy_cobblestone_slab":3,"minecraft:diamond_chestplate":1,"minecraft:glowstone":9,"minecraft:egg":4,"minecraft:water_bucket":14,"minecraft:oak_planks":34,"minecraft:diamond_axe":75,"minecraft:cobblestone_slab":192,"minecraft:blast_furnace":2,"minecraft:diamond_pickaxe":529,"minecraft:diamond_shovel":219,"minecraft:diamond_sword":9,"minecraft:cobblestone":26,"minecraft:chainmail_boots":2,"minecraft:smithing_table":1,"minecraft:bucket":15,"the_silence:sad_satan":4,"minecraft:bone_meal":2},"minecraft:dropped":{"minecraft:cobblestone":262,"minecraft:torch":37,"minecraft:cobblestone_slab":2},"minecraft:crafted":{"minecraft:smooth_stone":6,"minecraft:oak_planks":20,"minecraft:cobblestone_slab":138,"minecraft:furnace":2,"minecraft:blast_furnace":2,"minecraft:stone":6,"minecraft:diamond_shovel":1,"minecraft:netherite_scrap":71,"minecraft:diamond_axe":1,"minecraft:smithing_table":1,"minecraft:bucket":1,"minecraft:glowstone":18,"minecraft:air":0,"minecraft:diamond_pickaxe":4,"minecraft:stick":12,"minecraft:netherite_ingot":17,"minecraft:diamond_chestplate":2},"minecraft:killed":{"minecraft:witch":1,"minecraft:spider":2,"minecraft:zombie":1},"minecraft:killed_by":{"the_silence:the_silence_principal":1,"minecraft:player":1,"the_anomaly:anomaly_attack_crawl":1,"the_anomaly:anomaly_attack":1,"midnightlurker:void_hands":2,"man:managgresive":1,"boh:simonhenriksson":3,"sanitydim:sneaking_terror":1,"minecraft:skeleton":2,"minecraft:witch":4,"autizmzrake:rake":3,"midnightlurker:midnight_lurker_stare":1,"midnightlurker:midnight_lurker_unprovoked":2},"minecraft:picked_up":{"minecraft:mud":33,"minecraft:chainmail_boots":2,"minecraft:clay_ball":52,"minecraft:oak_stairs":8,"minecraft:shield":1,"minecraft:amethyst_block":104,"minecraft:oak_trapdoor":2,"minecraft:moss_carpet":3,"minecraft:soul_soil":5,"minecraft:raw_copper":116,"minecraft:blackstone":14,"minecraft:gold_nugget":30,"minecraft:cobbled_deepslate":28,"minecraft:bucket":1,"minecraft:cobblestone_slab":78,"minecraft:chest":1,"minecraft:raw_copper_block":6,"minecraft:egg":4,"minecraft:stick":3,"minecraft:raw_iron":51,"minecraft:copper_ingot":1,"minecraft:oak_fence":76,"minecraft:torch":169,"the_silence:sad_satan":17,"minecraft:diorite":16,"minecraft:redstone":108,"minecraft:prismarine_crystals":3,"minecraft:arrow":3,"minecraft:rotten_flesh":9,"minecraft:glowstone":15,"minecraft:obsidian":18,"minecraft:cobblestone":142,"minecraft:oxeye_daisy":2,"minecraft:mossy_cobblestone_slab":4,"minecraft:water_bucket":4,"minecraft:andesite":16,"minecraft:oak_log":501,"minecraft:ancient_debris":5,"minecraft:gunpowder":2,"minecraft:wooden_hoe":1,"minecraft:dirt":114,"minecraft:bone":2,"minecraft:wheat_seeds":6,"minecraft:raw_gold":23,"minecraft:rabbit_hide":6,"minecraft:glowstone_dust":57,"minecraft:moss_block":49,"minecraft:soul_sand":7,"minecraft:pitcher_pod":1,"minecraft:flowering_azalea":3,"minecraft:quartz":2,"minecraft:dandelion":1,"minecraft:torchflower_seeds":3,"minecraft:spruce_sapling":3,"minecraft:spruce_log":43,"minecraft:sugar":3,"minecraft:slime_ball":3,"minecraft:diamond":21,"minecraft:granite":16,"minecraft:diamond_axe":4,"minecraft:bone_meal":128,"minecraft:emerald":82,"minecraft:rooted_dirt":1,"minecraft:oak_sapling":7,"minecraft:netherrack":20,"minecraft:coal":29,"minecraft:diamond_pickaxe":6},"minecraft:custom":{"minecraft:interact_with_smithing_table":9,"minecraft:mob_kills":5,"minecraft:animals_bred":7,"minecraft:interact_with_crafting_table":23,"minecraft:damage_dealt_resisted":899,"minecraft:leave_game":3,"minecraft:time_since_death":1845,"minecraft:sprint_one_cm":484775,"minecraft:walk_one_cm":430771,"minecraft:drop":11,"minecraft:talked_to_villager":9,"minecraft:play_time":194791,"minecraft:deaths":44,"minecraft:sneak_time":28782,"minecraft:walk_under_water_one_cm":45823,"minecraft:jump":1953,"minecraft:interact_with_blast_furnace":9,"minecraft:walk_on_water_one_cm":29947,"minecraft:total_world_time":194791,"minecraft:interact_with_furnace":16,"minecraft:sleep_in_bed":9,"minecraft:time_since_rest":1875,"minecraft:damage_taken":11742,"minecraft:damage_dealt":3009,"minecraft:swim_one_cm":42923,"minecraft:fly_one_cm":814996,"minecraft:open_chest":216,"minecraft:crouch_one_cm":122211,"minecraft:fall_one_cm":35944},"minecraft:mined":{"minecraft:nether_gold_ore":9,"minecraft:deepslate_diamond_ore":16,"the_silence:sad_satan":17,"minecraft:sea_lantern":1,"minecraft:obsidian":6,"minecraft:granite":16,"minecraft:grass_block":276,"minecraft:soul_soil":4,"minecraft:spruce_leaves":20,"minecraft:moss_block":53,"minecraft:mossy_cobblestone_slab":1,"minecraft:carrots":1,"minecraft:glowstone":7,"minecraft:andesite":7,"minecraft:moss_carpet":1,"minecraft:dirt_path":6,"minecraft:cobblestone_slab":4,"minecraft:deepslate_iron_ore":32,"immersive_weathering:loam":1,"minecraft:stone":46,"minecraft:deepslate_redstone_ore":18,"minecraft:flowering_azalea":1,"minecraft:soul_sand":8,"minecraft:blackstone":14,"minecraft:crimson_nylium":4,"minecraft:clay":11,"minecraft:torch":1,"immersive_weathering:rooted_grass_block":1,"minecraft:nether_quartz_ore":2,"minecraft:tall_grass":4,"minecraft:cobblestone":9,"minecraft:deepslate_coal_ore":25,"minecraft:deepslate_gold_ore":24,"minecraft:sculk":17,"minecraft:diorite":14,"minecraft:amethyst_block":15,"minecraft:deepslate_copper_ore":18,"minecraft:warped_nylium":7,"minecraft:mud":28,"minecraft:grass":12,"minecraft:oak_log":29,"minecraft:dirt":2,"minecraft:ancient_debris":3,"minecraft:netherrack":4,"minecraft:deepslate_emerald_ore":14,"minecraft:oak_leaves":21,"minecraft:deepslate":20}},"DataVersion":3465}