{"stats":{"minecraft:used":{"minecraft:diamond_sword":6,"minecraft:dirt":1,"minecraft:egg":2,"minecraft:cobblestone_slab":36},"minecraft:dropped":{"minecraft:cobblestone":5},"minecraft:killed_by":{"sanitydim:sneaking_terror":1},"minecraft:picked_up":{"minecraft:mud":1,"minecraft:torch":2,"minecraft:cobblestone_slab":64,"minecraft:dirt":1,"minecraft:cobblestone":5,"minecraft:egg":2},"minecraft:custom":{"minecraft:time_since_rest":5520,"minecraft:open_chest":16,"minecraft:crouch_one_cm":16731,"minecraft:sprint_one_cm":95307,"minecraft:play_time":30916,"minecraft:deaths":2,"minecraft:damage_taken":532,"minecraft:walk_one_cm":73901,"minecraft:sneak_time":3964,"minecraft:walk_under_water_one_cm":4509,"minecraft:drop":2,"minecraft:animals_bred":3,"minecraft:damage_dealt_resisted":436,"minecraft:jump":267,"minecraft:damage_dealt":154,"minecraft:leave_game":2,"minecraft:walk_on_water_one_cm":1875,"minecraft:time_since_death":5494,"minecraft:total_world_time":30916,"minecraft:talked_to_villager":5,"minecraft:fall_one_cm":2148,"minecraft:fly_one_cm":59223},"minecraft:mined":{"minecraft:grass_block":1,"minecraft:mud":1}},"DataVersion":3465}