{"stats":{"minecraft:mined":{"minecraft:brown_mushroom":2,"minecraft:jungle_leaves":12,"minecraft:crafting_table":3,"minecraft:torch":1,"minecraft:granite":40,"minecraft:grass_block":17,"minecraft:melon":2,"twilightforest:twilight_oak_log":35,"minecraft:jungle_log":27,"minecraft:copper_ore":12,"minecraft:sugar_cane":2,"minecraft:moss_block":11,"minecraft:rooted_dirt":8,"minecraft:coarse_dirt":16,"minecraft:furnace":2,"minecraft:pumpkin":3,"minecraft:grass":103,"minecraft:oak_log":7,"minecraft:coal_ore":17,"minecraft:vine":11,"minecraft:cocoa":2,"minecraft:dirt":17,"minecraft:bamboo":2,"minecraft:stone":59,"twilightforest:canopy_log":7,"minecraft:oak_leaves":4,"minecraft:fern":24},"minecraft:killed_by":{"minecraft:zombie":1,"whisperwoods:zotzpyre":6},"minecraft:picked_up":{"minecraft:cocoa_beans":6,"minecraft:coarse_dirt":16,"minecraft:crafting_table":3,"minecraft:feather":10,"minecraft:cooked_beef":1,"minecraft:chicken":7,"twilightforest:twilight_oak_log":25,"minecraft:jungle_log":27,"minecraft:leather":2,"minecraft:brown_mushroom":2,"minecraft:oak_log":7,"minecraft:string":2,"minecraft:dirt":34,"tombstone:gift":2,"minecraft:raw_copper":34,"minecraft:wheat_seeds":8,"minecraft:beef":5,"minecraft:jungle_sapling":3,"minecraft:bamboo":60,"minecraft:melon_slice":8,"minecraft:moss_block":6,"minecraft:egg":7,"minecraft:furnace":2,"minecraft:stick":4,"minecraft:pumpkin":3,"minecraft:torch":13,"minecraft:porkchop":1,"twilightforest:canopy_log":8,"tombstone:grave_dust":1,"minecraft:rotten_flesh":1,"minecraft:granite":40,"minecraft:rooted_dirt":8,"minecraft:mutton":13,"minecraft:coal":17,"minecraft:white_wool":9,"minecraft:cobblestone":59},"minecraft:crafted":{"minecraft:cooked_beef":5,"minecraft:wooden_sword":1,"minecraft:stone_shovel":1,"minecraft:cooked_porkchop":1,"minecraft:crafting_table":4,"minecraft:cooked_chicken":7,"minecraft:wooden_pickaxe":1,"minecraft:furnace":2,"minecraft:stone_axe":1,"minecraft:cooked_mutton":13,"minecraft:air":0,"minecraft:jungle_planks":60,"minecraft:charcoal":11,"minecraft:stick":48,"minecraft:stone_pickaxe":2,"minecraft:wooden_axe":1,"minecraft:stone_sword":2,"minecraft:white_bed":1,"minecraft:torch":40},"minecraft:dropped":{"minecraft:coarse_dirt":16,"minecraft:rooted_dirt":8,"minecraft:granite":35,"minecraft:jungle_planks":9,"minecraft:dirt":25},"minecraft:used":{"minecraft:cooked_mutton":1,"minecraft:stone_sword":175,"minecraft:stone_shovel":50,"minecraft:stone_pickaxe":114,"minecraft:wooden_pickaxe":39,"minecraft:torch":5,"minecraft:dirt":9,"minecraft:crafting_table":5,"minecraft:white_bed":1,"minecraft:wooden_axe":16,"minecraft:melon_slice":8,"minecraft:jungle_log":1,"minecraft:stone_axe":67,"minecraft:wooden_sword":60,"minecraft:furnace":3,"tombstone:gift":2,"minecraft:egg":7,"minecraft:cooked_beef":2},"minecraft:killed":{"minecraft:pig":1,"minecraft:spider":1,"minecraft:sheep":9,"minecraft:zombie":1,"minecraft:chicken":7,"minecraft:cow":3},"minecraft:custom":{"minecraft:interact_with_furnace":27,"minecraft:mob_kills":22,"minecraft:interact_with_crafting_table":6,"minecraft:leave_game":2,"minecraft:time_since_death":11319,"minecraft:sleep_in_bed":1,"minecraft:climb_one_cm":3255,"minecraft:time_since_rest":10463,"minecraft:sprint_one_cm":56406,"minecraft:damage_taken":2285,"minecraft:walk_one_cm":125712,"minecraft:drop":5,"minecraft:damage_dealt":2179,"minecraft:swim_one_cm":5100,"minecraft:fly_one_cm":133619,"tombstone:undead_killed":1,"minecraft:play_time":49294,"minecraft:deaths":7,"minecraft:sneak_time":11,"minecraft:walk_under_water_one_cm":4270,"minecraft:jump":777,"minecraft:walk_on_water_one_cm":16956,"minecraft:total_world_time":49294,"minecraft:fall_one_cm":15990}},"DataVersion":3120}