{"stats":{"minecraft:used":{"minecraft:wooden_axe":164,"immersive_weathering:charred_slab":1,"minecraft:stone_pickaxe":19,"minecraft:chest":1,"minecraft:wooden_pickaxe":190,"minecraft:wooden_shovel":56,"minecraft:cooked_chicken":1,"minecraft:stone_axe":3,"minecraft:dirt":23,"minecraft:crafting_table":3},"minecraft:crafted":{"minecraft:oak_boat":2,"minecraft:oak_planks":88,"minecraft:raw_iron":2,"minecraft:wooden_shovel":1,"minecraft:charcoal":13,"minecraft:stick":56,"minecraft:wooden_pickaxe":4,"minecraft:stone_pickaxe":1,"minecraft:wooden_axe":5,"immersive_weathering:charred_slab":1,"minecraft:chest":1,"minecraft:stone_axe":1},"minecraft:custom":{"minecraft:time_since_rest":33739,"minecraft:interact_with_furnace":11,"minecraft:sprint_one_cm":3083,"minecraft:damage_taken":1446,"minecraft:walk_one_cm":62454,"minecraft:drop":68,"minecraft:damage_dealt":61,"minecraft:traded_with_villager":2,"minecraft:talked_to_villager":15,"minecraft:interact_with_crafting_table":13,"minecraft:fly_one_cm":1640,"minecraft:open_chest":25,"minecraft:crouch_one_cm":5478,"minecraft:play_time":47883,"minecraft:deaths":6,"minecraft:sneak_time":18765,"minecraft:jump":22,"minecraft:time_since_death":33691,"minecraft:total_world_time":47883},"minecraft:picked_up":{"minecraft:wooden_axe":5,"minecraft:raw_iron":10,"minecraft:oak_slab":2,"minecraft:mud":52,"minecraft:stick":3,"minecraft:crafting_table":3,"minecraft:oak_door":1,"minecraft:oak_log":123,"minecraft:spruce_sapling":3,"minecraft:dirt":225,"minecraft:cooked_chicken":7,"minecraft:wooden_shovel":2,"minecraft:oak_sapling":4,"minecraft:moss_block":120,"minecraft:oak_planks":62,"minecraft:coal":22,"minecraft:cobblestone":145},"minecraft:broken":{"minecraft:wooden_pickaxe":1},"minecraft:dropped":{"minecraft:dirt":68,"minecraft:moss_block":26,"minecraft:wooden_axe":7,"minecraft:cobblestone":28,"minecraft:wooden_pickaxe":2,"minecraft:spruce_sapling":1},"minecraft:mined":{"minecraft:mud":44,"minecraft:coal_ore":8,"minecraft:grass_block":154,"minecraft:oak_log":4,"minecraft:spruce_leaves":8,"minecraft:stone":75,"minecraft:moss_block":79,"minecraft:oak_leaves":4}},"DataVersion":3465}