{"stats":{"minecraft:broken":{"minecraft:iron_pickaxe":2},"minecraft:killed":{"minecraft:zombified_piglin":1,"minecraft:spider":5,"minecraft:skeleton":3,"minecraft:zombie":3,"minecraft:enderman":2},"minecraft:used":{"minecraft:oak_trapdoor":4,"minecraft:moss_block":3,"minecraft:stone_sword":80,"minecraft:iron_shovel":226,"minecraft:chest":7,"minecraft:shield":19,"minecraft:rotten_flesh":3,"minecraft:torch":53,"minecraft:dirt":136,"minecraft:carrot":79,"minecraft:iron_hoe":131,"minecraft:flowering_azalea":1,"minecraft:iron_axe":209,"minecraft:mossy_cobblestone_slab":3,"minecraft:oak_sapling":2,"minecraft:egg":1,"minecraft:potato":7,"minecraft:cobbled_deepslate":7,"minecraft:wheat_seeds":48,"minecraft:water_bucket":3,"minecraft:baked_potato":12,"minecraft:oak_planks":9,"minecraft:blackstone":2,"minecraft:cobblestone_slab":428,"minecraft:diamond_axe":102,"minecraft:cracked_stone_bricks":14,"minecraft:oak_slab":43,"minecraft:crafting_table":2,"minecraft:diamond_pickaxe":2202,"minecraft:iron_pickaxe":1390,"minecraft:diamond_sword":1,"minecraft:cobblestone":602,"minecraft:bucket":5,"minecraft:oak_boat":3,"minecraft:dandelion":1,"the_silence:sad_satan":2},"minecraft:killed_by":{"the_silence:the_silence_principal":1,"minecraft:creeper":6,"minecraft:spider":1,"minecraft:enderman":1,"man:managgresive":3,"sanitydim:sneaking_terror":1,"minecraft:skeleton":2,"minecraft:zombie":1,"midnightlurker:midnight_lurker_stare":1,"boh:light_head":2,"midnightlurker:midnight_lurker_unprovoked":3},"minecraft:custom":{"minecraft:mob_kills":16,"minecraft:animals_bred":1,"minecraft:interact_with_crafting_table":48,"minecraft:damage_dealt_resisted":346,"minecraft:leave_game":12,"minecraft:time_since_death":0,"minecraft:sprint_one_cm":204256,"minecraft:walk_one_cm":1536474,"minecraft:damage_blocked_by_shield":960,"minecraft:drop":14,"minecraft:talked_to_villager":31,"minecraft:play_time":444074,"minecraft:sneak_time":43894,"minecraft:deaths":43,"minecraft:walk_under_water_one_cm":137191,"minecraft:boat_one_cm":11348,"minecraft:jump":978,"minecraft:walk_on_water_one_cm":129184,"minecraft:total_world_time":444074,"minecraft:interact_with_furnace":55,"minecraft:sleep_in_bed":10,"minecraft:time_since_rest":25,"minecraft:damage_taken":12873,"minecraft:damage_dealt":4340,"minecraft:player_kills":1,"minecraft:swim_one_cm":407,"minecraft:fly_one_cm":73792,"minecraft:open_chest":409,"minecraft:crouch_one_cm":142240,"minecraft:fall_one_cm":20521},"minecraft:mined":{"minecraft:nether_gold_ore":20,"minecraft:deepslate_diamond_ore":54,"the_silence:sad_satan":52,"minecraft:sea_lantern":1,"minecraft:obsidian":46,"minecraft:granite":36,"minecraft:grass_block":394,"minecraft:soul_soil":21,"minecraft:spruce_leaves":66,"minecraft:moss_block":78,"minecraft:magma_block":1,"minecraft:oak_trapdoor":3,"minecraft:mossy_cobblestone_slab":5,"minecraft:glowstone":29,"minecraft:carrots":70,"minecraft:cobbled_deepslate":3,"minecraft:fire":1,"minecraft:andesite":41,"minecraft:potatoes":13,"minecraft:deepslate_iron_ore":95,"minecraft:cobblestone_slab":34,"immersive_weathering:loam":10,"minecraft:azalea":2,"minecraft:stone":174,"immersive_weathering:oak_leaf_pile":10,"minecraft:deepslate_redstone_ore":64,"minecraft:oak_slab":3,"minecraft:blackstone":52,"minecraft:soul_sand":17,"minecraft:crimson_nylium":18,"minecraft:dandelion":2,"minecraft:clay":44,"minecraft:torch":5,"minecraft:chest":1,"minecraft:nether_quartz_ore":26,"minecraft:tall_grass":1,"minecraft:cobblestone":1761,"minecraft:deepslate_coal_ore":99,"minecraft:deepslate_gold_ore":58,"minecraft:sugar_cane":3,"minecraft:oak_planks":29,"endofherobrine:mossy_stone_bricks":5,"minecraft:sculk":41,"minecraft:diorite":36,"minecraft:wall_torch":3,"minecraft:amethyst_block":53,"minecraft:deepslate_copper_ore":53,"immersive_weathering:cherry_leaf_pile":41,"minecraft:warped_nylium":24,"minecraft:mud":73,"minecraft:wheat":49,"minecraft:oak_log":191,"minecraft:cherry_leaves":8,"minecraft:dirt":7,"minecraft:cracked_stone_bricks":14,"minecraft:netherrack":24,"minecraft:ancient_debris":23,"minecraft:oak_leaves":133,"minecraft:deepslate_emerald_ore":64,"minecraft:deepslate":57},"minecraft:dropped":{"minecraft:water_bucket":1,"minecraft:cobblestone":53,"minecraft:dirt":116,"minecraft:mossy_cobblestone_slab":5,"minecraft:mud":1,"minecraft:raw_iron":3,"minecraft:cherry_sapling":4,"minecraft:cobblestone_slab":16,"minecraft:diamond_pickaxe":1},"minecraft:crafted":{"minecraft:oak_planks":192,"minecraft:cobblestone_slab":450,"minecraft:diamond_shovel":1,"minecraft:oak_trapdoor":4,"minecraft:iron_boots":2,"minecraft:iron_axe":2,"minecraft:chest":8,"minecraft:oak_slab":42,"minecraft:diamond_sword":1,"minecraft:diamond_axe":3,"minecraft:crafting_table":2,"minecraft:baked_potato":37,"minecraft:iron_helmet":1,"minecraft:air":0,"minecraft:iron_chestplate":2,"minecraft:diamond_pickaxe":5,"minecraft:shield":1,"minecraft:stick":216,"minecraft:iron_ingot":193,"minecraft:iron_pickaxe":8,"minecraft:iron_shovel":1,"minecraft:gold_ingot":48,"minecraft:iron_leggings":1,"minecraft:torch":92},"minecraft:picked_up":{"minecraft:mud":71,"minecraft:iron_chestplate":2,"minecraft:wheat":41,"minecraft:clay_ball":152,"minecraft:brown_mushroom":1,"minecraft:shield":5,"minecraft:amethyst_block":57,"minecraft:oak_trapdoor":3,"minecraft:string":8,"minecraft:raw_copper":180,"minecraft:soul_soil":22,"minecraft:iron_axe":1,"minecraft:iron_leggings":3,"minecraft:iron_shovel":1,"minecraft:blackstone":55,"minecraft:cracked_stone_bricks":14,"minecraft:cobbled_deepslate":65,"minecraft:gold_nugget":80,"minecraft:bucket":2,"minecraft:oak_boat":3,"minecraft:cobblestone_slab":239,"minecraft:redstone_torch":1,"minecraft:azalea":2,"minecraft:iron_pickaxe":4,"minecraft:sugar_cane":5,"minecraft:chest":1,"minecraft:iron_boots":2,"minecraft:egg":1,"minecraft:stick":32,"minecraft:raw_iron":101,"minecraft:torch":14,"the_silence:sad_satan":61,"minecraft:cherry_log":12,"minecraft:stone_button":2,"minecraft:diorite":35,"minecraft:carrot":230,"minecraft:redstone":300,"minecraft:stone_sword":3,"minecraft:arrow":9,"minecraft:rotten_flesh":4,"minecraft:obsidian":45,"minecraft:cobblestone":2075,"minecraft:oxeye_daisy":1,"minecraft:mossy_cobblestone_slab":10,"minecraft:iron_door":1,"minecraft:andesite":41,"minecraft:potato":35,"minecraft:oak_log":187,"minecraft:ancient_debris":26,"minecraft:gunpowder":2,"minecraft:lapis_lazuli":1,"minecraft:dirt":439,"minecraft:bone":5,"minecraft:apple":1,"minecraft:wheat_seeds":117,"minecraft:raw_gold":63,"minecraft:glowstone_dust":84,"minecraft:moss_block":89,"minecraft:flowering_azalea":1,"minecraft:oak_planks":34,"minecraft:soul_sand":17,"minecraft:oak_slab":6,"minecraft:warped_fungus":2,"minecraft:quartz":24,"minecraft:dandelion":2,"minecraft:lava_bucket":1,"minecraft:amethyst_shard":1,"minecraft:spruce_sapling":4,"minecraft:spider_eye":2,"minecraft:slime_ball":4,"minecraft:diamond":57,"minecraft:iron_helmet":3,"minecraft:granite":37,"minecraft:diamond_axe":2,"minecraft:cherry_sapling":30,"minecraft:emerald":62,"minecraft:baked_potato":9,"minecraft:oak_sapling":8,"minecraft:netherrack":66,"minecraft:coal":104,"minecraft:diamond_pickaxe":2,"minecraft:ender_pearl":1}},"DataVersion":3465}