{"stats":{"minecraft:used":{"minecraft:oak_trapdoor":4,"minecraft:moss_block":3,"minecraft:stone_sword":80,"minecraft:iron_shovel":226,"minecraft:oak_sign":14,"minecraft:chest":12,"minecraft:shield":19,"minecraft:iron_sword":5,"minecraft:rotten_flesh":3,"minecraft:torch":53,"minecraft:dirt":136,"minecraft:carrot":79,"minecraft:iron_hoe":131,"minecraft:flowering_azalea":1,"minecraft:iron_axe":209,"minecraft:mossy_cobblestone_slab":3,"minecraft:glowstone":22,"minecraft:oak_sapling":2,"minecraft:egg":1,"minecraft:potato":7,"minecraft:cobbled_deepslate":7,"minecraft:wheat_seeds":48,"minecraft:water_bucket":6,"minecraft:baked_potato":12,"minecraft:oak_planks":9,"minecraft:blackstone":2,"minecraft:cobblestone_slab":428,"minecraft:diamond_axe":118,"minecraft:cracked_stone_bricks":14,"minecraft:oak_slab":43,"minecraft:crafting_table":2,"minecraft:diamond_pickaxe":2618,"minecraft:iron_pickaxe":1401,"minecraft:diamond_sword":1,"minecraft:cobblestone":629,"minecraft:bucket":5,"minecraft:oak_boat":3,"minecraft:dandelion":1,"the_silence:sad_satan":2},"minecraft:crafted":{"minecraft:oak_planks":288,"minecraft:cobblestone_slab":450,"minecraft:oak_sign":12,"minecraft:bone_meal":3,"minecraft:diamond_shovel":1,"minecraft:oak_trapdoor":4,"minecraft:iron_boots":2,"minecraft:iron_axe":2,"minecraft:chest":11,"minecraft:oak_slab":42,"minecraft:diamond_sword":1,"minecraft:diamond_axe":4,"minecraft:crafting_table":2,"minecraft:iron_helmet":1,"minecraft:baked_potato":37,"minecraft:iron_sword":1,"minecraft:glowstone":25,"minecraft:air":0,"minecraft:iron_chestplate":2,"minecraft:diamond_pickaxe":6,"minecraft:shield":1,"minecraft:stick":256,"minecraft:iron_ingot":193,"minecraft:iron_pickaxe":9,"minecraft:iron_shovel":1,"minecraft:gold_ingot":48,"minecraft:iron_leggings":1,"minecraft:torch":92},"minecraft:dropped":{"minecraft:water_bucket":1,"minecraft:iron_sword":1,"minecraft:cobblestone":53,"minecraft:dirt":116,"minecraft:mossy_cobblestone_slab":5,"minecraft:mud":1,"minecraft:raw_iron":3,"minecraft:cherry_sapling":4,"minecraft:oak_sign":1,"minecraft:cobblestone_slab":16,"minecraft:diamond_pickaxe":1},"minecraft:killed":{"minecraft:zombified_piglin":1,"minecraft:spider":5,"minecraft:skeleton":3,"minecraft:bat":2,"minecraft:zombie":3,"minecraft:enderman":2},"minecraft:killed_by":{"the_silence:the_silence_principal":1,"minecraft:creeper":6,"minecraft:spider":1,"minecraft:enderman":1,"man:managgresive":3,"sanitydim:sneaking_terror":1,"minecraft:skeleton":2,"minecraft:zombie":1,"midnightlurker:midnight_lurker_stare":1,"boh:light_head":2,"midnightlurker:midnight_lurker_unprovoked":3},"minecraft:picked_up":{"minecraft:mud":85,"minecraft:iron_chestplate":2,"minecraft:wheat":41,"minecraft:clay_ball":184,"minecraft:brown_mushroom":1,"minecraft:shield":5,"minecraft:amethyst_block":66,"minecraft:string":8,"minecraft:oak_trapdoor":3,"minecraft:raw_copper":242,"minecraft:soul_soil":24,"minecraft:iron_axe":1,"minecraft:iron_leggings":3,"minecraft:iron_shovel":1,"minecraft:blackstone":65,"minecraft:oak_sign":10,"minecraft:cracked_stone_bricks":14,"minecraft:cobbled_deepslate":87,"minecraft:gold_nugget":108,"minecraft:bucket":3,"minecraft:oak_boat":5,"minecraft:redstone_torch":1,"minecraft:cobblestone_slab":251,"minecraft:azalea":2,"minecraft:iron_pickaxe":4,"minecraft:sugar_cane":5,"minecraft:chest":2,"minecraft:iron_boots":2,"minecraft:egg":1,"minecraft:stick":34,"minecraft:raw_iron":132,"minecraft:copper_ingot":64,"minecraft:torch":99,"the_silence:sad_satan":61,"minecraft:cherry_log":12,"minecraft:stone_button":2,"minecraft:diorite":48,"minecraft:carrot":230,"minecraft:redstone":385,"minecraft:stone_sword":3,"minecraft:arrow":9,"minecraft:rotten_flesh":4,"minecraft:obsidian":60,"minecraft:cobblestone":2150,"minecraft:oxeye_daisy":1,"minecraft:mossy_cobblestone_slab":13,"the_silence:flashlight":1,"minecraft:iron_door":1,"minecraft:water_bucket":5,"minecraft:andesite":49,"minecraft:potato":35,"minecraft:oak_log":272,"minecraft:ancient_debris":33,"minecraft:gunpowder":2,"minecraft:lapis_lazuli":1,"minecraft:dirt":491,"minecraft:bone":5,"minecraft:apple":1,"minecraft:wheat_seeds":117,"minecraft:raw_gold":76,"minecraft:glowstone_dust":111,"minecraft:moss_block":123,"minecraft:iron_sword":2,"minecraft:flowering_azalea":1,"minecraft:oak_planks":34,"minecraft:soul_sand":22,"minecraft:oak_slab":6,"minecraft:warped_fungus":2,"minecraft:quartz":27,"minecraft:dandelion":2,"minecraft:lava_bucket":1,"minecraft:amethyst_shard":1,"minecraft:spruce_sapling":4,"minecraft:spider_eye":2,"minecraft:sugar":3,"minecraft:slime_ball":4,"minecraft:diamond":74,"minecraft:iron_helmet":3,"minecraft:granite":59,"minecraft:diamond_axe":2,"minecraft:cherry_sapling":30,"minecraft:emerald":82,"minecraft:baked_potato":9,"minecraft:oak_sapling":8,"minecraft:netherrack":90,"minecraft:coal":131,"minecraft:diamond_pickaxe":2,"minecraft:ender_pearl":1},"minecraft:custom":{"minecraft:mob_kills":18,"minecraft:animals_bred":1,"minecraft:interact_with_crafting_table":60,"minecraft:damage_dealt_resisted":346,"minecraft:leave_game":15,"minecraft:time_since_death":27931,"minecraft:sprint_one_cm":206685,"minecraft:walk_one_cm":1787647,"minecraft:damage_blocked_by_shield":960,"minecraft:drop":16,"minecraft:talked_to_villager":31,"minecraft:play_time":506838,"minecraft:sneak_time":45226,"minecraft:deaths":46,"minecraft:walk_under_water_one_cm":152693,"minecraft:boat_one_cm":11348,"minecraft:jump":1060,"minecraft:walk_on_water_one_cm":133309,"minecraft:total_world_time":506838,"minecraft:interact_with_furnace":55,"minecraft:sleep_in_bed":14,"minecraft:time_since_rest":14686,"minecraft:damage_taken":13353,"minecraft:damage_dealt":4854,"minecraft:player_kills":1,"minecraft:swim_one_cm":407,"minecraft:fly_one_cm":73792,"minecraft:open_chest":598,"minecraft:crouch_one_cm":147557,"minecraft:fall_one_cm":22846},"minecraft:mined":{"minecraft:nether_gold_ore":25,"minecraft:mossy_cobblestone":1,"minecraft:deepslate_diamond_ore":68,"the_silence:sad_satan":52,"minecraft:sea_lantern":1,"minecraft:obsidian":57,"minecraft:granite":48,"minecraft:grass_block":442,"minecraft:soul_soil":22,"minecraft:spruce_leaves":85,"minecraft:moss_block":98,"minecraft:oak_wall_sign":5,"minecraft:magma_block":1,"minecraft:oak_trapdoor":3,"minecraft:mossy_cobblestone_slab":5,"minecraft:glowstone":37,"minecraft:carrots":70,"minecraft:cobbled_deepslate":3,"minecraft:fire":1,"minecraft:andesite":48,"minecraft:potatoes":13,"minecraft:deepslate_iron_ore":116,"minecraft:cobblestone_slab":35,"immersive_weathering:loam":10,"minecraft:azalea":2,"minecraft:stone":217,"immersive_weathering:oak_leaf_pile":10,"minecraft:deepslate_redstone_ore":80,"minecraft:oak_slab":3,"minecraft:blackstone":59,"minecraft:soul_sand":19,"minecraft:crimson_nylium":25,"immersive_weathering:spruce_leaf_pile":1,"minecraft:dandelion":2,"minecraft:clay":51,"minecraft:torch":6,"minecraft:chest":2,"minecraft:nether_quartz_ore":31,"minecraft:tall_grass":1,"minecraft:cobblestone":1769,"minecraft:deepslate_coal_ore":123,"minecraft:deepslate_gold_ore":69,"minecraft:oak_planks":29,"minecraft:sugar_cane":3,"endofherobrine:mossy_stone_bricks":5,"minecraft:sculk":49,"minecraft:diorite":47,"minecraft:wall_torch":3,"minecraft:amethyst_block":61,"minecraft:deepslate_copper_ore":67,"immersive_weathering:cherry_leaf_pile":41,"minecraft:warped_nylium":31,"minecraft:mud":85,"minecraft:wheat":49,"minecraft:oak_log":212,"minecraft:cherry_leaves":8,"minecraft:dirt":7,"minecraft:cracked_stone_bricks":14,"minecraft:netherrack":35,"minecraft:ancient_debris":30,"minecraft:deepslate_emerald_ore":77,"minecraft:oak_leaves":148,"minecraft:deepslate":75},"minecraft:broken":{"minecraft:iron_pickaxe":2}},"DataVersion":3465}