{"stats":{"minecraft:used":{"minecraft:stone_pickaxe":480,"minecraft:baked_potato":5,"minecraft:oak_planks":16,"minecraft:shield":24,"minecraft:chest":3,"minecraft:wooden_pickaxe":190,"minecraft:wooden_shovel":56,"minecraft:cooked_chicken":1,"minecraft:stone_hoe":24,"minecraft:oak_door":3,"minecraft:torch":15,"minecraft:dirt":51,"minecraft:crafting_table":3,"minecraft:wooden_axe":164,"minecraft:diamond_pickaxe":424,"minecraft:iron_axe":293,"immersive_weathering:charred_slab":1,"minecraft:melon_slice":4,"minecraft:iron_pickaxe":669,"minecraft:stone_axe":160,"minecraft:cobblestone":54,"minecraft:oak_boat":4},"minecraft:crafted":{"minecraft:oak_planks":140,"minecraft:raw_iron":2,"minecraft:wooden_shovel":1,"minecraft:baked_potato":19,"immersive_weathering:charred_slab":1,"minecraft:wooden_pickaxe":4,"minecraft:iron_sword":1,"minecraft:bone_meal":198,"minecraft:bone":66,"minecraft:stone_axe":2,"minecraft:air":0,"minecraft:oak_boat":5,"minecraft:diamond_pickaxe":1,"minecraft:charcoal":13,"minecraft:shield":1,"minecraft:iron_axe":2,"minecraft:stick":104,"minecraft:iron_ingot":122,"minecraft:iron_pickaxe":3,"minecraft:stone_pickaxe":4,"minecraft:wooden_axe":5,"minecraft:chest":3,"minecraft:gold_ingot":77,"minecraft:oak_button":1,"minecraft:torch":48,"minecraft:golden_boots":3},"minecraft:custom":{"minecraft:interact_with_furnace":104,"minecraft:mob_kills":1,"minecraft:traded_with_villager":5,"minecraft:interact_with_crafting_table":35,"minecraft:damage_dealt_resisted":385,"minecraft:leave_game":1,"minecraft:time_since_death":577,"minecraft:time_since_rest":764,"minecraft:sprint_one_cm":10309,"minecraft:damage_taken":3012,"minecraft:walk_one_cm":538051,"minecraft:damage_blocked_by_shield":1360,"minecraft:drop":165,"minecraft:damage_dealt":672,"minecraft:talked_to_villager":74,"minecraft:fly_one_cm":109184,"minecraft:open_chest":159,"minecraft:crouch_one_cm":8564,"minecraft:play_time":206375,"minecraft:deaths":11,"minecraft:sneak_time":26141,"minecraft:walk_under_water_one_cm":6976,"minecraft:boat_one_cm":14435,"minecraft:jump":185,"minecraft:walk_on_water_one_cm":1347,"minecraft:total_world_time":206375,"minecraft:fall_one_cm":5245},"minecraft:picked_up":{"minecraft:wooden_axe":5,"minecraft:mud":165,"minecraft:crafting_table":3,"minecraft:clay_ball":268,"minecraft:andesite":56,"minecraft:oak_log":282,"minecraft:ancient_debris":7,"minecraft:soul_soil":6,"minecraft:dirt":576,"minecraft:raw_copper":315,"minecraft:iron_axe":2,"minecraft:gold_nugget":20,"minecraft:cobbled_deepslate":57,"minecraft:raw_gold":82,"minecraft:cooked_chicken":8,"minecraft:wooden_shovel":2,"minecraft:iron_pickaxe":1,"minecraft:glowstone_dust":23,"minecraft:melon_slice":7,"minecraft:moss_block":304,"minecraft:soul_sand":4,"minecraft:oak_planks":77,"minecraft:stone_hoe":1,"minecraft:oak_slab":6,"minecraft:stick":36,"minecraft:raw_iron":201,"minecraft:oak_door":7,"minecraft:quartz":11,"minecraft:torch":53,"minecraft:spruce_sapling":10,"minecraft:diorite":68,"minecraft:redstone":282,"minecraft:diamond":48,"minecraft:granite":73,"minecraft:emerald":56,"minecraft:netherrack":22,"minecraft:baked_potato":6,"minecraft:oak_sapling":10,"minecraft:coal":186,"minecraft:cobblestone":481},"minecraft:killed_by":{"man:managgresive":1,"minecraft:pillager":1},"minecraft:broken":{"minecraft:stone_pickaxe":3,"minecraft:iron_pickaxe":2,"minecraft:wooden_pickaxe":1},"minecraft:killed":{"minecraft:pillager":1},"minecraft:dropped":{"minecraft:stone_hoe":1,"minecraft:iron_ingot":19,"minecraft:moss_block":26,"minecraft:cobblestone":28,"minecraft:dirt":103,"minecraft:wooden_axe":7,"minecraft:bone_meal":57,"minecraft:wooden_pickaxe":2,"minecraft:spruce_sapling":1},"minecraft:mined":{"minecraft:nether_gold_ore":4,"minecraft:deepslate_redstone_ore":27,"minecraft:oak_sapling":1,"minecraft:farmland":2,"minecraft:soul_sand":3,"minecraft:deepslate_diamond_ore":29,"minecraft:crimson_nylium":8,"immersive_weathering:spruce_leaf_pile":1,"minecraft:clay":56,"minecraft:torch":3,"minecraft:granite":47,"minecraft:grass_block":473,"minecraft:nether_quartz_ore":11,"minecraft:soul_soil":3,"minecraft:deepslate_coal_ore":54,"minecraft:spruce_leaves":90,"minecraft:deepslate_gold_ore":42,"minecraft:moss_block":252,"minecraft:diorite":48,"minecraft:wall_torch":1,"minecraft:deepslate_copper_ore":43,"minecraft:warped_nylium":4,"minecraft:glowstone":6,"minecraft:mud":144,"minecraft:iron_ore":56,"minecraft:andesite":42,"minecraft:oak_log":155,"minecraft:coal_ore":48,"minecraft:deepslate_iron_ore":52,"minecraft:netherrack":4,"minecraft:stone":317,"minecraft:ancient_debris":9,"minecraft:deepslate_emerald_ore":36,"minecraft:deepslate":56,"minecraft:oak_leaves":128,"immersive_weathering:oak_leaf_pile":6}},"DataVersion":3465}