{"stats":{"minecraft:killed_by":{"minecraft:spider":1,"midnightlurker:midnight_lurker_unprovoked":1},"minecraft:mined":{"minecraft:nether_gold_ore":6,"minecraft:deepslate_redstone_ore":30,"minecraft:oak_slab":1,"minecraft:soul_sand":10,"minecraft:blackstone":12,"minecraft:deepslate_diamond_ore":23,"minecraft:crimson_nylium":7,"minecraft:dandelion":1,"minecraft:obsidian":13,"minecraft:clay":20,"minecraft:granite":13,"minecraft:grass_block":93,"minecraft:nether_quartz_ore":8,"minecraft:soul_soil":9,"minecraft:deepslate_coal_ore":34,"minecraft:spruce_leaves":25,"minecraft:deepslate_gold_ore":19,"minecraft:moss_block":34,"minecraft:oak_planks":23,"minecraft:sculk":16,"minecraft:diorite":18,"minecraft:amethyst_block":27,"minecraft:deepslate_copper_ore":23,"minecraft:warped_nylium":8,"minecraft:glowstone":9,"minecraft:mud":30,"minecraft:andesite":14,"minecraft:oak_log":35,"minecraft:deepslate_iron_ore":37,"minecraft:dirt":5,"minecraft:stone":76,"minecraft:ancient_debris":9,"minecraft:netherrack":11,"minecraft:oak_leaves":25,"minecraft:deepslate_emerald_ore":26,"minecraft:deepslate":18},"minecraft:crafted":{"minecraft:oak_slab":42,"minecraft:diamond_axe":1,"minecraft:iron_helmet":1,"minecraft:diamond_shovel":1,"minecraft:oak_trapdoor":4,"minecraft:iron_boots":1,"minecraft:iron_chestplate":1,"minecraft:diamond_pickaxe":1,"minecraft:shield":1,"minecraft:stick":32,"minecraft:iron_ingot":34,"minecraft:iron_leggings":1},"minecraft:custom":{"minecraft:interact_with_furnace":9,"minecraft:mob_kills":2,"minecraft:interact_with_crafting_table":6,"minecraft:time_since_death":48477,"minecraft:time_since_rest":48502,"minecraft:sprint_one_cm":12104,"minecraft:damage_taken":841,"minecraft:walk_one_cm":100579,"minecraft:damage_dealt":250,"minecraft:talked_to_villager":1,"minecraft:fly_one_cm":4268,"minecraft:open_chest":50,"minecraft:crouch_one_cm":17892,"minecraft:play_time":51536,"minecraft:deaths":3,"minecraft:sneak_time":6506,"minecraft:walk_under_water_one_cm":2957,"minecraft:jump":45,"minecraft:walk_on_water_one_cm":2225,"minecraft:total_world_time":51536,"minecraft:fall_one_cm":805},"minecraft:picked_up":{"minecraft:mud":29,"minecraft:clay_ball":64,"minecraft:andesite":14,"minecraft:oak_log":32,"minecraft:ancient_debris":9,"minecraft:amethyst_block":27,"minecraft:dirt":87,"minecraft:raw_copper":73,"minecraft:soul_soil":9,"minecraft:blackstone":12,"minecraft:gold_nugget":26,"minecraft:cobbled_deepslate":18,"minecraft:raw_gold":19,"minecraft:glowstone_dust":25,"minecraft:moss_block":33,"minecraft:oak_planks":22,"minecraft:soul_sand":10,"minecraft:oak_slab":1,"minecraft:stick":3,"minecraft:raw_iron":37,"minecraft:quartz":7,"minecraft:dandelion":1,"minecraft:spruce_sapling":2,"minecraft:diorite":18,"minecraft:redstone":132,"minecraft:diamond":23,"minecraft:granite":13,"minecraft:emerald":24,"minecraft:oak_sapling":1,"minecraft:netherrack":24,"minecraft:obsidian":12,"minecraft:coal":33,"minecraft:cobblestone":73},"minecraft:used":{"minecraft:moss_block":1,"minecraft:oak_trapdoor":4,"minecraft:diamond_axe":32,"minecraft:dirt":87,"minecraft:oak_slab":43,"minecraft:diamond_pickaxe":701,"minecraft:iron_axe":12,"minecraft:cobblestone":1,"minecraft:dandelion":1},"minecraft:killed":{"minecraft:zombie":1}},"DataVersion":3465}