{"stats":{"minecraft:used":{"minecraft:stone_pickaxe":480,"minecraft:oak_planks":15,"minecraft:chest":3,"minecraft:wooden_pickaxe":190,"minecraft:wooden_shovel":56,"minecraft:cooked_chicken":1,"minecraft:stone_hoe":24,"minecraft:dirt":51,"minecraft:crafting_table":3,"minecraft:wooden_axe":164,"minecraft:iron_axe":176,"immersive_weathering:charred_slab":1,"minecraft:iron_pickaxe":452,"minecraft:stone_axe":160,"minecraft:cobblestone":54,"minecraft:oak_boat":3},"minecraft:crafted":{"minecraft:oak_planks":140,"minecraft:raw_iron":2,"minecraft:wooden_shovel":1,"immersive_weathering:charred_slab":1,"minecraft:wooden_pickaxe":4,"minecraft:iron_sword":1,"minecraft:bone_meal":198,"minecraft:bone":66,"minecraft:stone_axe":2,"minecraft:air":0,"minecraft:oak_boat":5,"minecraft:charcoal":13,"minecraft:iron_axe":1,"minecraft:stick":76,"minecraft:iron_ingot":76,"minecraft:iron_pickaxe":2,"minecraft:stone_pickaxe":4,"minecraft:wooden_axe":5,"minecraft:chest":3,"minecraft:gold_ingot":8},"minecraft:custom":{"minecraft:interact_with_furnace":33,"minecraft:traded_with_villager":5,"minecraft:interact_with_crafting_table":28,"minecraft:time_since_death":29744,"minecraft:time_since_rest":29781,"minecraft:sprint_one_cm":6016,"minecraft:damage_taken":1677,"minecraft:walk_one_cm":299562,"minecraft:drop":164,"minecraft:damage_dealt":71,"minecraft:talked_to_villager":60,"minecraft:fly_one_cm":2325,"minecraft:open_chest":85,"minecraft:crouch_one_cm":8564,"minecraft:play_time":137883,"minecraft:deaths":7,"minecraft:sneak_time":26137,"minecraft:walk_under_water_one_cm":569,"minecraft:boat_one_cm":14435,"minecraft:jump":103,"minecraft:walk_on_water_one_cm":487,"minecraft:total_world_time":137883,"minecraft:fall_one_cm":2331},"minecraft:picked_up":{"minecraft:wooden_axe":5,"minecraft:mud":120,"minecraft:crafting_table":3,"minecraft:clay_ball":172,"minecraft:andesite":35,"minecraft:oak_log":235,"minecraft:dirt":448,"minecraft:raw_copper":141,"minecraft:iron_axe":1,"minecraft:cobbled_deepslate":26,"minecraft:raw_gold":45,"minecraft:cooked_chicken":8,"minecraft:wooden_shovel":2,"minecraft:moss_block":240,"minecraft:oak_planks":63,"minecraft:stone_hoe":1,"minecraft:oak_slab":2,"minecraft:stick":12,"minecraft:raw_iron":148,"minecraft:oak_door":1,"minecraft:torch":1,"minecraft:spruce_sapling":6,"minecraft:diorite":37,"minecraft:redstone":161,"minecraft:diamond":16,"minecraft:granite":40,"minecraft:emerald":18,"minecraft:oak_sapling":5,"minecraft:coal":125,"minecraft:cobblestone":370},"minecraft:broken":{"minecraft:stone_pickaxe":3,"minecraft:iron_pickaxe":1,"minecraft:wooden_pickaxe":1},"minecraft:dropped":{"minecraft:stone_hoe":1,"minecraft:iron_ingot":19,"minecraft:moss_block":26,"minecraft:cobblestone":28,"minecraft:dirt":90,"minecraft:wooden_axe":7,"minecraft:bone_meal":57,"minecraft:wooden_pickaxe":2,"minecraft:spruce_sapling":1},"minecraft:mined":{"minecraft:deepslate_redstone_ore":5,"minecraft:oak_sapling":1,"minecraft:farmland":2,"minecraft:deepslate_diamond_ore":7,"immersive_weathering:spruce_leaf_pile":1,"minecraft:clay":37,"minecraft:torch":1,"minecraft:granite":23,"minecraft:grass_block":378,"minecraft:deepslate_coal_ore":13,"minecraft:spruce_leaves":55,"minecraft:deepslate_gold_ore":15,"minecraft:moss_block":200,"minecraft:diorite":19,"minecraft:wall_torch":1,"minecraft:deepslate_copper_ore":10,"minecraft:mud":112,"minecraft:iron_ore":56,"minecraft:andesite":28,"minecraft:oak_log":116,"minecraft:coal_ore":48,"minecraft:deepslate_iron_ore":23,"minecraft:stone":227,"minecraft:deepslate_emerald_ore":9,"minecraft:deepslate":31,"minecraft:oak_leaves":94,"immersive_weathering:oak_leaf_pile":6}},"DataVersion":3465}