{"stats":{"minecraft:used":{"minecraft:stone_pickaxe":480,"minecraft:oak_planks":15,"minecraft:chest":3,"minecraft:wooden_pickaxe":190,"minecraft:wooden_shovel":56,"minecraft:cooked_chicken":1,"minecraft:stone_hoe":24,"minecraft:oak_door":1,"minecraft:torch":15,"minecraft:dirt":51,"minecraft:crafting_table":3,"minecraft:wooden_axe":164,"minecraft:iron_axe":201,"immersive_weathering:charred_slab":1,"minecraft:melon_slice":4,"minecraft:iron_pickaxe":562,"minecraft:stone_axe":160,"minecraft:cobblestone":54,"minecraft:oak_boat":4},"minecraft:crafted":{"minecraft:oak_planks":140,"minecraft:raw_iron":2,"minecraft:wooden_shovel":1,"minecraft:baked_potato":13,"immersive_weathering:charred_slab":1,"minecraft:wooden_pickaxe":4,"minecraft:iron_sword":1,"minecraft:bone_meal":198,"minecraft:bone":66,"minecraft:stone_axe":2,"minecraft:air":0,"minecraft:oak_boat":5,"minecraft:charcoal":13,"minecraft:iron_axe":2,"minecraft:stick":104,"minecraft:iron_ingot":90,"minecraft:iron_pickaxe":3,"minecraft:stone_pickaxe":4,"minecraft:wooden_axe":5,"minecraft:chest":3,"minecraft:gold_ingot":8,"minecraft:oak_button":1,"minecraft:torch":48},"minecraft:custom":{"minecraft:interact_with_furnace":48,"minecraft:traded_with_villager":5,"minecraft:interact_with_crafting_table":30,"minecraft:time_since_death":10838,"minecraft:time_since_rest":10941,"minecraft:sprint_one_cm":6980,"minecraft:damage_taken":2172,"minecraft:walk_one_cm":398006,"minecraft:drop":164,"minecraft:damage_dealt":71,"minecraft:talked_to_villager":61,"minecraft:fly_one_cm":107852,"minecraft:open_chest":117,"minecraft:crouch_one_cm":8564,"minecraft:play_time":161883,"minecraft:deaths":9,"minecraft:sneak_time":26137,"minecraft:walk_under_water_one_cm":569,"minecraft:boat_one_cm":14435,"minecraft:jump":133,"minecraft:walk_on_water_one_cm":487,"minecraft:total_world_time":161883,"minecraft:fall_one_cm":3349},"minecraft:picked_up":{"minecraft:wooden_axe":5,"minecraft:mud":127,"minecraft:crafting_table":3,"minecraft:clay_ball":192,"minecraft:andesite":43,"minecraft:oak_log":244,"minecraft:dirt":479,"minecraft:raw_copper":195,"minecraft:iron_axe":2,"minecraft:cobbled_deepslate":30,"minecraft:raw_gold":53,"minecraft:cooked_chicken":8,"minecraft:wooden_shovel":2,"minecraft:iron_pickaxe":1,"minecraft:melon_slice":4,"minecraft:moss_block":253,"minecraft:oak_planks":64,"minecraft:stone_hoe":1,"minecraft:oak_slab":6,"minecraft:stick":34,"minecraft:raw_iron":162,"minecraft:oak_door":3,"minecraft:torch":51,"minecraft:spruce_sapling":8,"minecraft:diorite":41,"minecraft:redstone":201,"minecraft:diamond":22,"minecraft:granite":49,"minecraft:emerald":22,"minecraft:baked_potato":6,"minecraft:oak_sapling":7,"minecraft:coal":127,"minecraft:cobblestone":390},"minecraft:killed_by":{"man:managgresive":1},"minecraft:broken":{"minecraft:stone_pickaxe":3,"minecraft:iron_pickaxe":2,"minecraft:wooden_pickaxe":1},"minecraft:dropped":{"minecraft:stone_hoe":1,"minecraft:iron_ingot":19,"minecraft:moss_block":26,"minecraft:cobblestone":28,"minecraft:dirt":90,"minecraft:wooden_axe":7,"minecraft:bone_meal":57,"minecraft:wooden_pickaxe":2,"minecraft:spruce_sapling":1},"minecraft:mined":{"minecraft:deepslate_redstone_ore":10,"minecraft:oak_sapling":1,"minecraft:farmland":2,"minecraft:deepslate_diamond_ore":13,"immersive_weathering:spruce_leaf_pile":1,"minecraft:clay":41,"minecraft:torch":3,"minecraft:granite":30,"minecraft:grass_block":400,"minecraft:deepslate_coal_ore":16,"minecraft:spruce_leaves":60,"minecraft:deepslate_gold_ore":22,"minecraft:moss_block":214,"minecraft:diorite":24,"minecraft:wall_torch":1,"minecraft:deepslate_copper_ore":19,"minecraft:mud":118,"minecraft:iron_ore":56,"minecraft:andesite":32,"minecraft:oak_log":126,"minecraft:coal_ore":48,"minecraft:deepslate_iron_ore":30,"minecraft:stone":238,"minecraft:deepslate_emerald_ore":12,"minecraft:deepslate":35,"minecraft:oak_leaves":97,"immersive_weathering:oak_leaf_pile":6}},"DataVersion":3465}