{"stats":{"minecraft:killed_by":{"minecraft:spider":1,"midnightlurker:midnight_lurker_unprovoked":1},"minecraft:mined":{"minecraft:nether_gold_ore":11,"minecraft:deepslate_redstone_ore":37,"minecraft:oak_slab":1,"minecraft:soul_sand":12,"minecraft:blackstone":15,"minecraft:deepslate_diamond_ore":28,"minecraft:crimson_nylium":9,"minecraft:dandelion":1,"minecraft:obsidian":22,"minecraft:clay":24,"minecraft:granite":17,"minecraft:grass_block":110,"minecraft:nether_quartz_ore":13,"minecraft:soul_soil":10,"minecraft:deepslate_coal_ore":43,"minecraft:spruce_leaves":30,"minecraft:deepslate_gold_ore":26,"minecraft:moss_block":43,"minecraft:oak_planks":23,"minecraft:sculk":19,"minecraft:diorite":21,"minecraft:amethyst_block":31,"minecraft:deepslate_copper_ore":28,"minecraft:warped_nylium":11,"minecraft:glowstone":14,"minecraft:mud":41,"minecraft:andesite":18,"minecraft:oak_log":47,"minecraft:cobblestone_slab":1,"minecraft:deepslate_iron_ore":47,"minecraft:dirt":5,"minecraft:stone":89,"minecraft:ancient_debris":12,"minecraft:netherrack":12,"minecraft:oak_leaves":29,"minecraft:deepslate_emerald_ore":34,"minecraft:deepslate":28},"minecraft:crafted":{"minecraft:oak_slab":42,"minecraft:diamond_axe":1,"minecraft:iron_helmet":1,"minecraft:diamond_shovel":1,"minecraft:oak_trapdoor":4,"minecraft:iron_boots":1,"minecraft:iron_chestplate":1,"minecraft:diamond_pickaxe":1,"minecraft:shield":1,"minecraft:stick":32,"minecraft:iron_ingot":34,"minecraft:iron_leggings":1},"minecraft:custom":{"minecraft:interact_with_furnace":9,"minecraft:mob_kills":3,"minecraft:interact_with_crafting_table":6,"minecraft:time_since_death":60477,"minecraft:time_since_rest":60502,"minecraft:sprint_one_cm":12161,"minecraft:damage_taken":1031,"minecraft:walk_one_cm":131936,"minecraft:damage_blocked_by_shield":600,"minecraft:damage_dealt":399,"minecraft:talked_to_villager":2,"minecraft:fly_one_cm":4975,"minecraft:open_chest":64,"minecraft:crouch_one_cm":20665,"minecraft:play_time":63536,"minecraft:deaths":3,"minecraft:sneak_time":7182,"minecraft:walk_under_water_one_cm":4017,"minecraft:jump":53,"minecraft:walk_on_water_one_cm":2886,"minecraft:total_world_time":63536,"minecraft:fall_one_cm":805},"minecraft:picked_up":{"minecraft:mud":40,"minecraft:clay_ball":80,"minecraft:andesite":18,"minecraft:oak_log":44,"minecraft:ancient_debris":12,"minecraft:amethyst_block":31,"minecraft:dirt":104,"minecraft:raw_copper":91,"minecraft:soul_soil":10,"minecraft:bone":2,"minecraft:blackstone":15,"minecraft:gold_nugget":51,"minecraft:cobbled_deepslate":28,"minecraft:raw_gold":26,"minecraft:cobblestone_slab":1,"minecraft:glowstone_dust":41,"minecraft:moss_block":42,"minecraft:oak_planks":22,"minecraft:soul_sand":12,"minecraft:oak_slab":1,"minecraft:stick":3,"minecraft:raw_iron":47,"minecraft:quartz":12,"minecraft:dandelion":1,"minecraft:spruce_sapling":3,"minecraft:diorite":21,"minecraft:redstone":164,"minecraft:arrow":2,"minecraft:diamond":28,"minecraft:granite":16,"minecraft:emerald":32,"minecraft:oak_sapling":1,"minecraft:netherrack":30,"minecraft:obsidian":20,"minecraft:coal":42,"minecraft:cobblestone":86},"minecraft:used":{"minecraft:moss_block":2,"minecraft:oak_trapdoor":4,"minecraft:shield":10,"minecraft:cobblestone_slab":1,"minecraft:diamond_axe":52,"minecraft:dirt":89,"minecraft:oak_slab":43,"minecraft:diamond_pickaxe":881,"minecraft:iron_axe":12,"minecraft:cobblestone":1,"minecraft:potato":6,"minecraft:dandelion":1},"minecraft:killed":{"minecraft:skeleton":1,"minecraft:zombie":1}},"DataVersion":3465}