{"stats":{"minecraft:mined":{"minecraft:grass":4,"minecraft:vine":1,"minecraft:fern":2},"minecraft:picked_up":{"minecraft:wheat_seeds":1,"minecraft:egg":1},"minecraft:custom":{"minecraft:jump":12,"minecraft:time_since_rest":1700,"minecraft:damage_dealt":20,"minecraft:sprint_one_cm":420,"minecraft:leave_game":1,"minecraft:play_time":1700,"minecraft:damage_taken":45,"minecraft:time_since_death":1700,"minecraft:walk_one_cm":4093,"minecraft:total_world_time":1700,"minecraft:fall_one_cm":267,"minecraft:fly_one_cm":830}},"DataVersion":3120}