{"stats":{"minecraft:used":{"minecraft:stone_pickaxe":480,"minecraft:oak_planks":15,"minecraft:chest":3,"minecraft:wooden_pickaxe":190,"minecraft:wooden_shovel":56,"minecraft:cooked_chicken":1,"minecraft:stone_hoe":24,"minecraft:torch":1,"minecraft:dirt":51,"minecraft:crafting_table":3,"minecraft:wooden_axe":164,"minecraft:iron_axe":181,"immersive_weathering:charred_slab":1,"minecraft:melon_slice":4,"minecraft:iron_pickaxe":500,"minecraft:stone_axe":160,"minecraft:cobblestone":54,"minecraft:oak_boat":3},"minecraft:crafted":{"minecraft:oak_planks":140,"minecraft:raw_iron":2,"minecraft:wooden_shovel":1,"minecraft:baked_potato":13,"immersive_weathering:charred_slab":1,"minecraft:wooden_pickaxe":4,"minecraft:iron_sword":1,"minecraft:bone_meal":198,"minecraft:bone":66,"minecraft:stone_axe":2,"minecraft:air":0,"minecraft:oak_boat":5,"minecraft:charcoal":13,"minecraft:iron_axe":2,"minecraft:stick":104,"minecraft:iron_ingot":90,"minecraft:iron_pickaxe":3,"minecraft:stone_pickaxe":4,"minecraft:wooden_axe":5,"minecraft:chest":3,"minecraft:gold_ingot":8,"minecraft:oak_button":1},"minecraft:custom":{"minecraft:interact_with_furnace":47,"minecraft:traded_with_villager":5,"minecraft:interact_with_crafting_table":30,"minecraft:time_since_death":5941,"minecraft:time_since_rest":5980,"minecraft:sprint_one_cm":6016,"minecraft:damage_taken":1917,"minecraft:walk_one_cm":358464,"minecraft:drop":164,"minecraft:damage_dealt":71,"minecraft:talked_to_villager":60,"minecraft:fly_one_cm":107757,"minecraft:open_chest":106,"minecraft:crouch_one_cm":8564,"minecraft:play_time":149883,"minecraft:deaths":8,"minecraft:sneak_time":26137,"minecraft:walk_under_water_one_cm":569,"minecraft:boat_one_cm":14435,"minecraft:jump":118,"minecraft:walk_on_water_one_cm":487,"minecraft:total_world_time":149883,"minecraft:fall_one_cm":2331},"minecraft:picked_up":{"minecraft:wooden_axe":5,"minecraft:mud":122,"minecraft:crafting_table":3,"minecraft:clay_ball":176,"minecraft:andesite":40,"minecraft:oak_log":237,"minecraft:dirt":457,"minecraft:raw_copper":156,"minecraft:iron_axe":1,"minecraft:cobbled_deepslate":28,"minecraft:raw_gold":48,"minecraft:cooked_chicken":8,"minecraft:wooden_shovel":2,"minecraft:melon_slice":4,"minecraft:moss_block":247,"minecraft:oak_planks":63,"minecraft:stone_hoe":1,"minecraft:oak_slab":2,"minecraft:stick":12,"minecraft:raw_iron":152,"minecraft:oak_door":1,"minecraft:torch":1,"minecraft:spruce_sapling":8,"minecraft:diorite":40,"minecraft:redstone":170,"minecraft:diamond":17,"minecraft:granite":45,"minecraft:emerald":21,"minecraft:oak_sapling":6,"minecraft:coal":126,"minecraft:cobblestone":376},"minecraft:broken":{"minecraft:stone_pickaxe":3,"minecraft:iron_pickaxe":2,"minecraft:wooden_pickaxe":1},"minecraft:dropped":{"minecraft:stone_hoe":1,"minecraft:iron_ingot":19,"minecraft:moss_block":26,"minecraft:cobblestone":28,"minecraft:dirt":90,"minecraft:wooden_axe":7,"minecraft:bone_meal":57,"minecraft:wooden_pickaxe":2,"minecraft:spruce_sapling":1},"minecraft:mined":{"minecraft:deepslate_redstone_ore":6,"minecraft:oak_sapling":1,"minecraft:farmland":2,"minecraft:deepslate_diamond_ore":8,"immersive_weathering:spruce_leaf_pile":1,"minecraft:clay":38,"minecraft:torch":1,"minecraft:granite":27,"minecraft:grass_block":384,"minecraft:deepslate_coal_ore":15,"minecraft:spruce_leaves":57,"minecraft:deepslate_gold_ore":18,"minecraft:moss_block":207,"minecraft:diorite":22,"minecraft:wall_torch":1,"minecraft:deepslate_copper_ore":15,"minecraft:mud":114,"minecraft:iron_ore":56,"minecraft:andesite":31,"minecraft:oak_log":118,"minecraft:coal_ore":48,"minecraft:deepslate_iron_ore":26,"minecraft:stone":231,"minecraft:deepslate_emerald_ore":12,"minecraft:deepslate":32,"minecraft:oak_leaves":95,"immersive_weathering:oak_leaf_pile":6}},"DataVersion":3465}