{"stats":{"minecraft:used":{"minecraft:wooden_axe":164,"immersive_weathering:charred_slab":1,"minecraft:stone_pickaxe":436,"minecraft:oak_planks":15,"minecraft:chest":1,"minecraft:wooden_pickaxe":190,"minecraft:stone_hoe":2,"minecraft:wooden_shovel":56,"minecraft:cooked_chicken":1,"minecraft:stone_axe":124,"minecraft:dirt":23,"minecraft:cobblestone":52,"minecraft:crafting_table":3,"minecraft:oak_boat":1},"minecraft:crafted":{"minecraft:oak_boat":4,"minecraft:oak_planks":88,"minecraft:raw_iron":2,"minecraft:wooden_shovel":1,"minecraft:charcoal":13,"minecraft:stick":56,"minecraft:wooden_pickaxe":4,"minecraft:stone_pickaxe":4,"minecraft:wooden_axe":5,"immersive_weathering:charred_slab":1,"minecraft:chest":1,"minecraft:stone_axe":2},"minecraft:custom":{"minecraft:time_since_rest":75739,"minecraft:interact_with_furnace":17,"minecraft:sprint_one_cm":4179,"minecraft:damage_taken":1447,"minecraft:walk_one_cm":175841,"minecraft:drop":69,"minecraft:damage_dealt":71,"minecraft:traded_with_villager":2,"minecraft:talked_to_villager":42,"minecraft:interact_with_crafting_table":20,"minecraft:fly_one_cm":2110,"minecraft:open_chest":44,"minecraft:crouch_one_cm":5811,"minecraft:play_time":89883,"minecraft:deaths":6,"minecraft:sneak_time":19741,"minecraft:boat_one_cm":5390,"minecraft:jump":76,"minecraft:time_since_death":75691,"minecraft:total_world_time":89883,"minecraft:fall_one_cm":1556},"minecraft:picked_up":{"minecraft:wooden_axe":5,"minecraft:raw_iron":69,"minecraft:oak_slab":2,"minecraft:mud":80,"minecraft:stick":3,"minecraft:crafting_table":3,"minecraft:clay_ball":40,"minecraft:oak_door":1,"minecraft:andesite":9,"minecraft:oak_log":163,"minecraft:spruce_sapling":5,"minecraft:diorite":7,"minecraft:dirt":317,"minecraft:granite":6,"minecraft:cooked_chicken":7,"minecraft:wooden_shovel":2,"minecraft:stone_hoe":1,"minecraft:oak_sapling":4,"minecraft:moss_block":176,"minecraft:oak_planks":62,"minecraft:coal":60,"minecraft:cobblestone":246},"minecraft:broken":{"minecraft:wooden_pickaxe":1,"minecraft:stone_pickaxe":3},"minecraft:dropped":{"minecraft:dirt":72,"minecraft:moss_block":26,"minecraft:wooden_axe":7,"minecraft:cobblestone":28,"minecraft:wooden_pickaxe":2,"minecraft:spruce_sapling":1},"minecraft:mined":{"minecraft:mud":76,"minecraft:iron_ore":51,"immersive_weathering:spruce_leaf_pile":1,"minecraft:andesite":9,"minecraft:granite":7,"minecraft:clay":12,"minecraft:coal_ore":45,"minecraft:grass_block":269,"minecraft:oak_log":48,"minecraft:spruce_leaves":30,"minecraft:stone":169,"minecraft:moss_block":140,"minecraft:diorite":5,"minecraft:oak_leaves":41}},"DataVersion":3465}