{"stats":{"minecraft:killed_by":{"minecraft:skeleton":1,"minecraft:creeper":2,"minecraft:spider":1,"minecraft:enderman":1,"midnightlurker:midnight_lurker_stare":1,"boh:light_head":2,"midnightlurker:midnight_lurker_unprovoked":1},"minecraft:mined":{"minecraft:nether_gold_ore":11,"minecraft:deepslate_redstone_ore":40,"minecraft:oak_slab":3,"minecraft:soul_sand":12,"minecraft:blackstone":21,"minecraft:deepslate_diamond_ore":30,"minecraft:crimson_nylium":9,"the_silence:sad_satan":11,"minecraft:dandelion":2,"minecraft:sea_lantern":1,"minecraft:obsidian":24,"minecraft:clay":26,"minecraft:granite":17,"minecraft:grass_block":115,"minecraft:nether_quartz_ore":17,"minecraft:soul_soil":12,"minecraft:cobblestone":2,"minecraft:deepslate_coal_ore":50,"minecraft:spruce_leaves":34,"minecraft:deepslate_gold_ore":28,"endofherobrine:mossy_stone_bricks":5,"minecraft:sugar_cane":3,"minecraft:moss_block":49,"minecraft:oak_planks":29,"minecraft:sculk":21,"minecraft:diorite":21,"minecraft:amethyst_block":33,"minecraft:deepslate_copper_ore":30,"minecraft:warped_nylium":14,"minecraft:glowstone":15,"minecraft:carrots":70,"minecraft:fire":1,"minecraft:mud":42,"minecraft:wheat":49,"minecraft:cobbled_deepslate":3,"minecraft:andesite":18,"minecraft:potatoes":12,"minecraft:oak_log":51,"minecraft:cobblestone_slab":1,"minecraft:deepslate_iron_ore":48,"minecraft:dirt":5,"minecraft:cracked_stone_bricks":14,"minecraft:stone":93,"minecraft:ancient_debris":14,"minecraft:netherrack":13,"minecraft:oak_leaves":48,"minecraft:deepslate_emerald_ore":34,"minecraft:deepslate":32},"minecraft:crafted":{"minecraft:oak_slab":42,"minecraft:cobblestone_slab":18,"minecraft:diamond_axe":1,"minecraft:baked_potato":23,"minecraft:iron_helmet":1,"minecraft:diamond_shovel":1,"minecraft:air":0,"minecraft:oak_trapdoor":4,"minecraft:iron_boots":1,"minecraft:iron_chestplate":1,"minecraft:diamond_pickaxe":1,"minecraft:shield":1,"minecraft:stick":32,"minecraft:iron_ingot":114,"minecraft:chest":2,"minecraft:gold_ingot":48,"minecraft:iron_leggings":1},"minecraft:custom":{"minecraft:interact_with_furnace":26,"minecraft:mob_kills":12,"minecraft:interact_with_crafting_table":13,"minecraft:damage_dealt_resisted":152,"minecraft:time_since_death":25,"minecraft:time_since_rest":106,"minecraft:sprint_one_cm":71078,"minecraft:damage_taken":4531,"minecraft:walk_one_cm":387680,"minecraft:damage_blocked_by_shield":690,"minecraft:damage_dealt":2512,"minecraft:talked_to_villager":19,"minecraft:fly_one_cm":18002,"minecraft:open_chest":129,"minecraft:crouch_one_cm":36689,"minecraft:play_time":117536,"minecraft:deaths":13,"minecraft:sneak_time":10057,"minecraft:walk_under_water_one_cm":14543,"minecraft:boat_one_cm":2430,"minecraft:jump":182,"minecraft:walk_on_water_one_cm":5981,"minecraft:total_world_time":117536,"minecraft:fall_one_cm":9068},"minecraft:picked_up":{"minecraft:wheat":41,"minecraft:mud":41,"minecraft:iron_chestplate":1,"minecraft:iron_door":1,"minecraft:clay_ball":88,"minecraft:andesite":18,"minecraft:brown_mushroom":1,"minecraft:potato":34,"minecraft:oak_log":48,"minecraft:ancient_debris":16,"minecraft:shield":3,"minecraft:string":8,"minecraft:amethyst_block":34,"minecraft:dirt":128,"minecraft:raw_copper":105,"minecraft:soul_soil":12,"minecraft:iron_leggings":1,"minecraft:bone":4,"minecraft:blackstone":24,"minecraft:cracked_stone_bricks":14,"minecraft:wheat_seeds":117,"minecraft:gold_nugget":51,"minecraft:cobbled_deepslate":37,"minecraft:raw_gold":28,"minecraft:oak_boat":1,"minecraft:redstone_torch":1,"minecraft:cobblestone_slab":1,"minecraft:sugar_cane":5,"minecraft:glowstone_dust":45,"minecraft:moss_block":48,"minecraft:oak_planks":34,"minecraft:soul_sand":12,"minecraft:iron_boots":1,"minecraft:oak_slab":6,"minecraft:stick":3,"minecraft:raw_iron":49,"minecraft:torch":2,"minecraft:quartz":16,"minecraft:dandelion":2,"the_silence:sad_satan":21,"minecraft:amethyst_shard":1,"minecraft:stone_button":2,"minecraft:spruce_sapling":3,"minecraft:diorite":21,"minecraft:carrot":230,"minecraft:redstone":181,"minecraft:spider_eye":2,"minecraft:stone_sword":2,"minecraft:arrow":6,"minecraft:slime_ball":4,"minecraft:diamond":31,"minecraft:iron_helmet":1,"minecraft:diamond_axe":1,"minecraft:granite":16,"minecraft:baked_potato":4,"minecraft:emerald":32,"minecraft:oak_sapling":4,"minecraft:netherrack":37,"minecraft:obsidian":22,"minecraft:coal":53,"minecraft:oxeye_daisy":1,"minecraft:cobblestone":166,"minecraft:diamond_pickaxe":1},"minecraft:used":{"minecraft:wheat_seeds":48,"minecraft:moss_block":2,"minecraft:oak_trapdoor":4,"minecraft:stone_sword":78,"minecraft:oak_planks":9,"minecraft:baked_potato":6,"minecraft:blackstone":2,"minecraft:chest":1,"minecraft:shield":15,"minecraft:cobblestone_slab":1,"minecraft:diamond_axe":58,"minecraft:cracked_stone_bricks":14,"minecraft:torch":1,"minecraft:dirt":111,"minecraft:oak_slab":43,"minecraft:carrot":74,"minecraft:iron_hoe":131,"minecraft:diamond_pickaxe":953,"minecraft:iron_axe":12,"minecraft:iron_pickaxe":40,"minecraft:cobblestone":41,"minecraft:oak_boat":1,"the_silence:sad_satan":1,"minecraft:cobbled_deepslate":3,"minecraft:potato":6,"minecraft:dandelion":1},"minecraft:killed":{"minecraft:spider":5,"minecraft:skeleton":3,"minecraft:zombie":1,"minecraft:enderman":1}},"DataVersion":3465}