{"stats":{"minecraft:used":{"minecraft:wooden_axe":121,"immersive_weathering:charred_slab":1,"minecraft:chest":1,"minecraft:wooden_pickaxe":151,"minecraft:wooden_shovel":56,"minecraft:dirt":23,"minecraft:crafting_table":3},"minecraft:crafted":{"minecraft:oak_boat":2,"minecraft:oak_planks":56,"minecraft:raw_iron":2,"minecraft:wooden_shovel":1,"minecraft:charcoal":13,"minecraft:stick":40,"minecraft:wooden_pickaxe":3,"minecraft:wooden_axe":4,"immersive_weathering:charred_slab":1,"minecraft:chest":1},"minecraft:custom":{"minecraft:time_since_rest":21739,"minecraft:interact_with_furnace":8,"minecraft:sprint_one_cm":3083,"minecraft:damage_taken":1446,"minecraft:walk_one_cm":34972,"minecraft:drop":63,"minecraft:damage_dealt":61,"minecraft:traded_with_villager":2,"minecraft:talked_to_villager":14,"minecraft:interact_with_crafting_table":10,"minecraft:fly_one_cm":1640,"minecraft:open_chest":16,"minecraft:crouch_one_cm":4973,"minecraft:play_time":35883,"minecraft:deaths":6,"minecraft:sneak_time":16218,"minecraft:jump":18,"minecraft:time_since_death":21691,"minecraft:total_world_time":35883},"minecraft:picked_up":{"minecraft:wooden_axe":5,"minecraft:oak_slab":2,"minecraft:mud":41,"minecraft:stick":3,"minecraft:crafting_table":3,"minecraft:oak_door":1,"minecraft:oak_log":106,"minecraft:spruce_sapling":3,"minecraft:dirt":195,"minecraft:cooked_chicken":7,"minecraft:wooden_shovel":2,"minecraft:oak_sapling":3,"minecraft:moss_block":105,"minecraft:oak_planks":58,"minecraft:coal":2,"minecraft:cobblestone":115},"minecraft:broken":{"minecraft:wooden_pickaxe":1},"minecraft:dropped":{"minecraft:dirt":68,"minecraft:moss_block":26,"minecraft:wooden_axe":5,"minecraft:cobblestone":28},"minecraft:mined":{"minecraft:mud":35,"minecraft:grass_block":135,"minecraft:oak_log":1,"minecraft:spruce_leaves":4,"minecraft:stone":60,"minecraft:moss_block":66,"minecraft:oak_leaves":3}},"DataVersion":3465}