{"stats":{"minecraft:custom":{"minecraft:mob_kills":42,"minecraft:animals_bred":1,"minecraft:interact_with_crafting_table":74,"minecraft:damage_dealt_resisted":587,"minecraft:leave_game":19,"minecraft:time_since_death":833,"minecraft:sprint_one_cm":259339,"minecraft:walk_one_cm":2485892,"minecraft:damage_blocked_by_shield":960,"minecraft:drop":18,"minecraft:talked_to_villager":47,"minecraft:play_time":667927,"minecraft:sneak_time":50697,"minecraft:deaths":92,"minecraft:walk_under_water_one_cm":196073,"minecraft:boat_one_cm":14777,"minecraft:jump":1477,"minecraft:interact_with_brewingstand":1,"minecraft:walk_on_water_one_cm":146160,"minecraft:total_world_time":667927,"minecraft:interact_with_furnace":61,"minecraft:sleep_in_bed":19,"minecraft:time_since_rest":860,"minecraft:damage_taken":158386,"minecraft:damage_dealt":8035,"minecraft:player_kills":2,"minecraft:swim_one_cm":2334,"minecraft:fly_one_cm":95556,"minecraft:open_chest":848,"minecraft:crouch_one_cm":174938,"minecraft:fall_one_cm":39242,"minecraft:horse_one_cm":998},"minecraft:mined":{"minecraft:nether_gold_ore":38,"minecraft:mossy_cobblestone":2,"minecraft:deepslate_diamond_ore":94,"minecraft:cherry_log":89,"the_silence:sad_satan":95,"minecraft:sea_lantern":1,"minecraft:obsidian":71,"minecraft:granite":62,"minecraft:grass_block":529,"minecraft:soul_soil":35,"minecraft:spruce_leaves":120,"minecraft:moss_block":144,"minecraft:oak_wall_sign":5,"minecraft:magma_block":1,"minecraft:oak_trapdoor":3,"minecraft:mossy_cobblestone_slab":5,"minecraft:glowstone":49,"minecraft:carrots":70,"minecraft:cobbled_deepslate":3,"minecraft:fire":1,"minecraft:andesite":70,"minecraft:potatoes":13,"minecraft:deepslate_iron_ore":165,"minecraft:cobblestone_slab":43,"immersive_weathering:loam":10,"minecraft:azalea":2,"minecraft:stone":310,"immersive_weathering:oak_leaf_pile":10,"minecraft:deepslate_redstone_ore":118,"minecraft:oak_slab":5,"minecraft:soul_sand":28,"minecraft:blackstone":81,"minecraft:crimson_nylium":36,"immersive_weathering:spruce_leaf_pile":3,"minecraft:dandelion":2,"minecraft:clay":71,"minecraft:torch":6,"minecraft:chest":2,"minecraft:nether_quartz_ore":39,"minecraft:tall_grass":1,"minecraft:cobblestone":2020,"minecraft:deepslate_coal_ore":163,"minecraft:deepslate_gold_ore":116,"minecraft:oak_planks":29,"minecraft:sugar_cane":14,"endofherobrine:mossy_stone_bricks":5,"minecraft:sculk":77,"minecraft:diorite":73,"minecraft:wall_torch":3,"minecraft:amethyst_block":95,"minecraft:deepslate_copper_ore":97,"immersive_weathering:cherry_leaf_pile":198,"minecraft:warped_nylium":47,"minecraft:mud":114,"minecraft:wheat":49,"minecraft:oak_log":262,"minecraft:cherry_leaves":8,"minecraft:dirt":7,"minecraft:cracked_stone_bricks":14,"minecraft:ancient_debris":44,"minecraft:netherrack":46,"minecraft:deepslate_emerald_ore":108,"minecraft:oak_leaves":178,"minecraft:deepslate":109},"minecraft:dropped":{"minecraft:water_bucket":1,"minecraft:iron_sword":1,"minecraft:lapis_lazuli":1,"minecraft:cobblestone":53,"minecraft:dirt":117,"minecraft:mossy_cobblestone_slab":5,"minecraft:mud":1,"minecraft:raw_iron":3,"minecraft:cherry_sapling":4,"minecraft:oak_sign":1,"minecraft:cobblestone_slab":16,"minecraft:diamond_pickaxe":1},"minecraft:killed":{"minecraft:zombified_piglin":2,"minecraft:spider":10,"minecraft:skeleton":5,"cartoon_cat:cartoon_cat":1,"minecraft:bat":11,"minecraft:creeper":1,"minecraft:zombie":3,"minecraft:enderman":4},"minecraft:used":{"minecraft:oak_trapdoor":4,"minecraft:moss_block":3,"minecraft:cherry_sapling":8,"minecraft:stone_sword":80,"minecraft:iron_shovel":226,"minecraft:oak_sign":14,"minecraft:chest":12,"minecraft:shield":19,"minecraft:iron_sword":6,"minecraft:rotten_flesh":3,"minecraft:netherrack":1,"minecraft:torch":63,"minecraft:dirt":137,"minecraft:carrot":79,"minecraft:oak_fence_gate":1,"minecraft:iron_hoe":294,"minecraft:flowering_azalea":1,"minecraft:iron_axe":209,"minecraft:mossy_cobblestone_slab":3,"minecraft:glowstone":23,"minecraft:oak_sapling":2,"minecraft:egg":7,"minecraft:potato":7,"minecraft:cobbled_deepslate":7,"minecraft:wheat_seeds":48,"minecraft:water_bucket":7,"minecraft:baked_potato":12,"minecraft:oak_planks":9,"minecraft:blackstone":2,"minecraft:cobblestone_slab":555,"minecraft:diamond_axe":260,"minecraft:cracked_stone_bricks":14,"minecraft:oak_slab":43,"minecraft:crafting_table":2,"minecraft:diamond_pickaxe":3841,"minecraft:iron_pickaxe":1406,"minecraft:cat_spawn_egg":1,"minecraft:diamond_sword":1,"minecraft:cobblestone":641,"minecraft:bucket":6,"minecraft:oak_boat":7,"minecraft:dandelion":1,"the_silence:sad_satan":3,"minecraft:bone_meal":42},"minecraft:picked_up":{"minecraft:fishing_rod":2,"minecraft:mud":115,"minecraft:iron_chestplate":2,"minecraft:wheat":41,"minecraft:clay_ball":284,"minecraft:brown_mushroom":1,"minecraft:shield":7,"minecraft:amethyst_block":98,"minecraft:cat_spawn_egg":1,"minecraft:string":25,"minecraft:oak_trapdoor":3,"minecraft:raw_copper":371,"minecraft:soul_soil":34,"minecraft:iron_axe":1,"minecraft:iron_leggings":3,"minecraft:iron_shovel":1,"minecraft:blackstone":92,"minecraft:oak_sign":10,"minecraft:cracked_stone_bricks":14,"minecraft:cobbled_deepslate":122,"minecraft:gold_nugget":168,"minecraft:bucket":3,"minecraft:oak_boat":10,"minecraft:redstone_torch":1,"minecraft:cobblestone_slab":269,"minecraft:azalea":2,"minecraft:iron_pickaxe":6,"minecraft:melon_slice":7,"minecraft:sugar_cane":16,"minecraft:chest":2,"minecraft:iron_boots":2,"minecraft:egg":6,"minecraft:stick":79,"minecraft:raw_iron":179,"minecraft:copper_ingot":64,"minecraft:torch":102,"the_silence:sad_satan":150,"minecraft:cherry_log":101,"minecraft:stone_button":2,"minecraft:diorite":68,"minecraft:carrot":230,"minecraft:redstone":569,"minecraft:stone_sword":3,"minecraft:arrow":12,"minecraft:rotten_flesh":5,"minecraft:gold_ingot":10,"minecraft:obsidian":84,"minecraft:cobblestone":2507,"minecraft:oxeye_daisy":1,"minecraft:mossy_cobblestone_slab":13,"the_silence:flashlight":1,"minecraft:iron_door":1,"minecraft:water_bucket":5,"minecraft:andesite":74,"minecraft:red_mushroom":1,"boh:wf_pistol":1,"minecraft:potato":35,"minecraft:oak_log":321,"minecraft:ancient_debris":48,"minecraft:gunpowder":3,"minecraft:lapis_lazuli":3,"minecraft:dirt":597,"minecraft:bone":11,"minecraft:apple":2,"minecraft:bow":1,"minecraft:wheat_seeds":117,"minecraft:raw_gold":122,"minecraft:rabbit_hide":1,"minecraft:glowstone_dust":144,"minecraft:moss_block":173,"minecraft:iron_sword":2,"minecraft:flowering_azalea":1,"minecraft:oak_planks":34,"minecraft:soul_sand":33,"minecraft:oak_slab":6,"minecraft:warped_fungus":2,"minecraft:quartz":39,"minecraft:dandelion":2,"minecraft:lava_bucket":1,"minecraft:amethyst_shard":1,"minecraft:spruce_sapling":6,"minecraft:spider_eye":3,"minecraft:mossy_cobblestone":1,"minecraft:sugar":3,"minecraft:slime_ball":8,"minecraft:diamond":103,"minecraft:iron_helmet":3,"minecraft:granite":83,"minecraft:diamond_axe":5,"minecraft:cherry_sapling":67,"minecraft:emerald":108,"minecraft:baked_potato":55,"minecraft:oak_sapling":12,"minecraft:netherrack":137,"minecraft:coal":170,"minecraft:ender_pearl":3,"minecraft:diamond_pickaxe":4},"minecraft:killed_by":{"the_silence:the_silence_principal":1,"endofherobrine:cow":1,"minecraft:player":2,"minecraft:zombified_piglin":1,"minecraft:creeper":7,"minecraft:spider":4,"minecraft:enderman":1,"cartoon_cat:cartoon_cat_chase":1,"sanitydim:rotting_stalker":1,"shut_your_eyes:agony":10,"man:managgresive":3,"sanitydim:sneaking_terror":3,"minecraft:skeleton":7,"autizmzrake:rake":2,"minecraft:zombie":1,"midnightlurker:midnight_lurker_stare":1,"boh:light_head":2,"midnightlurker:midnight_lurker_unprovoked":5},"minecraft:broken":{"minecraft:iron_pickaxe":2},"minecraft:crafted":{"minecraft:oak_planks":316,"minecraft:cobblestone_slab":522,"minecraft:oak_sign":12,"minecraft:bone_meal":3,"minecraft:diamond_shovel":1,"minecraft:oak_trapdoor":4,"minecraft:iron_boots":2,"minecraft:iron_axe":2,"minecraft:iron_hoe":1,"minecraft:chest":11,"minecraft:oak_slab":42,"minecraft:diamond_sword":1,"minecraft:diamond_axe":4,"minecraft:crafting_table":2,"minecraft:iron_helmet":1,"minecraft:baked_potato":37,"minecraft:iron_sword":1,"minecraft:glowstone":25,"minecraft:air":0,"minecraft:oak_fence_gate":1,"minecraft:oak_boat":2,"minecraft:iron_chestplate":2,"minecraft:diamond_pickaxe":8,"minecraft:shield":1,"minecraft:stick":272,"minecraft:iron_ingot":208,"minecraft:iron_pickaxe":9,"minecraft:iron_shovel":1,"minecraft:iron_leggings":1,"minecraft:gold_ingot":48,"minecraft:torch":124}},"DataVersion":3465}