{"stats":{"minecraft:mined":{"minecraft:brown_mushroom":2,"minecraft:jungle_leaves":12,"minecraft:crafting_table":2,"minecraft:granite":40,"minecraft:grass_block":17,"minecraft:melon":2,"minecraft:jungle_log":27,"minecraft:copper_ore":12,"minecraft:sugar_cane":2,"minecraft:moss_block":11,"minecraft:rooted_dirt":8,"minecraft:coarse_dirt":16,"minecraft:furnace":1,"minecraft:pumpkin":3,"minecraft:grass":98,"minecraft:oak_log":7,"minecraft:coal_ore":17,"minecraft:vine":11,"minecraft:cocoa":2,"minecraft:dirt":17,"minecraft:bamboo":2,"minecraft:stone":59,"minecraft:oak_leaves":4,"minecraft:fern":24},"minecraft:killed_by":{"minecraft:zombie":1,"whisperwoods:zotzpyre":5},"minecraft:picked_up":{"minecraft:cocoa_beans":6,"minecraft:coarse_dirt":16,"minecraft:crafting_table":2,"minecraft:feather":10,"minecraft:chicken":7,"minecraft:jungle_log":27,"minecraft:leather":2,"minecraft:brown_mushroom":2,"minecraft:oak_log":7,"minecraft:string":2,"minecraft:dirt":34,"tombstone:gift":1,"minecraft:raw_copper":34,"minecraft:wheat_seeds":8,"minecraft:beef":5,"minecraft:jungle_sapling":3,"minecraft:bamboo":60,"minecraft:melon_slice":8,"minecraft:moss_block":6,"minecraft:egg":5,"minecraft:furnace":1,"minecraft:stick":4,"minecraft:pumpkin":3,"minecraft:porkchop":1,"tombstone:grave_dust":1,"minecraft:rotten_flesh":1,"minecraft:granite":40,"minecraft:rooted_dirt":8,"minecraft:mutton":13,"minecraft:coal":17,"minecraft:white_wool":9,"minecraft:cobblestone":59},"minecraft:crafted":{"minecraft:cooked_beef":3,"minecraft:wooden_sword":1,"minecraft:stone_shovel":1,"minecraft:crafting_table":4,"minecraft:wooden_pickaxe":1,"minecraft:furnace":1,"minecraft:stone_axe":1,"minecraft:air":0,"minecraft:jungle_planks":60,"minecraft:charcoal":11,"minecraft:stick":48,"minecraft:stone_pickaxe":1,"minecraft:wooden_axe":1,"minecraft:stone_sword":1,"minecraft:white_bed":1,"minecraft:torch":16},"minecraft:used":{"minecraft:stone_sword":174,"minecraft:stone_shovel":50,"minecraft:stone_pickaxe":113,"minecraft:wooden_pickaxe":39,"minecraft:torch":4,"minecraft:dirt":9,"minecraft:crafting_table":3,"minecraft:white_bed":1,"minecraft:wooden_axe":16,"minecraft:melon_slice":8,"minecraft:jungle_log":1,"minecraft:stone_axe":19,"minecraft:wooden_sword":60,"minecraft:furnace":1,"tombstone:gift":1,"minecraft:egg":1,"minecraft:cooked_beef":2},"minecraft:killed":{"minecraft:pig":1,"minecraft:spider":1,"minecraft:sheep":9,"minecraft:zombie":1,"minecraft:chicken":7,"minecraft:cow":3},"minecraft:custom":{"minecraft:interact_with_furnace":6,"minecraft:mob_kills":22,"minecraft:interact_with_crafting_table":3,"minecraft:leave_game":2,"minecraft:time_since_death":1996,"minecraft:sleep_in_bed":1,"minecraft:climb_one_cm":3091,"minecraft:time_since_rest":1315,"minecraft:sprint_one_cm":39820,"minecraft:damage_taken":2010,"minecraft:walk_one_cm":100304,"minecraft:damage_dealt":2162,"minecraft:swim_one_cm":4284,"minecraft:fly_one_cm":105983,"tombstone:undead_killed":1,"minecraft:play_time":37294,"minecraft:deaths":6,"minecraft:sneak_time":11,"minecraft:walk_under_water_one_cm":2239,"minecraft:jump":669,"minecraft:walk_on_water_one_cm":14172,"minecraft:total_world_time":37294,"minecraft:fall_one_cm":15363}},"DataVersion":3120}