{"stats":{"minecraft:mined":{"minecraft:coarse_dirt":10,"minecraft:jungle_leaves":12,"minecraft:crafting_table":1,"minecraft:grass":32,"minecraft:grass_block":8,"minecraft:oak_log":7,"minecraft:vine":9,"minecraft:cocoa":2,"minecraft:jungle_log":27,"minecraft:dirt":17,"minecraft:bamboo":2,"minecraft:stone":17,"minecraft:moss_block":5,"minecraft:oak_leaves":4,"minecraft:rooted_dirt":8,"minecraft:fern":9},"minecraft:killed_by":{"whisperwoods:zotzpyre":1,"minecraft:zombie":1},"minecraft:picked_up":{"minecraft:crafting_table":1,"minecraft:cocoa_beans":6,"minecraft:stick":4,"minecraft:coarse_dirt":10,"minecraft:jungle_log":27,"minecraft:leather":2,"minecraft:oak_log":7,"minecraft:dirt":24,"minecraft:string":2,"minecraft:wheat_seeds":1,"minecraft:beef":3,"minecraft:jungle_sapling":1,"minecraft:rooted_dirt":8,"minecraft:bamboo":11,"minecraft:moss_block":3,"minecraft:cobblestone":17,"minecraft:egg":1},"minecraft:crafted":{"minecraft:cooked_beef":3,"minecraft:wooden_sword":1,"minecraft:stone_shovel":1,"minecraft:crafting_table":4,"minecraft:stick":16,"minecraft:wooden_pickaxe":1,"minecraft:stone_pickaxe":1,"minecraft:wooden_axe":1,"minecraft:stone_sword":1,"minecraft:furnace":1,"minecraft:stone_axe":1,"minecraft:jungle_planks":32},"minecraft:used":{"minecraft:wooden_axe":16,"minecraft:stone_shovel":29,"minecraft:jungle_log":1,"minecraft:wooden_pickaxe":39,"minecraft:stone_axe":19,"minecraft:wooden_sword":60,"minecraft:crafting_table":2,"minecraft:furnace":1,"minecraft:cooked_beef":1,"minecraft:egg":1},"minecraft:killed":{"minecraft:spider":1,"minecraft:cow":2},"minecraft:custom":{"minecraft:time_since_rest":8401,"minecraft:interact_with_furnace":2,"minecraft:sprint_one_cm":9239,"minecraft:damage_taken":630,"minecraft:walk_one_cm":32280,"minecraft:mob_kills":3,"minecraft:damage_dealt":596,"minecraft:interact_with_crafting_table":2,"minecraft:fly_one_cm":9584,"minecraft:play_time":13700,"minecraft:deaths":2,"minecraft:sneak_time":11,"minecraft:jump":142,"minecraft:leave_game":1,"minecraft:walk_on_water_one_cm":7028,"minecraft:time_since_death":8608,"minecraft:total_world_time":13700,"minecraft:climb_one_cm":1053,"minecraft:fall_one_cm":1736}},"DataVersion":3120}