{"stats":{"minecraft:killed_by":{"minecraft:spider":1,"midnightlurker:midnight_lurker_unprovoked":1},"minecraft:mined":{"minecraft:nether_gold_ore":2,"minecraft:deepslate_redstone_ore":23,"minecraft:oak_slab":1,"minecraft:soul_sand":6,"minecraft:blackstone":11,"minecraft:deepslate_diamond_ore":13,"minecraft:crimson_nylium":6,"minecraft:dandelion":1,"minecraft:obsidian":10,"minecraft:clay":17,"minecraft:granite":9,"minecraft:grass_block":74,"minecraft:nether_quartz_ore":6,"minecraft:soul_soil":6,"minecraft:deepslate_coal_ore":23,"minecraft:spruce_leaves":19,"minecraft:deepslate_gold_ore":13,"minecraft:moss_block":24,"minecraft:oak_planks":23,"minecraft:sculk":10,"minecraft:diorite":11,"minecraft:amethyst_block":23,"minecraft:deepslate_copper_ore":16,"minecraft:warped_nylium":8,"minecraft:glowstone":9,"minecraft:mud":20,"minecraft:andesite":12,"minecraft:oak_log":20,"minecraft:deepslate_iron_ore":28,"minecraft:dirt":5,"minecraft:stone":55,"minecraft:ancient_debris":5,"minecraft:netherrack":8,"minecraft:oak_leaves":18,"minecraft:deepslate_emerald_ore":19,"minecraft:deepslate":11},"minecraft:crafted":{"minecraft:oak_slab":42,"minecraft:iron_helmet":1,"minecraft:oak_trapdoor":4,"minecraft:iron_boots":1,"minecraft:iron_chestplate":1,"minecraft:shield":1,"minecraft:stick":32,"minecraft:iron_ingot":34,"minecraft:iron_leggings":1},"minecraft:custom":{"minecraft:interact_with_furnace":9,"minecraft:mob_kills":1,"minecraft:interact_with_crafting_table":5,"minecraft:time_since_death":36477,"minecraft:time_since_rest":36502,"minecraft:sprint_one_cm":11818,"minecraft:damage_taken":810,"minecraft:walk_one_cm":77228,"minecraft:damage_dealt":49,"minecraft:talked_to_villager":1,"minecraft:fly_one_cm":4228,"minecraft:open_chest":35,"minecraft:crouch_one_cm":14233,"minecraft:play_time":39536,"minecraft:deaths":3,"minecraft:sneak_time":5384,"minecraft:walk_under_water_one_cm":2307,"minecraft:jump":40,"minecraft:walk_on_water_one_cm":1997,"minecraft:total_world_time":39536,"minecraft:fall_one_cm":805},"minecraft:picked_up":{"minecraft:mud":18,"minecraft:clay_ball":60,"minecraft:andesite":12,"minecraft:oak_log":17,"minecraft:ancient_debris":5,"minecraft:amethyst_block":23,"minecraft:dirt":69,"minecraft:raw_copper":50,"minecraft:soul_soil":6,"minecraft:blackstone":11,"minecraft:gold_nugget":7,"minecraft:cobbled_deepslate":11,"minecraft:raw_gold":13,"minecraft:glowstone_dust":25,"minecraft:moss_block":24,"minecraft:oak_planks":22,"minecraft:soul_sand":6,"minecraft:oak_slab":1,"minecraft:stick":2,"minecraft:raw_iron":27,"minecraft:quartz":5,"minecraft:dandelion":1,"minecraft:spruce_sapling":1,"minecraft:diorite":11,"minecraft:redstone":101,"minecraft:diamond":13,"minecraft:granite":9,"minecraft:emerald":16,"minecraft:netherrack":20,"minecraft:obsidian":9,"minecraft:coal":22,"minecraft:cobblestone":52},"minecraft:used":{"minecraft:oak_trapdoor":4,"minecraft:diamond_axe":20,"minecraft:dirt":64,"minecraft:oak_slab":43,"minecraft:diamond_pickaxe":516,"minecraft:iron_axe":1,"minecraft:cobblestone":1,"minecraft:dandelion":1}},"DataVersion":3465}