{"stats":{"minecraft:used":{"minecraft:stone_pickaxe":480,"minecraft:oak_planks":15,"minecraft:chest":1,"minecraft:wooden_pickaxe":190,"minecraft:wooden_shovel":56,"minecraft:cooked_chicken":1,"minecraft:stone_hoe":24,"minecraft:dirt":51,"minecraft:crafting_table":3,"minecraft:wooden_axe":164,"minecraft:iron_axe":126,"immersive_weathering:charred_slab":1,"minecraft:stone_axe":160,"minecraft:cobblestone":52,"minecraft:oak_boat":3},"minecraft:crafted":{"minecraft:oak_planks":88,"minecraft:raw_iron":2,"minecraft:wooden_shovel":1,"immersive_weathering:charred_slab":1,"minecraft:wooden_pickaxe":4,"minecraft:stone_axe":2,"minecraft:oak_boat":5,"minecraft:charcoal":13,"minecraft:stick":56,"minecraft:stone_pickaxe":4,"minecraft:wooden_axe":5,"minecraft:chest":1},"minecraft:custom":{"minecraft:interact_with_furnace":19,"minecraft:traded_with_villager":2,"minecraft:interact_with_crafting_table":21,"minecraft:time_since_death":5744,"minecraft:time_since_rest":5781,"minecraft:sprint_one_cm":6016,"minecraft:damage_taken":1677,"minecraft:walk_one_cm":253875,"minecraft:drop":88,"minecraft:damage_dealt":71,"minecraft:talked_to_villager":56,"minecraft:fly_one_cm":2325,"minecraft:open_chest":56,"minecraft:crouch_one_cm":8406,"minecraft:play_time":113883,"minecraft:deaths":7,"minecraft:sneak_time":20505,"minecraft:walk_under_water_one_cm":569,"minecraft:boat_one_cm":14435,"minecraft:jump":99,"minecraft:walk_on_water_one_cm":487,"minecraft:total_world_time":113883,"minecraft:fall_one_cm":2331},"minecraft:picked_up":{"minecraft:wooden_axe":5,"minecraft:mud":99,"minecraft:crafting_table":3,"minecraft:clay_ball":108,"minecraft:andesite":19,"minecraft:oak_log":202,"minecraft:dirt":403,"minecraft:raw_copper":73,"minecraft:iron_axe":1,"minecraft:raw_gold":21,"minecraft:cooked_chicken":8,"minecraft:wooden_shovel":2,"minecraft:moss_block":210,"minecraft:oak_planks":63,"minecraft:stone_hoe":1,"minecraft:oak_slab":2,"minecraft:stick":12,"minecraft:raw_iron":108,"minecraft:oak_door":1,"minecraft:spruce_sapling":6,"minecraft:diorite":23,"minecraft:redstone":91,"minecraft:granite":31,"minecraft:oak_sapling":4,"minecraft:coal":100,"minecraft:cobblestone":323},"minecraft:broken":{"minecraft:stone_pickaxe":3,"minecraft:wooden_pickaxe":1},"minecraft:dropped":{"minecraft:stone_hoe":1,"minecraft:moss_block":26,"minecraft:cobblestone":28,"minecraft:dirt":90,"minecraft:wooden_axe":7,"minecraft:wooden_pickaxe":2,"minecraft:spruce_sapling":1},"minecraft:mined":{"minecraft:oak_sapling":1,"minecraft:farmland":2,"immersive_weathering:spruce_leaf_pile":1,"minecraft:clay":18,"minecraft:torch":1,"minecraft:granite":12,"minecraft:grass_block":324,"minecraft:spruce_leaves":47,"minecraft:moss_block":166,"minecraft:diorite":5,"minecraft:mud":90,"minecraft:iron_ore":56,"minecraft:andesite":10,"minecraft:oak_log":94,"minecraft:coal_ore":48,"minecraft:stone":173,"minecraft:oak_leaves":78,"immersive_weathering:oak_leaf_pile":6}},"DataVersion":3465}