{"stats":{"minecraft:killed_by":{"minecraft:spider":1,"midnightlurker:midnight_lurker_unprovoked":1},"minecraft:mined":{"minecraft:nether_gold_ore":11,"minecraft:deepslate_redstone_ore":40,"minecraft:oak_slab":1,"minecraft:soul_sand":12,"minecraft:blackstone":21,"minecraft:deepslate_diamond_ore":30,"minecraft:crimson_nylium":9,"the_silence:sad_satan":11,"minecraft:dandelion":2,"minecraft:obsidian":24,"minecraft:clay":25,"minecraft:granite":17,"minecraft:grass_block":114,"minecraft:nether_quartz_ore":17,"minecraft:soul_soil":11,"minecraft:deepslate_coal_ore":49,"minecraft:spruce_leaves":33,"minecraft:deepslate_gold_ore":27,"minecraft:moss_block":46,"minecraft:oak_planks":23,"minecraft:sculk":21,"minecraft:diorite":21,"minecraft:amethyst_block":33,"minecraft:deepslate_copper_ore":30,"minecraft:warped_nylium":14,"minecraft:glowstone":14,"minecraft:mud":41,"minecraft:cobbled_deepslate":3,"minecraft:andesite":18,"minecraft:oak_log":51,"minecraft:cobblestone_slab":1,"minecraft:deepslate_iron_ore":48,"minecraft:dirt":5,"minecraft:stone":92,"minecraft:ancient_debris":14,"minecraft:netherrack":13,"minecraft:oak_leaves":32,"minecraft:deepslate_emerald_ore":34,"minecraft:deepslate":30},"minecraft:crafted":{"minecraft:oak_slab":42,"minecraft:diamond_axe":1,"minecraft:baked_potato":9,"minecraft:iron_helmet":1,"minecraft:diamond_shovel":1,"minecraft:air":0,"minecraft:oak_trapdoor":4,"minecraft:iron_boots":1,"minecraft:iron_chestplate":1,"minecraft:diamond_pickaxe":1,"minecraft:shield":1,"minecraft:stick":32,"minecraft:iron_ingot":66,"minecraft:iron_leggings":1},"minecraft:custom":{"minecraft:interact_with_furnace":19,"minecraft:mob_kills":3,"minecraft:interact_with_crafting_table":8,"minecraft:time_since_death":6148,"minecraft:time_since_rest":6246,"minecraft:sprint_one_cm":12162,"minecraft:damage_taken":1711,"minecraft:walk_one_cm":171772,"minecraft:damage_blocked_by_shield":600,"minecraft:damage_dealt":500,"minecraft:talked_to_villager":2,"minecraft:fly_one_cm":5053,"minecraft:open_chest":88,"minecraft:crouch_one_cm":22066,"minecraft:play_time":75536,"minecraft:deaths":4,"minecraft:sneak_time":7505,"minecraft:walk_under_water_one_cm":5523,"minecraft:jump":80,"minecraft:walk_on_water_one_cm":3275,"minecraft:total_world_time":75536,"minecraft:fall_one_cm":7047},"minecraft:picked_up":{"minecraft:mud":40,"minecraft:iron_chestplate":1,"minecraft:clay_ball":84,"minecraft:andesite":18,"minecraft:oak_log":48,"minecraft:ancient_debris":16,"minecraft:shield":1,"minecraft:amethyst_block":34,"minecraft:dirt":127,"minecraft:raw_copper":105,"minecraft:soul_soil":11,"minecraft:iron_leggings":1,"minecraft:bone":2,"minecraft:blackstone":24,"minecraft:gold_nugget":51,"minecraft:cobbled_deepslate":35,"minecraft:raw_gold":27,"minecraft:cobblestone_slab":1,"minecraft:glowstone_dust":41,"minecraft:moss_block":45,"minecraft:oak_planks":22,"minecraft:soul_sand":12,"minecraft:iron_boots":1,"minecraft:oak_slab":1,"minecraft:stick":3,"minecraft:raw_iron":49,"minecraft:quartz":16,"minecraft:dandelion":1,"the_silence:sad_satan":21,"minecraft:spruce_sapling":3,"minecraft:diorite":21,"minecraft:redstone":181,"minecraft:arrow":2,"minecraft:diamond":31,"minecraft:iron_helmet":1,"minecraft:diamond_axe":1,"minecraft:granite":16,"minecraft:emerald":32,"minecraft:oak_sapling":3,"minecraft:netherrack":37,"minecraft:obsidian":22,"minecraft:coal":52,"minecraft:cobblestone":114,"minecraft:diamond_pickaxe":1},"minecraft:used":{"minecraft:moss_block":2,"minecraft:oak_trapdoor":4,"minecraft:baked_potato":3,"minecraft:blackstone":2,"minecraft:shield":10,"minecraft:cobblestone_slab":1,"minecraft:diamond_axe":58,"minecraft:dirt":89,"minecraft:oak_slab":43,"minecraft:diamond_pickaxe":953,"minecraft:iron_axe":12,"minecraft:cobblestone":1,"the_silence:sad_satan":1,"minecraft:cobbled_deepslate":3,"minecraft:potato":6,"minecraft:dandelion":1},"minecraft:killed":{"minecraft:skeleton":1,"minecraft:zombie":1}},"DataVersion":3465}