{"stats":{"minecraft:used":{"minecraft:oak_trapdoor":4,"minecraft:moss_block":3,"minecraft:cherry_sapling":8,"minecraft:stone_sword":80,"minecraft:iron_shovel":226,"minecraft:oak_sign":14,"minecraft:chest":12,"minecraft:shield":19,"minecraft:iron_sword":5,"minecraft:rotten_flesh":3,"minecraft:torch":63,"minecraft:dirt":137,"minecraft:carrot":79,"minecraft:iron_hoe":294,"minecraft:flowering_azalea":1,"minecraft:iron_axe":209,"minecraft:mossy_cobblestone_slab":3,"minecraft:glowstone":23,"minecraft:oak_sapling":2,"minecraft:egg":2,"minecraft:potato":7,"minecraft:cobbled_deepslate":7,"minecraft:wheat_seeds":48,"minecraft:water_bucket":7,"minecraft:baked_potato":12,"minecraft:oak_planks":9,"minecraft:blackstone":2,"minecraft:cobblestone_slab":514,"minecraft:diamond_axe":240,"minecraft:cracked_stone_bricks":14,"minecraft:oak_slab":43,"minecraft:crafting_table":2,"minecraft:diamond_pickaxe":3648,"minecraft:iron_pickaxe":1401,"minecraft:diamond_sword":1,"minecraft:cobblestone":641,"minecraft:bucket":6,"minecraft:oak_boat":5,"minecraft:dandelion":1,"the_silence:sad_satan":3,"minecraft:bone_meal":42},"minecraft:crafted":{"minecraft:oak_planks":288,"minecraft:cobblestone_slab":486,"minecraft:oak_sign":12,"minecraft:bone_meal":3,"minecraft:diamond_shovel":1,"minecraft:oak_trapdoor":4,"minecraft:iron_boots":2,"minecraft:iron_axe":2,"minecraft:iron_hoe":1,"minecraft:chest":11,"minecraft:oak_slab":42,"minecraft:diamond_sword":1,"minecraft:diamond_axe":4,"minecraft:crafting_table":2,"minecraft:iron_helmet":1,"minecraft:baked_potato":37,"minecraft:iron_sword":1,"minecraft:glowstone":25,"minecraft:air":0,"minecraft:oak_boat":1,"minecraft:iron_chestplate":2,"minecraft:diamond_pickaxe":7,"minecraft:shield":1,"minecraft:stick":256,"minecraft:iron_ingot":208,"minecraft:iron_pickaxe":9,"minecraft:iron_shovel":1,"minecraft:iron_leggings":1,"minecraft:gold_ingot":48,"minecraft:torch":124},"minecraft:dropped":{"minecraft:water_bucket":1,"minecraft:iron_sword":1,"minecraft:cobblestone":53,"minecraft:dirt":117,"minecraft:mossy_cobblestone_slab":5,"minecraft:mud":1,"minecraft:raw_iron":3,"minecraft:cherry_sapling":4,"minecraft:oak_sign":1,"minecraft:cobblestone_slab":16,"minecraft:diamond_pickaxe":1},"minecraft:killed":{"minecraft:zombified_piglin":1,"minecraft:spider":8,"minecraft:skeleton":3,"minecraft:bat":11,"minecraft:zombie":3,"minecraft:enderman":3},"minecraft:killed_by":{"the_silence:the_silence_principal":1,"minecraft:creeper":6,"minecraft:spider":1,"minecraft:enderman":1,"sanitydim:rotting_stalker":1,"shut_your_eyes:agony":9,"man:managgresive":3,"sanitydim:sneaking_terror":3,"minecraft:skeleton":5,"autizmzrake:rake":2,"minecraft:zombie":1,"midnightlurker:midnight_lurker_stare":1,"boh:light_head":2,"midnightlurker:midnight_lurker_unprovoked":4},"minecraft:picked_up":{"minecraft:mud":111,"minecraft:iron_chestplate":2,"minecraft:wheat":41,"minecraft:clay_ball":260,"minecraft:brown_mushroom":1,"minecraft:shield":7,"minecraft:amethyst_block":91,"minecraft:string":9,"minecraft:oak_trapdoor":3,"minecraft:raw_copper":343,"minecraft:soul_soil":33,"minecraft:iron_axe":1,"minecraft:iron_leggings":3,"minecraft:iron_shovel":1,"minecraft:blackstone":87,"minecraft:oak_sign":10,"minecraft:cracked_stone_bricks":14,"minecraft:cobbled_deepslate":120,"minecraft:gold_nugget":153,"minecraft:bucket":3,"minecraft:oak_boat":7,"minecraft:redstone_torch":1,"minecraft:cobblestone_slab":263,"minecraft:azalea":2,"minecraft:iron_pickaxe":4,"minecraft:sugar_cane":16,"minecraft:chest":2,"minecraft:iron_boots":2,"minecraft:egg":2,"minecraft:stick":79,"minecraft:raw_iron":174,"minecraft:copper_ingot":64,"minecraft:torch":102,"the_silence:sad_satan":146,"minecraft:cherry_log":101,"minecraft:stone_button":2,"minecraft:diorite":64,"minecraft:carrot":230,"minecraft:redstone":548,"minecraft:stone_sword":3,"minecraft:arrow":9,"minecraft:rotten_flesh":5,"minecraft:obsidian":80,"minecraft:cobblestone":2458,"minecraft:oxeye_daisy":1,"minecraft:mossy_cobblestone_slab":13,"the_silence:flashlight":1,"minecraft:iron_door":1,"minecraft:water_bucket":5,"minecraft:andesite":72,"minecraft:potato":35,"minecraft:oak_log":308,"minecraft:ancient_debris":47,"minecraft:gunpowder":2,"minecraft:lapis_lazuli":1,"minecraft:dirt":575,"minecraft:bone":8,"minecraft:apple":2,"minecraft:bow":1,"minecraft:wheat_seeds":117,"minecraft:raw_gold":116,"minecraft:rabbit_hide":1,"minecraft:glowstone_dust":144,"minecraft:moss_block":167,"minecraft:iron_sword":2,"minecraft:flowering_azalea":1,"minecraft:oak_planks":34,"minecraft:soul_sand":31,"minecraft:oak_slab":6,"minecraft:warped_fungus":2,"minecraft:quartz":38,"minecraft:dandelion":2,"minecraft:lava_bucket":1,"minecraft:amethyst_shard":1,"minecraft:spruce_sapling":6,"minecraft:spider_eye":3,"minecraft:mossy_cobblestone":1,"minecraft:sugar":3,"minecraft:slime_ball":7,"minecraft:diamond":98,"minecraft:iron_helmet":3,"minecraft:granite":78,"minecraft:diamond_axe":4,"minecraft:cherry_sapling":67,"minecraft:emerald":104,"minecraft:baked_potato":55,"minecraft:oak_sapling":12,"minecraft:netherrack":129,"minecraft:coal":162,"minecraft:diamond_pickaxe":4,"minecraft:ender_pearl":2},"minecraft:custom":{"minecraft:mob_kills":32,"minecraft:animals_bred":1,"minecraft:interact_with_crafting_table":65,"minecraft:damage_dealt_resisted":587,"minecraft:leave_game":17,"minecraft:time_since_death":5502,"minecraft:sprint_one_cm":225189,"minecraft:walk_one_cm":2151441,"minecraft:damage_blocked_by_shield":960,"minecraft:drop":17,"minecraft:talked_to_villager":38,"minecraft:play_time":602864,"minecraft:sneak_time":47124,"minecraft:deaths":74,"minecraft:walk_under_water_one_cm":172329,"minecraft:boat_one_cm":13013,"minecraft:jump":1278,"minecraft:walk_on_water_one_cm":139501,"minecraft:total_world_time":602864,"minecraft:interact_with_furnace":59,"minecraft:sleep_in_bed":18,"minecraft:time_since_rest":5534,"minecraft:damage_taken":131685,"minecraft:damage_dealt":7021,"minecraft:player_kills":1,"minecraft:swim_one_cm":407,"minecraft:fly_one_cm":84184,"minecraft:open_chest":727,"minecraft:crouch_one_cm":155990,"minecraft:fall_one_cm":24565,"minecraft:horse_one_cm":998},"minecraft:mined":{"minecraft:nether_gold_ore":34,"minecraft:mossy_cobblestone":2,"minecraft:deepslate_diamond_ore":87,"minecraft:cherry_log":89,"the_silence:sad_satan":90,"minecraft:sea_lantern":1,"minecraft:obsidian":65,"minecraft:granite":58,"minecraft:grass_block":500,"minecraft:soul_soil":34,"minecraft:spruce_leaves":116,"minecraft:moss_block":135,"minecraft:oak_wall_sign":5,"minecraft:magma_block":1,"minecraft:oak_trapdoor":3,"minecraft:mossy_cobblestone_slab":5,"minecraft:glowstone":48,"minecraft:carrots":70,"minecraft:cobbled_deepslate":3,"minecraft:fire":1,"minecraft:andesite":66,"minecraft:potatoes":13,"minecraft:deepslate_iron_ore":155,"minecraft:cobblestone_slab":42,"immersive_weathering:loam":10,"minecraft:azalea":2,"minecraft:stone":296,"immersive_weathering:oak_leaf_pile":10,"minecraft:deepslate_redstone_ore":110,"minecraft:oak_slab":3,"minecraft:soul_sand":26,"minecraft:blackstone":76,"minecraft:crimson_nylium":32,"immersive_weathering:spruce_leaf_pile":2,"minecraft:dandelion":2,"minecraft:clay":67,"minecraft:torch":6,"minecraft:chest":2,"minecraft:nether_quartz_ore":38,"minecraft:tall_grass":1,"minecraft:cobblestone":2018,"minecraft:deepslate_coal_ore":151,"minecraft:deepslate_gold_ore":108,"minecraft:oak_planks":29,"minecraft:sugar_cane":14,"endofherobrine:mossy_stone_bricks":5,"minecraft:sculk":74,"minecraft:diorite":67,"minecraft:wall_torch":3,"minecraft:amethyst_block":88,"minecraft:deepslate_copper_ore":88,"immersive_weathering:cherry_leaf_pile":198,"minecraft:warped_nylium":46,"minecraft:mud":109,"minecraft:wheat":49,"minecraft:oak_log":247,"minecraft:cherry_leaves":8,"minecraft:dirt":7,"minecraft:cracked_stone_bricks":14,"minecraft:ancient_debris":41,"minecraft:netherrack":44,"minecraft:deepslate_emerald_ore":103,"minecraft:oak_leaves":176,"minecraft:deepslate":105},"minecraft:broken":{"minecraft:iron_pickaxe":2}},"DataVersion":3465}