{"stats":{"minecraft:killed_by":{"midnightlurker:midnight_lurker_unprovoked":1,"minecraft:spider":1},"minecraft:custom":{"minecraft:jump":26,"minecraft:time_since_rest":502,"minecraft:crouch_one_cm":379,"minecraft:sprint_one_cm":11626,"minecraft:damage_dealt":49,"minecraft:deaths":3,"minecraft:damage_taken":810,"minecraft:play_time":3536,"minecraft:walk_on_water_one_cm":1223,"minecraft:time_since_death":477,"minecraft:walk_one_cm":15380,"minecraft:sneak_time":59,"minecraft:total_world_time":3536,"minecraft:mob_kills":1,"minecraft:fall_one_cm":805,"minecraft:fly_one_cm":4228}},"DataVersion":3465}