{"stats":{"minecraft:used":{"minecraft:wooden_axe":54,"minecraft:dirt":23,"minecraft:chest":1,"minecraft:wooden_shovel":56},"minecraft:crafted":{"minecraft:chest":1,"minecraft:oak_planks":56,"minecraft:raw_iron":2,"minecraft:wooden_shovel":1,"minecraft:stick":20,"minecraft:wooden_axe":1},"minecraft:custom":{"minecraft:open_chest":4,"minecraft:time_since_rest":5255,"minecraft:play_time":11883,"minecraft:crouch_one_cm":4089,"minecraft:walk_one_cm":5540,"minecraft:damage_taken":696,"minecraft:deaths":3,"minecraft:sneak_time":6292,"minecraft:drop":2,"minecraft:jump":4,"minecraft:damage_dealt":35,"minecraft:time_since_death":5190,"minecraft:traded_with_villager":2,"minecraft:total_world_time":11883,"minecraft:interact_with_crafting_table":2,"minecraft:talked_to_villager":7,"minecraft:fly_one_cm":206},"minecraft:picked_up":{"minecraft:wooden_axe":1,"minecraft:stick":3,"minecraft:mud":10,"minecraft:oak_log":57,"minecraft:wooden_shovel":2,"minecraft:oak_sapling":2,"minecraft:moss_block":57,"minecraft:oak_planks":56,"minecraft:dirt":104,"minecraft:oak_slab":1},"minecraft:dropped":{"minecraft:dirt":27,"minecraft:moss_block":26},"minecraft:mined":{"minecraft:grass_block":63,"minecraft:mud":10,"minecraft:moss_block":28}},"DataVersion":3465}