{"stats":{"minecraft:broken":{"minecraft:stone_axe":1},"minecraft:mined":{"minecraft:brown_mushroom":4,"minecraft:jungle_leaves":12,"minecraft:crafting_table":3,"minecraft:torch":4,"minecraft:granite":40,"minecraft:grass_block":17,"minecraft:melon":2,"twilightforest:twilight_oak_log":47,"minecraft:jungle_log":27,"minecraft:copper_ore":12,"twilightforest:mayapple":2,"minecraft:sugar_cane":2,"minecraft:moss_block":11,"minecraft:rooted_dirt":8,"twilightforest:mushgloom":1,"minecraft:coarse_dirt":16,"minecraft:furnace":2,"minecraft:birch_log":13,"minecraft:birch_leaves":1,"twilightforest:twilight_oak_leaves":2,"minecraft:pumpkin":3,"minecraft:grass":144,"minecraft:oak_log":7,"minecraft:coal_ore":17,"minecraft:vine":11,"minecraft:cocoa":2,"minecraft:dirt":17,"minecraft:bamboo":2,"minecraft:stone":59,"twilightforest:canopy_log":50,"minecraft:oak_leaves":4,"minecraft:fern":24},"minecraft:killed_by":{"minecraft:zombie":1,"whisperwoods:zotzpyre":6,"twilightforest:kobold":1},"minecraft:picked_up":{"minecraft:birch_log":13,"minecraft:cocoa_beans":6,"minecraft:coarse_dirt":16,"minecraft:crafting_table":3,"minecraft:feather":12,"minecraft:cooked_beef":1,"minecraft:chicken":8,"twilightforest:twilight_oak_log":37,"minecraft:jungle_log":27,"minecraft:leather":2,"minecraft:brown_mushroom":4,"minecraft:oak_log":7,"minecraft:paper":7,"minecraft:string":2,"minecraft:dirt":34,"tombstone:gift":2,"minecraft:raw_copper":34,"minecraft:cooked_mutton":2,"minecraft:bone":3,"minecraft:wheat_seeds":13,"minecraft:gold_nugget":1,"minecraft:cooked_chicken":1,"minecraft:beef":5,"minecraft:written_book":1,"minecraft:jungle_sapling":3,"minecraft:bamboo":60,"minecraft:melon_slice":8,"minecraft:moss_block":6,"minecraft:egg":8,"minecraft:furnace":2,"minecraft:book":1,"twilightforest:mushgloom":1,"minecraft:stick":7,"minecraft:pumpkin":3,"minecraft:torch":16,"minecraft:porkchop":1,"twilightforest:canopy_log":50,"tombstone:grave_dust":1,"twilightforest:firefly":1,"minecraft:arrow":1,"minecraft:rotten_flesh":1,"twilightforest:canopy_planks":104,"minecraft:granite":40,"minecraft:rooted_dirt":8,"minecraft:mutton":13,"minecraft:coal":17,"minecraft:white_wool":9,"minecraft:cobblestone":59},"minecraft:crafted":{"minecraft:cooked_beef":5,"minecraft:wooden_sword":1,"minecraft:stone_shovel":1,"minecraft:cooked_porkchop":1,"minecraft:crafting_table":4,"minecraft:cooked_chicken":7,"minecraft:wooden_pickaxe":1,"minecraft:furnace":2,"minecraft:bone_meal":9,"minecraft:stone_axe":2,"minecraft:cooked_mutton":13,"minecraft:air":0,"minecraft:jungle_planks":60,"minecraft:charcoal":19,"twilightforest:twilight_oak_planks":100,"minecraft:stick":94,"minecraft:stone_pickaxe":2,"minecraft:wooden_axe":1,"minecraft:stone_sword":2,"minecraft:white_bed":1,"minecraft:torch":40},"minecraft:dropped":{"minecraft:cooked_chicken":8,"minecraft:coarse_dirt":16,"minecraft:rooted_dirt":8,"minecraft:granite":35,"minecraft:jungle_planks":9,"minecraft:cooked_mutton":6,"twilightforest:canopy_log":50,"minecraft:dirt":25},"minecraft:used":{"minecraft:cooked_mutton":9,"minecraft:stone_sword":243,"minecraft:stone_shovel":50,"minecraft:stone_pickaxe":114,"minecraft:wooden_pickaxe":39,"minecraft:brown_mushroom":2,"minecraft:torch":25,"minecraft:dirt":9,"minecraft:crafting_table":5,"minecraft:white_bed":1,"minecraft:wooden_axe":16,"twilightforest:firefly":1,"minecraft:melon_slice":8,"twilightforest:twilight_oak_planks":77,"minecraft:jungle_log":1,"twilightforest:mushgloom":1,"minecraft:stone_axe":149,"minecraft:wooden_sword":60,"minecraft:furnace":3,"minecraft:cooked_porkchop":1,"tombstone:gift":2,"minecraft:egg":7,"minecraft:cooked_beef":5,"twilightforest:canopy_planks":36},"minecraft:killed":{"minecraft:pig":1,"minecraft:spider":1,"twilightforest:kobold":1,"minecraft:sheep":9,"minecraft:zombie":1,"minecraft:chicken":8,"twilightforest:death_tome":1,"minecraft:cow":3},"minecraft:custom":{"minecraft:interact_with_furnace":39,"minecraft:mob_kills":25,"minecraft:interact_with_crafting_table":8,"minecraft:leave_game":2,"minecraft:time_since_death":14245,"minecraft:sleep_in_bed":2,"minecraft:climb_one_cm":3255,"minecraft:time_since_rest":11846,"minecraft:sprint_one_cm":96238,"minecraft:damage_taken":3475,"minecraft:walk_one_cm":273126,"minecraft:drop":20,"minecraft:damage_dealt":2693,"minecraft:swim_one_cm":6751,"minecraft:fly_one_cm":230967,"minecraft:crouch_one_cm":3210,"tombstone:undead_killed":1,"minecraft:play_time":97294,"minecraft:deaths":8,"minecraft:sneak_time":1858,"minecraft:walk_under_water_one_cm":4589,"minecraft:jump":1616,"minecraft:walk_on_water_one_cm":20880,"minecraft:total_world_time":97294,"minecraft:fall_one_cm":27874}},"DataVersion":3120}