{"stats":{"minecraft:used":{"minecraft:stone_pickaxe":480,"minecraft:baked_potato":2,"minecraft:oak_planks":16,"minecraft:shield":19,"minecraft:chest":3,"minecraft:wooden_pickaxe":190,"minecraft:wooden_shovel":56,"minecraft:cooked_chicken":1,"minecraft:stone_hoe":24,"minecraft:oak_door":3,"minecraft:torch":15,"minecraft:dirt":51,"minecraft:crafting_table":3,"minecraft:wooden_axe":164,"minecraft:diamond_pickaxe":408,"minecraft:iron_axe":293,"immersive_weathering:charred_slab":1,"minecraft:melon_slice":4,"minecraft:iron_pickaxe":669,"minecraft:stone_axe":160,"minecraft:cobblestone":54,"minecraft:oak_boat":4},"minecraft:crafted":{"minecraft:oak_planks":140,"minecraft:raw_iron":2,"minecraft:wooden_shovel":1,"minecraft:baked_potato":19,"immersive_weathering:charred_slab":1,"minecraft:wooden_pickaxe":4,"minecraft:iron_sword":1,"minecraft:bone_meal":198,"minecraft:bone":66,"minecraft:stone_axe":2,"minecraft:air":0,"minecraft:oak_boat":5,"minecraft:diamond_pickaxe":1,"minecraft:charcoal":13,"minecraft:shield":1,"minecraft:iron_axe":2,"minecraft:stick":104,"minecraft:iron_ingot":119,"minecraft:iron_pickaxe":3,"minecraft:stone_pickaxe":4,"minecraft:wooden_axe":5,"minecraft:chest":3,"minecraft:gold_ingot":47,"minecraft:oak_button":1,"minecraft:torch":48,"minecraft:golden_boots":3},"minecraft:custom":{"minecraft:interact_with_furnace":85,"minecraft:traded_with_villager":5,"minecraft:interact_with_crafting_table":34,"minecraft:damage_dealt_resisted":385,"minecraft:time_since_death":46838,"minecraft:time_since_rest":46941,"minecraft:sprint_one_cm":7109,"minecraft:damage_taken":2332,"minecraft:walk_one_cm":502593,"minecraft:damage_blocked_by_shield":1240,"minecraft:drop":165,"minecraft:damage_dealt":382,"minecraft:talked_to_villager":73,"minecraft:fly_one_cm":108148,"minecraft:open_chest":145,"minecraft:crouch_one_cm":8564,"minecraft:play_time":197883,"minecraft:deaths":9,"minecraft:sneak_time":26141,"minecraft:walk_under_water_one_cm":569,"minecraft:boat_one_cm":14435,"minecraft:jump":173,"minecraft:walk_on_water_one_cm":671,"minecraft:total_world_time":197883,"minecraft:fall_one_cm":4586},"minecraft:picked_up":{"minecraft:wooden_axe":5,"minecraft:mud":165,"minecraft:crafting_table":3,"minecraft:clay_ball":268,"minecraft:andesite":56,"minecraft:oak_log":281,"minecraft:ancient_debris":7,"minecraft:soul_soil":6,"minecraft:dirt":572,"minecraft:raw_copper":315,"minecraft:iron_axe":2,"minecraft:gold_nugget":20,"minecraft:cobbled_deepslate":56,"minecraft:raw_gold":82,"minecraft:cooked_chicken":8,"minecraft:wooden_shovel":2,"minecraft:iron_pickaxe":1,"minecraft:glowstone_dust":17,"minecraft:melon_slice":7,"minecraft:moss_block":302,"minecraft:soul_sand":4,"minecraft:oak_planks":77,"minecraft:stone_hoe":1,"minecraft:oak_slab":6,"minecraft:stick":36,"minecraft:raw_iron":201,"minecraft:oak_door":7,"minecraft:quartz":10,"minecraft:torch":53,"minecraft:spruce_sapling":10,"minecraft:diorite":67,"minecraft:redstone":282,"minecraft:diamond":48,"minecraft:granite":73,"minecraft:emerald":56,"minecraft:netherrack":22,"minecraft:baked_potato":6,"minecraft:oak_sapling":10,"minecraft:coal":185,"minecraft:cobblestone":480},"minecraft:killed_by":{"man:managgresive":1},"minecraft:broken":{"minecraft:stone_pickaxe":3,"minecraft:iron_pickaxe":2,"minecraft:wooden_pickaxe":1},"minecraft:dropped":{"minecraft:stone_hoe":1,"minecraft:iron_ingot":19,"minecraft:moss_block":26,"minecraft:cobblestone":28,"minecraft:dirt":103,"minecraft:wooden_axe":7,"minecraft:bone_meal":57,"minecraft:wooden_pickaxe":2,"minecraft:spruce_sapling":1},"minecraft:mined":{"minecraft:nether_gold_ore":4,"minecraft:deepslate_redstone_ore":27,"minecraft:oak_sapling":1,"minecraft:farmland":2,"minecraft:soul_sand":3,"minecraft:deepslate_diamond_ore":29,"minecraft:crimson_nylium":8,"immersive_weathering:spruce_leaf_pile":1,"minecraft:clay":56,"minecraft:torch":3,"minecraft:granite":47,"minecraft:grass_block":468,"minecraft:nether_quartz_ore":10,"minecraft:soul_soil":3,"minecraft:deepslate_coal_ore":54,"minecraft:spruce_leaves":90,"minecraft:deepslate_gold_ore":42,"minecraft:moss_block":250,"minecraft:diorite":47,"minecraft:wall_torch":1,"minecraft:deepslate_copper_ore":43,"minecraft:warped_nylium":4,"minecraft:glowstone":4,"minecraft:mud":144,"minecraft:iron_ore":56,"minecraft:andesite":42,"minecraft:oak_log":154,"minecraft:coal_ore":48,"minecraft:deepslate_iron_ore":51,"minecraft:netherrack":4,"minecraft:stone":316,"minecraft:ancient_debris":9,"minecraft:deepslate_emerald_ore":36,"minecraft:deepslate":55,"minecraft:oak_leaves":127,"immersive_weathering:oak_leaf_pile":6}},"DataVersion":3465}