{"stats":{"minecraft:used":{"minecraft:stone_pickaxe":480,"minecraft:oak_planks":15,"minecraft:chest":3,"minecraft:wooden_pickaxe":190,"minecraft:wooden_shovel":56,"minecraft:cooked_chicken":1,"minecraft:stone_hoe":24,"minecraft:oak_door":1,"minecraft:torch":15,"minecraft:dirt":51,"minecraft:crafting_table":3,"minecraft:wooden_axe":164,"minecraft:iron_axe":264,"immersive_weathering:charred_slab":1,"minecraft:melon_slice":4,"minecraft:iron_pickaxe":572,"minecraft:stone_axe":160,"minecraft:cobblestone":54,"minecraft:oak_boat":4},"minecraft:crafted":{"minecraft:oak_planks":140,"minecraft:raw_iron":2,"minecraft:wooden_shovel":1,"minecraft:baked_potato":19,"immersive_weathering:charred_slab":1,"minecraft:wooden_pickaxe":4,"minecraft:iron_sword":1,"minecraft:bone_meal":198,"minecraft:bone":66,"minecraft:stone_axe":2,"minecraft:air":0,"minecraft:oak_boat":5,"minecraft:charcoal":13,"minecraft:shield":1,"minecraft:iron_axe":2,"minecraft:stick":104,"minecraft:iron_ingot":119,"minecraft:iron_pickaxe":3,"minecraft:stone_pickaxe":4,"minecraft:wooden_axe":5,"minecraft:chest":3,"minecraft:gold_ingot":47,"minecraft:oak_button":1,"minecraft:torch":48,"minecraft:golden_boots":3},"minecraft:custom":{"minecraft:interact_with_furnace":84,"minecraft:traded_with_villager":5,"minecraft:interact_with_crafting_table":33,"minecraft:time_since_death":22838,"minecraft:time_since_rest":22941,"minecraft:sprint_one_cm":6980,"minecraft:damage_taken":2172,"minecraft:walk_one_cm":414915,"minecraft:drop":164,"minecraft:damage_dealt":71,"minecraft:talked_to_villager":61,"minecraft:fly_one_cm":107903,"minecraft:open_chest":137,"minecraft:crouch_one_cm":8564,"minecraft:play_time":173883,"minecraft:deaths":9,"minecraft:sneak_time":26137,"minecraft:walk_under_water_one_cm":569,"minecraft:boat_one_cm":14435,"minecraft:jump":134,"minecraft:walk_on_water_one_cm":487,"minecraft:total_world_time":173883,"minecraft:fall_one_cm":3349},"minecraft:picked_up":{"minecraft:wooden_axe":5,"minecraft:mud":132,"minecraft:crafting_table":3,"minecraft:clay_ball":208,"minecraft:andesite":46,"minecraft:oak_log":254,"minecraft:dirt":499,"minecraft:raw_copper":225,"minecraft:iron_axe":2,"minecraft:cobbled_deepslate":37,"minecraft:raw_gold":59,"minecraft:cooked_chicken":8,"minecraft:wooden_shovel":2,"minecraft:iron_pickaxe":1,"minecraft:melon_slice":7,"minecraft:moss_block":267,"minecraft:oak_planks":64,"minecraft:stone_hoe":1,"minecraft:oak_slab":6,"minecraft:stick":34,"minecraft:raw_iron":175,"minecraft:oak_door":3,"minecraft:torch":51,"minecraft:spruce_sapling":9,"minecraft:diorite":43,"minecraft:redstone":219,"minecraft:diamond":29,"minecraft:granite":52,"minecraft:emerald":32,"minecraft:baked_potato":6,"minecraft:oak_sapling":9,"minecraft:coal":141,"minecraft:cobblestone":403},"minecraft:killed_by":{"man:managgresive":1},"minecraft:broken":{"minecraft:stone_pickaxe":3,"minecraft:iron_pickaxe":2,"minecraft:wooden_pickaxe":1},"minecraft:dropped":{"minecraft:stone_hoe":1,"minecraft:iron_ingot":19,"minecraft:moss_block":26,"minecraft:cobblestone":28,"minecraft:dirt":90,"minecraft:wooden_axe":7,"minecraft:bone_meal":57,"minecraft:wooden_pickaxe":2,"minecraft:spruce_sapling":1},"minecraft:mined":{"minecraft:deepslate_redstone_ore":10,"minecraft:oak_sapling":1,"minecraft:farmland":2,"minecraft:deepslate_diamond_ore":13,"immersive_weathering:spruce_leaf_pile":1,"minecraft:clay":45,"minecraft:torch":3,"minecraft:granite":30,"minecraft:grass_block":417,"minecraft:deepslate_coal_ore":16,"minecraft:spruce_leaves":71,"minecraft:deepslate_gold_ore":22,"minecraft:moss_block":223,"minecraft:diorite":24,"minecraft:wall_torch":1,"minecraft:deepslate_copper_ore":20,"minecraft:mud":124,"minecraft:iron_ore":56,"minecraft:andesite":32,"minecraft:oak_log":136,"minecraft:coal_ore":48,"minecraft:deepslate_iron_ore":30,"minecraft:stone":239,"minecraft:deepslate_emerald_ore":14,"minecraft:deepslate":37,"minecraft:oak_leaves":107,"immersive_weathering:oak_leaf_pile":6}},"DataVersion":3465}