{"stats":{"minecraft:used":{"minecraft:oak_trapdoor":4,"minecraft:moss_block":2,"minecraft:stone_sword":80,"minecraft:chest":2,"minecraft:shield":16,"minecraft:torch":17,"minecraft:dirt":111,"minecraft:carrot":79,"minecraft:iron_hoe":131,"minecraft:iron_axe":57,"minecraft:egg":1,"minecraft:potato":7,"minecraft:cobbled_deepslate":7,"minecraft:wheat_seeds":48,"minecraft:baked_potato":10,"minecraft:oak_planks":9,"minecraft:blackstone":2,"minecraft:cobblestone_slab":19,"minecraft:diamond_axe":58,"minecraft:cracked_stone_bricks":14,"minecraft:oak_slab":43,"minecraft:diamond_pickaxe":953,"minecraft:iron_pickaxe":42,"minecraft:diamond_sword":1,"minecraft:cobblestone":83,"minecraft:oak_boat":3,"minecraft:dandelion":1,"the_silence:sad_satan":2},"minecraft:dropped":{"minecraft:cobblestone":1,"minecraft:mud":1,"minecraft:raw_iron":3},"minecraft:crafted":{"minecraft:oak_planks":8,"minecraft:cobblestone_slab":18,"minecraft:diamond_shovel":1,"minecraft:oak_trapdoor":4,"minecraft:iron_boots":2,"minecraft:iron_axe":1,"minecraft:chest":2,"minecraft:oak_slab":42,"minecraft:diamond_sword":1,"minecraft:diamond_axe":1,"minecraft:baked_potato":37,"minecraft:iron_helmet":1,"minecraft:air":0,"minecraft:iron_chestplate":2,"minecraft:diamond_pickaxe":1,"minecraft:shield":1,"minecraft:stick":48,"minecraft:iron_ingot":132,"minecraft:iron_pickaxe":1,"minecraft:gold_ingot":48,"minecraft:iron_leggings":1},"minecraft:killed":{"minecraft:spider":5,"minecraft:skeleton":3,"minecraft:zombie":1,"minecraft:enderman":1},"minecraft:killed_by":{"the_silence:the_silence_principal":1,"minecraft:creeper":2,"minecraft:spider":1,"minecraft:enderman":1,"minecraft:skeleton":1,"midnightlurker:midnight_lurker_stare":1,"boh:light_head":2,"midnightlurker:midnight_lurker_unprovoked":1},"minecraft:picked_up":{"minecraft:mud":42,"minecraft:iron_chestplate":2,"minecraft:wheat":41,"minecraft:clay_ball":88,"minecraft:brown_mushroom":1,"minecraft:shield":5,"minecraft:amethyst_block":35,"minecraft:string":8,"minecraft:raw_copper":105,"minecraft:soul_soil":13,"minecraft:iron_leggings":3,"minecraft:blackstone":24,"minecraft:cracked_stone_bricks":14,"minecraft:gold_nugget":51,"minecraft:cobbled_deepslate":38,"minecraft:cobblestone_slab":4,"minecraft:oak_boat":3,"minecraft:redstone_torch":1,"minecraft:iron_pickaxe":1,"minecraft:sugar_cane":5,"minecraft:iron_boots":2,"minecraft:egg":1,"minecraft:raw_iron":54,"minecraft:stick":4,"minecraft:torch":2,"the_silence:sad_satan":46,"minecraft:stone_button":2,"minecraft:diorite":21,"minecraft:carrot":230,"minecraft:redstone":185,"minecraft:stone_sword":3,"minecraft:arrow":9,"minecraft:obsidian":23,"minecraft:cobblestone":170,"minecraft:oxeye_daisy":1,"minecraft:iron_door":1,"minecraft:andesite":18,"minecraft:potato":35,"minecraft:oak_log":49,"minecraft:ancient_debris":16,"minecraft:dirt":130,"minecraft:bone":5,"minecraft:wheat_seeds":117,"minecraft:raw_gold":28,"minecraft:glowstone_dust":47,"minecraft:moss_block":48,"minecraft:oak_planks":34,"minecraft:soul_sand":12,"minecraft:oak_slab":6,"minecraft:quartz":16,"minecraft:dandelion":2,"minecraft:lava_bucket":1,"minecraft:amethyst_shard":1,"minecraft:spruce_sapling":3,"minecraft:spider_eye":2,"minecraft:slime_ball":4,"minecraft:diamond":32,"minecraft:iron_helmet":3,"minecraft:diamond_axe":1,"minecraft:granite":16,"minecraft:emerald":32,"minecraft:baked_potato":9,"minecraft:oak_sapling":5,"minecraft:netherrack":38,"minecraft:coal":54,"minecraft:diamond_pickaxe":1},"minecraft:custom":{"minecraft:mob_kills":12,"minecraft:animals_bred":1,"minecraft:interact_with_crafting_table":21,"minecraft:damage_dealt_resisted":152,"minecraft:leave_game":3,"minecraft:time_since_death":14642,"minecraft:sprint_one_cm":107046,"minecraft:walk_one_cm":624168,"minecraft:damage_blocked_by_shield":750,"minecraft:drop":3,"minecraft:talked_to_villager":20,"minecraft:play_time":164066,"minecraft:deaths":17,"minecraft:sneak_time":12832,"minecraft:walk_under_water_one_cm":32006,"minecraft:boat_one_cm":11348,"minecraft:jump":280,"minecraft:walk_on_water_one_cm":8628,"minecraft:total_world_time":164066,"minecraft:interact_with_furnace":37,"minecraft:sleep_in_bed":1,"minecraft:time_since_rest":926,"minecraft:damage_taken":5731,"minecraft:damage_dealt":2649,"minecraft:fly_one_cm":32504,"minecraft:open_chest":198,"minecraft:crouch_one_cm":53483,"minecraft:fall_one_cm":9550},"minecraft:mined":{"minecraft:nether_gold_ore":11,"minecraft:deepslate_diamond_ore":30,"the_silence:sad_satan":40,"minecraft:sea_lantern":1,"minecraft:obsidian":24,"minecraft:granite":17,"minecraft:grass_block":115,"minecraft:soul_soil":12,"minecraft:spruce_leaves":34,"minecraft:moss_block":49,"minecraft:magma_block":1,"minecraft:glowstone":15,"minecraft:carrots":70,"minecraft:cobbled_deepslate":3,"minecraft:fire":1,"minecraft:andesite":18,"minecraft:potatoes":13,"minecraft:cobblestone_slab":1,"minecraft:deepslate_iron_ore":48,"minecraft:stone":93,"minecraft:deepslate_redstone_ore":40,"minecraft:oak_slab":3,"minecraft:blackstone":21,"minecraft:soul_sand":12,"minecraft:crimson_nylium":9,"minecraft:dandelion":2,"minecraft:clay":26,"minecraft:nether_quartz_ore":17,"minecraft:cobblestone":2,"minecraft:deepslate_coal_ore":50,"minecraft:deepslate_gold_ore":28,"minecraft:sugar_cane":3,"minecraft:oak_planks":29,"endofherobrine:mossy_stone_bricks":5,"minecraft:sculk":21,"minecraft:diorite":22,"minecraft:amethyst_block":33,"minecraft:deepslate_copper_ore":30,"minecraft:warped_nylium":14,"minecraft:mud":42,"minecraft:wheat":49,"minecraft:oak_log":51,"minecraft:dirt":5,"minecraft:cracked_stone_bricks":14,"minecraft:netherrack":13,"minecraft:ancient_debris":14,"minecraft:oak_leaves":64,"minecraft:deepslate_emerald_ore":34,"minecraft:deepslate":32}},"DataVersion":3465}