{"stats":{"minecraft:used":{"minecraft:wooden_axe":164,"immersive_weathering:charred_slab":1,"minecraft:stone_pickaxe":326,"minecraft:oak_planks":15,"minecraft:chest":1,"minecraft:wooden_pickaxe":190,"minecraft:wooden_shovel":56,"minecraft:cooked_chicken":1,"minecraft:stone_axe":97,"minecraft:dirt":23,"minecraft:cobblestone":52,"minecraft:crafting_table":3,"minecraft:oak_boat":1},"minecraft:crafted":{"minecraft:oak_boat":3,"minecraft:oak_planks":88,"minecraft:raw_iron":2,"minecraft:wooden_shovel":1,"minecraft:charcoal":13,"minecraft:stick":56,"minecraft:wooden_pickaxe":4,"minecraft:stone_pickaxe":3,"minecraft:wooden_axe":5,"immersive_weathering:charred_slab":1,"minecraft:chest":1,"minecraft:stone_axe":1},"minecraft:custom":{"minecraft:time_since_rest":63739,"minecraft:interact_with_furnace":17,"minecraft:sprint_one_cm":4179,"minecraft:damage_taken":1447,"minecraft:walk_one_cm":156675,"minecraft:drop":69,"minecraft:damage_dealt":71,"minecraft:traded_with_villager":2,"minecraft:talked_to_villager":35,"minecraft:interact_with_crafting_table":18,"minecraft:fly_one_cm":2110,"minecraft:open_chest":41,"minecraft:crouch_one_cm":5811,"minecraft:play_time":77883,"minecraft:deaths":6,"minecraft:sneak_time":19741,"minecraft:boat_one_cm":5390,"minecraft:jump":67,"minecraft:time_since_death":63691,"minecraft:total_world_time":77883,"minecraft:fall_one_cm":1556},"minecraft:picked_up":{"minecraft:wooden_axe":5,"minecraft:raw_iron":57,"minecraft:oak_slab":2,"minecraft:mud":74,"minecraft:stick":3,"minecraft:crafting_table":3,"minecraft:clay_ball":8,"minecraft:oak_door":1,"minecraft:andesite":5,"minecraft:oak_log":149,"minecraft:spruce_sapling":5,"minecraft:diorite":5,"minecraft:dirt":300,"minecraft:granite":1,"minecraft:cooked_chicken":7,"minecraft:wooden_shovel":2,"minecraft:oak_sapling":4,"minecraft:moss_block":167,"minecraft:oak_planks":62,"minecraft:coal":52,"minecraft:cobblestone":217},"minecraft:broken":{"minecraft:wooden_pickaxe":1,"minecraft:stone_pickaxe":2},"minecraft:dropped":{"minecraft:dirt":72,"minecraft:moss_block":26,"minecraft:wooden_axe":7,"minecraft:cobblestone":28,"minecraft:wooden_pickaxe":2,"minecraft:spruce_sapling":1},"minecraft:mined":{"minecraft:mud":69,"minecraft:iron_ore":39,"immersive_weathering:spruce_leaf_pile":1,"minecraft:andesite":4,"minecraft:granite":2,"minecraft:clay":3,"minecraft:coal_ore":38,"minecraft:grass_block":246,"minecraft:oak_log":33,"minecraft:spruce_leaves":26,"minecraft:stone":140,"minecraft:moss_block":130,"minecraft:diorite":3,"minecraft:oak_leaves":32}},"DataVersion":3465}