{"stats":{"minecraft:killed_by":{"minecraft:spider":1,"midnightlurker:midnight_lurker_unprovoked":1},"minecraft:mined":{"minecraft:nether_gold_ore":1,"minecraft:deepslate_redstone_ore":18,"minecraft:oak_slab":1,"minecraft:soul_sand":5,"minecraft:blackstone":8,"minecraft:deepslate_diamond_ore":12,"minecraft:crimson_nylium":6,"minecraft:dandelion":1,"minecraft:obsidian":7,"minecraft:clay":15,"minecraft:granite":7,"minecraft:grass_block":59,"minecraft:nether_quartz_ore":3,"minecraft:soul_soil":4,"minecraft:deepslate_coal_ore":16,"minecraft:spruce_leaves":14,"minecraft:deepslate_gold_ore":9,"minecraft:moss_block":15,"minecraft:oak_planks":23,"minecraft:sculk":7,"minecraft:diorite":9,"minecraft:amethyst_block":17,"minecraft:deepslate_copper_ore":13,"minecraft:warped_nylium":4,"minecraft:glowstone":5,"minecraft:mud":11,"minecraft:andesite":7,"minecraft:oak_log":12,"minecraft:deepslate_iron_ore":21,"minecraft:stone":35,"minecraft:ancient_debris":5,"minecraft:netherrack":6,"minecraft:oak_leaves":14,"minecraft:deepslate_emerald_ore":14,"minecraft:deepslate":7},"minecraft:crafted":{"minecraft:oak_slab":42,"minecraft:iron_helmet":1,"minecraft:oak_trapdoor":4,"minecraft:iron_boots":1,"minecraft:iron_chestplate":1,"minecraft:shield":1,"minecraft:stick":32,"minecraft:iron_ingot":34,"minecraft:iron_leggings":1},"minecraft:custom":{"minecraft:interact_with_furnace":9,"minecraft:mob_kills":1,"minecraft:interact_with_crafting_table":5,"minecraft:time_since_death":24477,"minecraft:time_since_rest":24502,"minecraft:sprint_one_cm":11725,"minecraft:damage_taken":810,"minecraft:walk_one_cm":54613,"minecraft:damage_dealt":49,"minecraft:talked_to_villager":1,"minecraft:fly_one_cm":4228,"minecraft:open_chest":17,"minecraft:crouch_one_cm":6229,"minecraft:play_time":27536,"minecraft:deaths":3,"minecraft:sneak_time":2049,"minecraft:walk_under_water_one_cm":1825,"minecraft:jump":32,"minecraft:walk_on_water_one_cm":1781,"minecraft:total_world_time":27536,"minecraft:fall_one_cm":805},"minecraft:picked_up":{"minecraft:mud":11,"minecraft:clay_ball":52,"minecraft:andesite":7,"minecraft:oak_log":11,"minecraft:ancient_debris":5,"minecraft:amethyst_block":17,"minecraft:dirt":54,"minecraft:raw_copper":41,"minecraft:soul_soil":4,"minecraft:blackstone":8,"minecraft:gold_nugget":4,"minecraft:cobbled_deepslate":7,"minecraft:raw_gold":9,"minecraft:glowstone_dust":15,"minecraft:moss_block":15,"minecraft:oak_planks":22,"minecraft:soul_sand":5,"minecraft:oak_slab":1,"minecraft:stick":1,"minecraft:raw_iron":21,"minecraft:quartz":2,"minecraft:dandelion":1,"minecraft:spruce_sapling":1,"minecraft:diorite":9,"minecraft:redstone":79,"minecraft:diamond":12,"minecraft:granite":7,"minecraft:emerald":13,"minecraft:netherrack":15,"minecraft:obsidian":6,"minecraft:coal":16,"minecraft:cobblestone":35},"minecraft:used":{"minecraft:oak_trapdoor":4,"minecraft:diamond_axe":10,"minecraft:oak_slab":43,"minecraft:diamond_pickaxe":376,"minecraft:cobblestone":1,"minecraft:dandelion":1}},"DataVersion":3465}