{"stats":{"minecraft:mined":{"minecraft:grass_block":37,"minecraft:oak_log":12,"minecraft:mud":8,"minecraft:dirt":1,"minecraft:spruce_leaves":4,"minecraft:stone":20,"minecraft:moss_block":16,"minecraft:oak_leaves":4},"minecraft:used":{"minecraft:wooden_axe":5,"minecraft:moss_block":2,"minecraft:dirt":29,"minecraft:crafting_table":1,"minecraft:stone_pickaxe":23,"minecraft:chest":1,"minecraft:wooden_pickaxe":29},"minecraft:picked_up":{"minecraft:mud":5,"minecraft:stone_pickaxe":1,"minecraft:oak_log":3,"minecraft:moss_block":5,"minecraft:raw_iron":2,"minecraft:coal":2,"minecraft:dirt":12,"minecraft:cobblestone":4},"minecraft:custom":{"minecraft:open_chest":22,"minecraft:time_since_rest":14549,"minecraft:deaths":1,"minecraft:crouch_one_cm":6784,"minecraft:sprint_one_cm":11545,"minecraft:play_time":14903,"minecraft:damage_taken":268,"minecraft:walk_one_cm":26785,"minecraft:sneak_time":3432,"minecraft:jump":25,"minecraft:damage_dealt":30,"minecraft:leave_game":8,"minecraft:time_since_death":14494,"minecraft:total_world_time":14903,"minecraft:talked_to_villager":13,"minecraft:interact_with_crafting_table":4,"minecraft:fly_one_cm":3621},"minecraft:crafted":{"minecraft:chest":1,"minecraft:oak_planks":20,"minecraft:crafting_table":1,"minecraft:stick":4,"minecraft:wooden_pickaxe":1,"minecraft:wooden_axe":1}},"DataVersion":3465}