{"stats":{"minecraft:mined":{"minecraft:grass_block":16,"minecraft:oak_log":7,"minecraft:dirt":1,"minecraft:moss_block":6},"minecraft:used":{"minecraft:moss_block":2,"minecraft:dirt":4,"minecraft:crafting_table":1},"minecraft:picked_up":{"minecraft:oak_log":1,"minecraft:moss_block":2,"minecraft:dirt":4},"minecraft:custom":{"minecraft:time_since_rest":3746,"minecraft:walk_one_cm":8778,"minecraft:crouch_one_cm":1309,"minecraft:play_time":4100,"minecraft:sprint_one_cm":1373,"minecraft:damage_taken":268,"minecraft:deaths":1,"minecraft:sneak_time":277,"minecraft:jump":3,"minecraft:damage_dealt":20,"minecraft:leave_game":8,"minecraft:time_since_death":3691,"minecraft:total_world_time":4100,"minecraft:fly_one_cm":120},"minecraft:crafted":{"minecraft:oak_planks":4,"minecraft:crafting_table":1}},"DataVersion":3465}