{"stats":{"minecraft:mined":{"minecraft:oak_sapling":2,"minecraft:spruce_sapling":1,"minecraft:mud":13,"minecraft:iron_ore":12,"minecraft:coal_ore":8,"minecraft:grass_block":51,"minecraft:oak_log":21,"minecraft:dirt":1,"minecraft:spruce_leaves":5,"minecraft:stone":61,"minecraft:moss_block":22,"minecraft:oak_leaves":6,"immersive_weathering:oak_leaf_pile":2},"minecraft:used":{"minecraft:moss_block":2,"minecraft:wooden_axe":14,"minecraft:stone_pickaxe":133,"minecraft:chest":1,"minecraft:wooden_pickaxe":40,"minecraft:spruce_sapling":1,"minecraft:dirt":41,"minecraft:crafting_table":1,"minecraft:oak_sapling":6},"minecraft:broken":{"minecraft:stone_pickaxe":1},"minecraft:picked_up":{"minecraft:mud":8,"minecraft:stick":7,"minecraft:raw_iron":3,"minecraft:spruce_sapling":1,"minecraft:oak_log":10,"minecraft:dirt":18,"minecraft:stone_pickaxe":1,"minecraft:oak_sapling":4,"minecraft:moss_block":10,"minecraft:coal":2,"minecraft:cobblestone":10},"minecraft:custom":{"minecraft:time_since_rest":26549,"minecraft:sprint_one_cm":27803,"minecraft:damage_taken":268,"minecraft:walk_one_cm":49665,"minecraft:drop":2,"minecraft:damage_dealt":30,"minecraft:traded_with_villager":5,"minecraft:interact_with_crafting_table":6,"minecraft:talked_to_villager":26,"minecraft:fly_one_cm":11736,"minecraft:open_chest":44,"minecraft:crouch_one_cm":10707,"minecraft:play_time":26903,"minecraft:deaths":1,"minecraft:sneak_time":5995,"minecraft:jump":66,"minecraft:leave_game":8,"minecraft:time_since_death":26494,"minecraft:total_world_time":26903},"minecraft:crafted":{"minecraft:oak_planks":20,"minecraft:wooden_hoe":1,"minecraft:oak_sapling":4,"minecraft:crafting_table":1,"minecraft:melon_seeds":4,"minecraft:stick":4,"minecraft:wooden_pickaxe":1,"minecraft:wooden_axe":1,"minecraft:chest":1},"minecraft:dropped":{"minecraft:raw_iron":2,"minecraft:cobblestone":32}},"DataVersion":3465}