{"stats":{"minecraft:mined":{"minecraft:oak_sapling":2,"minecraft:spruce_sapling":1,"minecraft:mud":17,"minecraft:iron_ore":14,"minecraft:coal_ore":8,"minecraft:grass_block":69,"minecraft:oak_log":23,"minecraft:dirt":1,"minecraft:spruce_leaves":6,"minecraft:stone":83,"minecraft:moss_block":28,"minecraft:oak_leaves":7,"immersive_weathering:oak_leaf_pile":2},"minecraft:used":{"minecraft:moss_block":2,"minecraft:wooden_axe":17,"minecraft:stone_pickaxe":133,"minecraft:iron_pickaxe":80,"minecraft:chest":1,"minecraft:wooden_pickaxe":45,"minecraft:spruce_sapling":1,"minecraft:torch":8,"minecraft:dirt":41,"minecraft:crafting_table":1,"minecraft:oak_sapling":8},"minecraft:broken":{"minecraft:stone_pickaxe":1},"minecraft:picked_up":{"minecraft:mud":10,"minecraft:stick":8,"minecraft:raw_iron":11,"minecraft:spruce_sapling":1,"minecraft:oak_log":15,"minecraft:dirt":30,"minecraft:stone_pickaxe":1,"minecraft:oak_sapling":4,"minecraft:moss_block":14,"minecraft:coal":4,"minecraft:cobblestone":21},"minecraft:custom":{"minecraft:time_since_rest":5056,"minecraft:interact_with_furnace":2,"minecraft:sprint_one_cm":38450,"minecraft:damage_taken":478,"minecraft:walk_one_cm":72309,"minecraft:drop":2,"minecraft:damage_dealt":30,"minecraft:traded_with_villager":5,"minecraft:interact_with_crafting_table":9,"minecraft:talked_to_villager":26,"minecraft:fly_one_cm":13999,"minecraft:open_chest":70,"minecraft:crouch_one_cm":14218,"minecraft:play_time":38835,"minecraft:deaths":2,"minecraft:sneak_time":8354,"minecraft:jump":100,"minecraft:leave_game":9,"minecraft:time_since_death":5030,"minecraft:total_world_time":38835,"minecraft:fall_one_cm":335},"minecraft:crafted":{"minecraft:oak_planks":20,"minecraft:wooden_hoe":1,"minecraft:oak_sapling":4,"minecraft:crafting_table":1,"minecraft:melon_seeds":4,"minecraft:stick":4,"minecraft:wooden_pickaxe":1,"minecraft:iron_pickaxe":1,"minecraft:wooden_axe":1,"minecraft:chest":1,"minecraft:torch":8},"minecraft:dropped":{"minecraft:raw_iron":2,"minecraft:cobblestone":32}},"DataVersion":3465}