{"stats":{"minecraft:mined":{"minecraft:grass_block":1,"minecraft:grass":3,"minecraft:acacia_log":6,"minecraft:coarse_dirt":7,"minecraft:stone":8,"minecraft:pumpkin":1,"minecraft:oak_leaves":1},"minecraft:used":{"minecraft:crafting_table":1,"minecraft:cooked_porkchop":1,"minecraft:melon_slice":3,"minecraft:wooden_pickaxe":9},"minecraft:crafted":{"minecraft:wooden_sword":1,"minecraft:wooden_shovel":1,"minecraft:acacia_planks":20,"minecraft:crafting_table":1,"minecraft:stick":8,"minecraft:wooden_pickaxe":1,"minecraft:wooden_axe":1},"minecraft:picked_up":{"minecraft:coarse_dirt":7,"minecraft:cooked_porkchop":2,"minecraft:pumpkin":1,"minecraft:wheat_seeds":2,"minecraft:acacia_log":5,"minecraft:melon_slice":3,"minecraft:dirt":1,"minecraft:cobblestone":8,"minecraft:egg":5},"minecraft:custom":{"minecraft:time_since_rest":17628,"minecraft:crouch_one_cm":1769,"minecraft:sprint_one_cm":16385,"minecraft:play_time":17628,"minecraft:damage_taken":223,"minecraft:walk_one_cm":31210,"minecraft:sneak_time":342,"minecraft:walk_under_water_one_cm":12,"minecraft:jump":153,"minecraft:damage_dealt":20,"minecraft:leave_game":2,"minecraft:walk_on_water_one_cm":1501,"minecraft:time_since_death":17628,"minecraft:total_world_time":17628,"minecraft:interact_with_crafting_table":1,"minecraft:fall_one_cm":2860,"minecraft:fly_one_cm":23453}},"DataVersion":3120}