{"stats":{"minecraft:used":{"minecraft:melon_slice":3,"minecraft:cooked_porkchop":1},"minecraft:picked_up":{"minecraft:cooked_porkchop":2,"minecraft:melon_slice":3},"minecraft:custom":{"minecraft:jump":42,"minecraft:time_since_rest":5628,"minecraft:crouch_one_cm":70,"minecraft:damage_dealt":20,"minecraft:damage_taken":223,"minecraft:leave_game":2,"minecraft:play_time":5628,"minecraft:sprint_one_cm":3194,"minecraft:time_since_death":5628,"minecraft:walk_on_water_one_cm":1501,"minecraft:walk_one_cm":6630,"minecraft:sneak_time":26,"minecraft:total_world_time":5628,"minecraft:walk_under_water_one_cm":12,"minecraft:fall_one_cm":476,"minecraft:fly_one_cm":7295}},"DataVersion":3120}