{"stats":{"minecraft:dropped":{"minecraft:moss_block":1,"minecraft:wheat_seeds":4,"minecraft:glass_bottle":1,"minecraft:crafting_table":1,"minecraft:jungle_planks":2,"minecraft:acacia_sapling":1,"tombstone:grave_dust":2,"minecraft:pumpkin":2,"minecraft:spider_eye":1,"minecraft:arrow":2,"minecraft:string":1},"minecraft:killed":{"minecraft:spider":1,"minecraft:hoglin":1,"minecraft:phantom":1,"whisperwoods:zotzpyre":1,"minecraft:skeleton":1,"minecraft:wither_skeleton":1},"minecraft:crafted":{"minecraft:wooden_sword":1,"minecraft:oak_planks":16,"minecraft:wooden_shovel":1,"minecraft:crafting_table":3,"minecraft:wooden_pickaxe":1,"minecraft:furnace":1,"minecraft:campfire":2,"minecraft:stone_axe":1,"minecraft:jungle_planks":32,"minecraft:stick":20,"minecraft:stone_pickaxe":1,"minecraft:wooden_axe":1,"minecraft:chest":3,"minecraft:stone_sword":1,"minecraft:acacia_planks":20},"minecraft:mined":{"minecraft:podzol":1,"minecraft:acacia_leaves":2,"minecraft:spruce_planks":2,"minecraft:jungle_leaves":17,"minecraft:crafting_table":1,"minecraft:granite":3,"minecraft:acacia_log":16,"minecraft:grass_block":1,"minecraft:melon":10,"minecraft:jungle_planks":6,"minecraft:jungle_log":88,"minecraft:campfire":1,"minecraft:oak_planks":1,"minecraft:purple_bed":1,"minecraft:coarse_dirt":7,"minecraft:furnace":1,"minecraft:pumpkin":1,"minecraft:yellow_bed":3,"minecraft:grass":7,"minecraft:oak_log":14,"minecraft:coal_ore":37,"minecraft:vine":6,"minecraft:stripped_oak_log":3,"minecraft:dirt":6,"minecraft:stripped_jungle_log":3,"minecraft:bamboo":2,"minecraft:stone":27,"minecraft:oak_leaves":8,"minecraft:fern":3},"minecraft:custom":{"minecraft:interact_with_furnace":1,"minecraft:mob_kills":5,"tombstone:raider_killed":1,"minecraft:interact_with_crafting_table":13,"minecraft:open_barrel":5,"minecraft:leave_game":4,"minecraft:time_since_death":150,"minecraft:sleep_in_bed":3,"minecraft:climb_one_cm":73324,"minecraft:time_since_rest":5,"minecraft:sprint_one_cm":93543,"minecraft:damage_taken":7026,"minecraft:walk_one_cm":248449,"minecraft:drop":12,"minecraft:damage_dealt":1044,"minecraft:fly_one_cm":112890,"minecraft:open_chest":5,"minecraft:crouch_one_cm":6674,"minecraft:play_time":103354,"tombstone:undead_killed":3,"minecraft:deaths":11,"minecraft:sneak_time":2607,"minecraft:walk_under_water_one_cm":2086,"minecraft:jump":1019,"minecraft:walk_on_water_one_cm":12139,"minecraft:total_world_time":103354,"minecraft:fall_one_cm":62733},"minecraft:picked_up":{"minecraft:stripped_oak_log":3,"minecraft:iron_chestplate":1,"minecraft:cocoa_beans":9,"minecraft:charcoal":2,"minecraft:coarse_dirt":7,"minecraft:crafting_table":2,"minecraft:jungle_log":87,"minecraft:leather":4,"minecraft:potato":8,"minecraft:potion":1,"minecraft:oak_log":14,"minecraft:yellow_bed":3,"minecraft:map":5,"minecraft:dirt":19,"minecraft:string":1,"minecraft:iron_axe":1,"minecraft:iron_leggings":1,"minecraft:iron_shovel":1,"minecraft:bone":12,"minecraft:apple":6,"minecraft:wheat_seeds":4,"minecraft:bucket":1,"minecraft:glass_bottle":1,"minecraft:bamboo":16,"minecraft:moss_block":1,"minecraft:melon_slice":56,"minecraft:sugar_cane":5,"minecraft:oak_planks":1,"minecraft:acacia_sapling":1,"minecraft:iron_boots":1,"minecraft:egg":9,"minecraft:furnace":1,"minecraft:cooked_porkchop":2,"minecraft:pumpkin":5,"minecraft:acacia_log":15,"minecraft:jungle_planks":8,"farmersdelight:tomato_seeds":2,"tombstone:grave_dust":1,"minecraft:spider_eye":1,"minecraft:stripped_jungle_log":3,"minecraft:arrow":2,"minecraft:rotten_flesh":1,"minecraft:granite":3,"minecraft:chainmail_helmet":1,"minecraft:coal":50,"minecraft:cobblestone":38},"minecraft:used":{"minecraft:water_bucket":3,"minecraft:stone_sword":43,"minecraft:stone_pickaxe":51,"minecraft:oak_planks":10,"minecraft:chest":3,"minecraft:wooden_pickaxe":18,"minecraft:wooden_shovel":4,"minecraft:rotten_flesh":1,"minecraft:dirt":22,"minecraft:crafting_table":3,"minecraft:jungle_planks":14,"minecraft:campfire":2,"minecraft:granite":3,"minecraft:oak_log":3,"minecraft:wooden_axe":8,"minecraft:apple":6,"minecraft:iron_axe":26,"minecraft:melon_slice":26,"minecraft:jungle_log":3,"minecraft:stone_axe":137,"minecraft:potion":1,"minecraft:furnace":1,"minecraft:cooked_porkchop":2,"minecraft:bucket":4,"tombstone:gift":2,"minecraft:yellow_bed":3,"minecraft:potato":16,"minecraft:coarse_dirt":7},"minecraft:broken":{"minecraft:stone_axe":1},"minecraft:killed_by":{"minecraft:wither_skeleton":1,"minecraft:phantom":2,"minecraft:zombie":2,"whisperwoods:zotzpyre":5}},"DataVersion":3120}