{"stats":{"minecraft:custom":{"minecraft:animals_bred":34,"minecraft:interact_with_crafting_table":245,"minecraft:leave_game":43,"minecraft:time_since_death":1781,"minecraft:sprint_one_cm":2800933,"minecraft:damage_blocked_by_shield":1838,"minecraft:drop":818,"minecraft:talked_to_villager":278,"minecraft:play_time":1959388,"minecraft:deaths":274,"minecraft:jump":8471,"minecraft:interact_with_brewingstand":2,"minecraft:walk_on_water_one_cm":259396,"minecraft:interact_with_furnace":96,"minecraft:traded_with_villager":14,"minecraft:sleep_in_bed":77,"minecraft:damage_dealt":64638,"minecraft:player_kills":12,"minecraft:crouch_one_cm":1002776,"minecraft:interact_with_smithing_table":2,"minecraft:horse_one_cm":418,"minecraft:mob_kills":177,"minecraft:inspect_hopper":1,"minecraft:damage_dealt_resisted":31952,"minecraft:walk_one_cm":5393060,"minecraft:sneak_time":275611,"minecraft:walk_under_water_one_cm":493728,"minecraft:boat_one_cm":207953,"minecraft:interact_with_blast_furnace":28,"minecraft:total_world_time":1959388,"minecraft:time_since_rest":1812,"minecraft:damage_taken":255244,"minecraft:swim_one_cm":39880,"minecraft:fly_one_cm":3891852,"minecraft:open_chest":2178,"minecraft:fish_caught":7,"minecraft:fall_one_cm":71398},"minecraft:mined":{"minecraft:spruce_planks":10,"minecraft:oak_sapling":2,"minecraft:white_bed":3,"minecraft:farmland":12,"endofherobrine:herobrine_head":3,"minecraft:cherry_log":107,"the_silence:sad_satan":437,"minecraft:obsidian":80,"minecraft:granite":133,"minecraft:grass_block":807,"minecraft:soul_soil":24,"minecraft:composter":5,"minecraft:hopper":4,"minecraft:oxeye_daisy":1,"immersive_weathering:exposed_iron_door":2,"minecraft:mossy_cobblestone_slab":24,"minecraft:glowstone":38,"minecraft:iron_ore":48,"minecraft:cobbled_deepslate":12,"minecraft:fire":63,"minecraft:moss_carpet":5,"immersive_weathering:charred_planks":1,"minecraft:azure_bluet":1,"immersive_weathering:loam":5,"minecraft:azalea":1,"immersive_weathering:oak_leaf_pile":382,"minecraft:deepslate_redstone_ore":166,"minecraft:blackstone":50,"minecraft:melon_stem":1,"minecraft:crimson_nylium":39,"immersive_weathering:spruce_leaf_pile":60,"minecraft:clay":112,"minecraft:torch":28,"minecraft:melon":11,"minecraft:chest":15,"minecraft:nether_quartz_ore":50,"minecraft:cobblestone":4676,"minecraft:oak_planks":123,"minecraft:sugar_cane":14,"minecraft:sniffer_egg":1,"minecraft:wall_torch":13,"minecraft:amethyst_block":77,"minecraft:deepslate_copper_ore":152,"minecraft:warped_nylium":45,"minecraft:mud":176,"minecraft:wheat":381,"minecraft:grass":186,"minecraft:oak_log":462,"minecraft:oak_fence_gate":2,"minecraft:dirt":227,"minecraft:ancient_debris":44,"minecraft:netherrack":50,"minecraft:oak_leaves":182,"minecraft:deepslate":143,"minecraft:nether_gold_ore":40,"minecraft:mossy_cobblestone":38,"minecraft:deepslate_diamond_ore":181,"minecraft:cherry_sapling":1,"minecraft:sea_lantern":3,"minecraft:stone_button":1,"minecraft:spruce_leaves":157,"minecraft:moss_block":428,"minecraft:rooted_dirt":1,"minecraft:redstone_ore":11,"minecraft:oak_trapdoor":5,"minecraft:spruce_sapling":3,"minecraft:carrots":270,"immersive_weathering:charred_log":11,"minecraft:andesite":160,"minecraft:bookshelf":3,"minecraft:potatoes":148,"minecraft:deepslate_iron_ore":244,"minecraft:cobblestone_slab":471,"minecraft:stone":663,"minecraft:white_wool":2,"minecraft:smithing_table":1,"minecraft:oak_slab":27,"minecraft:soul_sand":43,"minecraft:dandelion":5,"minecraft:oak_fence":16,"minecraft:crafting_table":4,"immersive_weathering:soot":3,"minecraft:copper_ore":17,"minecraft:tall_grass":45,"endofherobrine:glowing_obsidian":1,"minecraft:deepslate_coal_ore":239,"minecraft:deepslate_gold_ore":174,"endofherobrine:mossy_stone_bricks":6,"minecraft:sculk":67,"minecraft:diorite":130,"immersive_weathering:cherry_leaf_pile":191,"minecraft:redstone_torch":1,"minecraft:spruce_log":22,"minecraft:coal_ore":46,"minecraft:cracked_stone_bricks":2,"minecraft:gold_ore":18,"minecraft:deepslate_emerald_ore":158},"minecraft:dropped":{"minecraft:clay":1,"minecraft:iron_sword":1,"minecraft:moss_block":4,"minecraft:diamond_axe":7,"minecraft:oak_log":2,"minecraft:baked_potato":1,"minecraft:diamond":1,"minecraft:pitcher_pod":1,"minecraft:rooted_dirt":1,"minecraft:leather":2,"minecraft:emerald":1,"minecraft:dirt":23,"minecraft:bone_meal":44,"minecraft:iron_pickaxe":7,"minecraft:gold_ingot":163,"boh:sirenphone":1,"minecraft:sugar_cane":1,"minecraft:cobbled_deepslate":1,"boh:wf_pistol":2,"minecraft:rotten_flesh":2,"minecraft:glowstone_dust":24,"minecraft:white_bed":6,"minecraft:carrot":110,"minecraft:chainmail_chestplate":1,"minecraft:rabbit_hide":3,"minecraft:leather_chestplate":1,"boh:the_great_knife":1,"minecraft:arrow":2,"minecraft:written_book":1,"minecraft:egg":1,"minecraft:iron_ingot":1,"minecraft:water_bucket":1,"minecraft:bread":7,"minecraft:oak_slab":11,"minecraft:wheat_seeds":1,"minecraft:golden_helmet":3,"minecraft:mossy_cobblestone":1,"minecraft:cobblestone":330,"minecraft:granite":2,"minecraft:burn_pottery_sherd":1,"minecraft:copper_ingot":1,"minecraft:mossy_cobblestone_slab":2,"minecraft:torch":69,"minecraft:wooden_hoe":1,"minecraft:wooden_axe":1,"minecraft:melon_slice":5,"lights_out:ban_hammer":3,"minecraft:fire_charge":4,"minecraft:iron_axe":4,"minecraft:iron_shovel":2,"minecraft:bucket":1,"minecraft:furnace":1,"minecraft:soul_soil":1,"minecraft:oak_trapdoor":34,"the_silence:flashlightoff":1,"minecraft:stone_sword":3,"minecraft:shears":1,"minecraft:diamond_sword":1,"minecraft:potato":35,"minecraft:cobblestone_slab":359,"minecraft:shield":1,"minecraft:diamond_pickaxe":9,"minecraft:andesite":1,"minecraft:oak_boat":2,"minecraft:redstone_torch":1,"minecraft:bow":38,"minecraft:stone_pickaxe":4},"minecraft:killed":{"endofherobrine:silverfish":6,"minecraft:zombified_piglin":36,"minecraft:witch":8,"minecraft:spider":16,"minecraft:pufferfish":1,"minecraft:skeleton":13,"autizmzrake:rake":1,"minecraft:chicken":3,"boh:rat":6,"minecraft:piglin":5,"boh:simonhenriksson":5,"minecraft:creeper":11,"minecraft:trader_llama":1,"minecraft:pillager":1,"minecraft:zombie":24,"minecraft:ghast":1,"endofherobrine:chicken":2,"minecraft:blaze":7,"midnightlurker:void_hands":2,"eyesinthedarkness:eyes":1,"midnightlurker:midnight_lurker_runaway":1,"cartoon_cat:cartoon_cat_chase":8,"minecraft:bat":4,"minecraft:hoglin":1,"the_anomaly:anomaly_attack":2,"boh:jeff_the_killer":1,"minecraft:enderman":1},"minecraft:used":{"minecraft:moss_block":4,"minecraft:cherry_sapling":14,"minecraft:iron_shovel":228,"minecraft:shield":31,"minecraft:chest":42,"minecraft:rotten_flesh":4,"minecraft:soul_sand":5,"lights_out:ban_hammer":45,"minecraft:carrot":414,"minecraft:azure_bluet":1,"minecraft:obsidian":1,"minecraft:lava_bucket":47,"minecraft:mossy_cobblestone_slab":23,"minecraft:bow":32,"minecraft:written_book":1,"minecraft:oak_sapling":62,"minecraft:furnace":2,"minecraft:egg":61,"minecraft:potato":312,"minecraft:diorite":79,"minecraft:diamond_boots":1,"minecraft:oak_planks":270,"minecraft:stone_pickaxe":321,"minecraft:blackstone":27,"minecraft:ender_pearl":2,"minecraft:wooden_pickaxe":59,"minecraft:composter":6,"minecraft:sugar_cane":17,"minecraft:diamond_axe":1437,"minecraft:oak_leaves":13,"minecraft:white_wool":2,"minecraft:shears":16,"minecraft:redstone_torch":1,"minecraft:melon_slice":10,"minecraft:bread":12,"minecraft:stone_button":1,"minecraft:cat_spawn_egg":7,"minecraft:golden_helmet":9,"minecraft:diamond_sword":244,"minecraft:fire_charge":2,"minecraft:pufferfish_bucket":2,"weather2:tornado_siren":1,"minecraft:smithing_table":1,"minecraft:andesite":136,"minecraft:oak_boat":21,"minecraft:oak_fence":101,"minecraft:oak_trapdoor":52,"minecraft:bone_meal":199,"minecraft:stone_sword":11,"minecraft:stone_shovel":96,"minecraft:spruce_planks":16,"minecraft:wooden_shovel":49,"minecraft:netherrack":59,"minecraft:torch":482,"minecraft:dirt":843,"minecraft:hopper":8,"minecraft:diamond_helmet":1,"minecraft:granite":65,"minecraft:oak_fence_gate":8,"minecraft:iron_hoe":387,"minecraft:wooden_axe":134,"minecraft:bookshelf":48,"minecraft:iron_axe":450,"minecraft:iron_boots":1,"minecraft:melon_seeds":4,"minecraft:diamond_chestplate":1,"minecraft:glowstone":23,"endofherobrine:herobrine_head":4,"minecraft:cobbled_deepslate":195,"boh:killer_knife":38,"minecraft:wheat_seeds":476,"minecraft:water_bucket":108,"minecraft:baked_potato":50,"minecraft:sniffer_egg":3,"minecraft:cobblestone_slab":2084,"minecraft:mossy_cobblestone":22,"minecraft:crafting_table":11,"minecraft:oak_slab":144,"minecraft:white_bed":11,"minecraft:spruce_log":5,"minecraft:smoker":1,"minecraft:oak_log":2,"minecraft:wooden_hoe":60,"minecraft:mud":28,"minecraft:diamond_pickaxe":8898,"minecraft:apple":4,"minecraft:oxeye_daisy":1,"minecraft:diamond_shovel":117,"minecraft:iron_pickaxe":1086,"minecraft:spruce_sapling":3,"minecraft:stone_axe":230,"minecraft:fishing_rod":41,"minecraft:cobblestone":2675,"minecraft:porkchop":3,"minecraft:bucket":152,"minecraft:dandelion":5,"the_silence:sad_satan":113,"minecraft:diamond_leggings":1},"minecraft:picked_up":{"minecraft:wooden_axe":1,"minecraft:wheat":347,"minecraft:chainmail_boots":3,"minecraft:smithing_table":1,"minecraft:lead":1,"minecraft:diamond_sword":6,"minecraft:potion":4,"minecraft:enchanted_book":3,"minecraft:nether_brick":100,"minecraft:golden_sword":3,"minecraft:amethyst_block":92,"minecraft:string":71,"minecraft:wayfinder_armor_trim_smithing_template":1,"minecraft:soul_soil":33,"minecraft:raw_copper":529,"minecraft:pufferfish":1,"minecraft:oak_sign":5,"minecraft:gold_nugget":188,"minecraft:cobbled_deepslate":190,"minecraft:bucket":13,"minecraft:spruce_planks":17,"minecraft:written_book":1,"minecraft:redstone_torch":4,"minecraft:cobblestone_slab":1137,"minecraft:netherite_upgrade_smithing_template":1,"minecraft:iron_pickaxe":12,"minecraft:melon_slice":69,"minecraft:iron_boots":5,"minecraft:furnace":1,"minecraft:golden_helmet":6,"minecraft:stick":428,"minecraft:composter":5,"minecraft:oak_fence":77,"minecraft:torch":773,"minecraft:porkchop":16,"minecraft:cherry_log":95,"minecraft:diorite":120,"minecraft:golden_chestplate":1,"minecraft:sniffer_egg":1,"minecraft:stone_sword":3,"minecraft:rotten_flesh":180,"endofherobrine:herobrine_head":4,"minecraft:blaze_rod":3,"minecraft:obsidian":120,"minecraft:cod":5,"minecraft:cobblestone":6030,"minecraft:mossy_cobblestone_slab":27,"minecraft:feather":3,"minecraft:raiser_armor_trim_smithing_template":1,"minecraft:water_bucket":7,"minecraft:andesite":132,"minecraft:smoker":1,"boh:wf_pistol":3,"minecraft:potato":583,"minecraft:dirt":1318,"immersive_weathering:exposed_iron_door":2,"minecraft:bone":74,"minecraft:bow":6,"minecraft:wheat_seeds":1240,"minecraft:raw_gold":184,"minecraft:glowstone_dust":128,"minecraft:moss_block":303,"minecraft:pitcher_pod":1,"minecraft:oak_planks":611,"immersive_weathering:tallow":30,"minecraft:poisonous_potato":4,"minecraft:spectral_arrow":204,"minecraft:mossy_cobblestone":37,"minecraft:iron_hoe":4,"minecraft:sugar":3,"minecraft:diamond":171,"minecraft:granite":110,"minecraft:emerald":146,"minecraft:rooted_dirt":1,"minecraft:oak_sapling":124,"minecraft:netherrack":156,"minecraft:oak_leaves":24,"minecraft:diamond_pickaxe":58,"minecraft:charcoal":10,"minecraft:mud":189,"minecraft:crafting_table":5,"minecraft:azure_bluet":1,"minecraft:chicken":3,"minecraft:splash_potion":2,"minecraft:clay_ball":488,"minecraft:brown_mushroom":20,"minecraft:brick":1,"minecraft:shield":10,"minecraft:oak_trapdoor":27,"minecraft:moss_carpet":5,"minecraft:iron_axe":6,"minecraft:cat_spawn_egg":12,"minecraft:iron_shovel":3,"the_silence:flashlightoff":1,"minecraft:blackstone":146,"minecraft:oak_boat":21,"minecraft:iron_nugget":42,"minecraft:sugar_cane":143,"minecraft:chest":15,"minecraft:egg":80,"minecraft:raw_iron":259,"minecraft:copper_ingot":1,"minecraft:fire_charge":38,"the_silence:sad_satan":675,"minecraft:stone_button":1,"minecraft:carrot":947,"minecraft:redstone":785,"minecraft:prismarine_crystals":5,"minecraft:purple_candle":1,"minecraft:arrow":236,"minecraft:stone_shovel":1,"minecraft:shears":3,"minecraft:gold_ingot":133,"minecraft:white_wool":24,"minecraft:oxeye_daisy":1,"minecraft:stripped_oak_log":1,"the_silence:flashlight":3,"minecraft:burn_pottery_sherd":1,"minecraft:salmon":2,"minecraft:leather":145,"minecraft:red_mushroom":11,"minecraft:crimson_fungus":35,"minecraft:oak_log":717,"minecraft:chainmail_chestplate":1,"minecraft:ancient_debris":54,"minecraft:golden_boots":1,"minecraft:gunpowder":121,"minecraft:wooden_hoe":1,"boh:sirenphone":3,"minecraft:apple":8,"boh:the_great_knife":3,"minecraft:rabbit_hide":106,"minecraft:iron_ingot":59,"minecraft:oak_fence_gate":2,"minecraft:stone_pickaxe":2,"minecraft:flowering_azalea":1,"minecraft:soul_sand":172,"minecraft:book":9,"minecraft:oak_slab":88,"minecraft:warped_fungus":55,"lights_out:ban_hammer":7,"immersive_weathering:soot":22,"minecraft:quartz":192,"minecraft:dandelion":8,"boh:killer_knife":6,"minecraft:torchflower_seeds":1,"minecraft:gravel":149,"minecraft:lava_bucket":1,"minecraft:amethyst_shard":1,"minecraft:spruce_sapling":22,"minecraft:white_bed":7,"minecraft:spruce_log":33,"minecraft:crying_obsidian":66,"minecraft:spider_eye":8,"minecraft:diamond_shovel":9,"minecraft:pumpkin_seeds":1,"minecraft:slime_ball":24,"minecraft:stone_axe":1,"minecraft:diamond_axe":57,"minecraft:cherry_sapling":33,"minecraft:baked_potato":98,"minecraft:melon_seeds":1,"minecraft:coal":269,"minecraft:hopper":4,"minecraft:ender_pearl":41},"minecraft:killed_by":{"the_silence:the_silence_principal":3,"midnightlurker:midnight_lurker_backturned":2,"boh:siren_head":1,"minecraft:zombified_piglin":8,"the_anomaly:anomaly_attack_crawl":4,"minecraft:creeper":4,"the_anomaly:anomaly_attack":3,"cartoon_cat:cartoon_cat_chase":9,"sanitydim:rotting_stalker":7,"endofherobrine:chicken":1,"shut_your_eyes:agony":22,"midnightlurker:void_hands":6,"man:managgresive":3,"sanitydim:sneaking_terror":11,"minecraft:piglin":2,"minecraft:blaze":8,"minecraft:witch":5,"midnightlurker:midnight_lurker_stare":1,"minecraft:player":14,"minecraft:spider":1,"minecraft:enderman":1,"boh:simonhenriksson":2,"endofherobrine:villager":1,"minecraft:skeleton":7,"autizmzrake:rake":10,"midnightlurker:midnight_lurker_unprovoked":6},"minecraft:broken":{"minecraft:iron_shovel":1,"minecraft:diamond_helmet":1,"minecraft:stone_pickaxe":1,"minecraft:diamond_boots":1,"minecraft:diamond_chestplate":1,"minecraft:diamond_leggings":1,"minecraft:wooden_pickaxe":1,"minecraft:iron_axe":1,"minecraft:iron_pickaxe":3,"minecraft:wooden_hoe":1},"minecraft:crafted":{"minecraft:oak_planks":1932,"minecraft:cobblestone_slab":2040,"weather2:weather_item":1,"minecraft:diamond_shovel":3,"minecraft:bookshelf":48,"minecraft:potato":5,"minecraft:hopper":8,"minecraft:cow_spawn_egg":1,"minecraft:chest":39,"minecraft:oak_fence":168,"minecraft:oak_slab":186,"minecraft:wooden_shovel":1,"minecraft:diamond_axe":14,"minecraft:crafting_table":7,"weather2:tornado_sensor":1,"minecraft:wooden_pickaxe":1,"minecraft:baked_potato":89,"minecraft:copper_ingot":8,"minecraft:diamond_pickaxe":20,"minecraft:book":167,"minecraft:wooden_hoe":2,"minecraft:paper":597,"minecraft:charcoal":2,"minecraft:shield":6,"minecraft:stick":632,"minecraft:iron_ingot":183,"minecraft:iron_pickaxe":12,"minecraft:stone_sword":1,"minecraft:gold_ingot":161,"minecraft:composter":1,"minecraft:shears":2,"minecraft:cherry_planks":240,"minecraft:stone_shovel":2,"minecraft:fishing_rod":2,"the_silence:flashlightoff":1,"minecraft:furnace":2,"minecraft:pufferfish_bucket":2,"minecraft:cherry_sapling":2,"minecraft:bone_meal":270,"minecraft:oak_trapdoor":110,"minecraft:leather":167,"minecraft:iron_axe":6,"minecraft:iron_hoe":5,"minecraft:stone_pickaxe":4,"minecraft:golden_helmet":5,"weather2:tornado_siren":1,"minecraft:diamond_sword":3,"minecraft:sniffer_egg":2,"minecraft:bucket":5,"minecraft:bone":75,"minecraft:stone_axe":4,"minecraft:glowstone":23,"minecraft:bread":21,"minecraft:air":0,"minecraft:oak_fence_gate":10,"minecraft:oak_boat":9,"minecraft:wooden_axe":1,"minecraft:iron_shovel":5,"minecraft:white_bed":9,"minecraft:torch":820,"minecraft:carrot":5}},"DataVersion":3465}