{"stats":{"minecraft:used":{"minecraft:moss_block":2,"minecraft:iron_shovel":10,"minecraft:stone_shovel":96,"minecraft:spruce_planks":7,"minecraft:shield":7,"minecraft:wooden_shovel":49,"minecraft:netherrack":50,"minecraft:torch":33,"minecraft:dirt":213,"minecraft:carrot":99,"minecraft:granite":41,"minecraft:iron_hoe":120,"minecraft:wooden_axe":134,"minecraft:iron_axe":407,"minecraft:glowstone":4,"minecraft:oak_sapling":34,"minecraft:furnace":1,"minecraft:potato":47,"minecraft:cobbled_deepslate":60,"minecraft:wheat_seeds":114,"minecraft:water_bucket":19,"minecraft:diorite":52,"minecraft:stone_pickaxe":321,"minecraft:oak_planks":3,"minecraft:wooden_pickaxe":59,"minecraft:cobblestone_slab":79,"minecraft:oak_slab":2,"minecraft:crafting_table":1,"minecraft:spruce_log":5,"minecraft:redstone_torch":1,"minecraft:mud":15,"minecraft:wooden_hoe":59,"minecraft:diamond_pickaxe":941,"minecraft:apple":4,"minecraft:iron_pickaxe":984,"minecraft:spruce_sapling":3,"minecraft:stone_axe":211,"minecraft:cobblestone":23,"minecraft:pufferfish_bucket":2,"weather2:tornado_siren":1,"minecraft:andesite":49,"minecraft:bucket":19,"minecraft:oak_boat":11,"minecraft:dandelion":1,"minecraft:bone_meal":153},"minecraft:dropped":{"minecraft:oak_log":2,"minecraft:cobblestone":10,"minecraft:rooted_dirt":1,"minecraft:dirt":18,"minecraft:wooden_axe":1,"minecraft:iron_axe":3,"minecraft:iron_pickaxe":4,"minecraft:iron_shovel":1,"minecraft:furnace":1,"the_silence:flashlightoff":1,"minecraft:cobblestone_slab":66,"minecraft:shield":1,"minecraft:diamond_pickaxe":1,"minecraft:andesite":1,"minecraft:oak_boat":2,"minecraft:stone_pickaxe":4},"minecraft:crafted":{"minecraft:oak_planks":100,"minecraft:cobblestone_slab":72,"minecraft:stone_shovel":2,"the_silence:flashlightoff":1,"weather2:weather_item":1,"minecraft:furnace":1,"minecraft:pufferfish_bucket":2,"minecraft:bone_meal":225,"minecraft:potato":5,"minecraft:iron_axe":6,"minecraft:iron_hoe":3,"minecraft:stone_pickaxe":4,"minecraft:cow_spawn_egg":1,"minecraft:oak_slab":6,"minecraft:wooden_shovel":1,"weather2:tornado_siren":1,"minecraft:crafting_table":1,"weather2:tornado_sensor":1,"minecraft:wooden_pickaxe":1,"minecraft:copper_ingot":8,"minecraft:bone":75,"minecraft:bucket":2,"minecraft:stone_axe":3,"minecraft:glowstone":4,"minecraft:air":0,"minecraft:oak_boat":5,"minecraft:wooden_hoe":1,"minecraft:diamond_pickaxe":2,"minecraft:shield":2,"minecraft:stick":68,"minecraft:iron_ingot":136,"minecraft:iron_pickaxe":12,"minecraft:wooden_axe":1,"minecraft:iron_shovel":4,"minecraft:gold_ingot":2,"minecraft:torch":88,"minecraft:carrot":5},"minecraft:killed":{"minecraft:spider":2,"minecraft:pufferfish":1,"minecraft:skeleton":1,"boh:rat":1,"minecraft:bat":1,"minecraft:creeper":1},"minecraft:killed_by":{"minecraft:player":1,"man:managgresive":1,"endofherobrine:villager":1,"midnightlurker:midnight_lurker_unprovoked":1},"minecraft:picked_up":{"minecraft:wooden_axe":1,"minecraft:mud":66,"minecraft:wheat":56,"minecraft:clay_ball":168,"minecraft:brown_mushroom":2,"minecraft:shield":1,"minecraft:amethyst_block":8,"minecraft:string":3,"minecraft:raw_copper":138,"minecraft:soul_soil":8,"minecraft:iron_axe":3,"minecraft:pufferfish":1,"minecraft:blackstone":3,"the_silence:flashlightoff":1,"minecraft:gold_nugget":24,"minecraft:cobbled_deepslate":29,"minecraft:spruce_planks":1,"minecraft:oak_boat":13,"minecraft:cobblestone_slab":76,"minecraft:redstone_torch":1,"minecraft:iron_pickaxe":2,"minecraft:furnace":1,"minecraft:stick":88,"minecraft:raw_iron":112,"minecraft:torch":6,"minecraft:diorite":37,"minecraft:carrot":110,"minecraft:redstone":160,"minecraft:stone_shovel":1,"minecraft:gold_ingot":16,"minecraft:obsidian":1,"minecraft:cobblestone":224,"minecraft:oxeye_daisy":1,"minecraft:stripped_oak_log":1,"minecraft:andesite":43,"minecraft:potato":39,"minecraft:oak_log":263,"minecraft:ancient_debris":9,"minecraft:gunpowder":1,"minecraft:dirt":273,"minecraft:bone":1,"minecraft:apple":6,"minecraft:wheat_seeds":183,"minecraft:raw_gold":35,"minecraft:stone_pickaxe":2,"minecraft:glowstone_dust":18,"minecraft:moss_block":105,"minecraft:oak_planks":20,"minecraft:soul_sand":7,"minecraft:oak_slab":2,"minecraft:quartz":6,"minecraft:dandelion":1,"minecraft:spruce_sapling":17,"minecraft:spruce_log":33,"minecraft:spider_eye":1,"minecraft:slime_ball":1,"minecraft:diamond":39,"minecraft:granite":37,"minecraft:emerald":33,"minecraft:rooted_dirt":1,"minecraft:oak_sapling":67,"minecraft:netherrack":22,"minecraft:coal":94},"minecraft:custom":{"minecraft:mob_kills":7,"minecraft:interact_with_crafting_table":49,"minecraft:leave_game":7,"minecraft:time_since_death":640,"minecraft:sprint_one_cm":301068,"minecraft:walk_one_cm":857584,"minecraft:damage_blocked_by_shield":420,"minecraft:drop":113,"minecraft:talked_to_villager":154,"minecraft:play_time":303284,"minecraft:deaths":31,"minecraft:sneak_time":52364,"minecraft:walk_under_water_one_cm":28778,"minecraft:boat_one_cm":30941,"minecraft:jump":905,"minecraft:walk_on_water_one_cm":16118,"minecraft:total_world_time":303284,"minecraft:interact_with_furnace":46,"minecraft:traded_with_villager":10,"minecraft:time_since_rest":677,"minecraft:damage_taken":7797,"minecraft:damage_dealt":3161,"minecraft:swim_one_cm":416,"minecraft:fly_one_cm":303458,"minecraft:open_chest":352,"minecraft:crouch_one_cm":135926,"minecraft:fall_one_cm":4622},"minecraft:mined":{"minecraft:nether_gold_ore":11,"minecraft:spruce_planks":10,"minecraft:oak_sapling":2,"minecraft:farmland":2,"minecraft:deepslate_diamond_ore":71,"minecraft:obsidian":1,"minecraft:granite":70,"minecraft:grass_block":416,"minecraft:soul_soil":9,"minecraft:spruce_leaves":84,"minecraft:moss_block":172,"minecraft:oxeye_daisy":1,"minecraft:rooted_dirt":1,"minecraft:redstone_ore":11,"minecraft:spruce_sapling":3,"minecraft:glowstone":13,"minecraft:carrots":31,"minecraft:iron_ore":48,"minecraft:andesite":85,"minecraft:potatoes":10,"minecraft:deepslate_iron_ore":97,"minecraft:cobblestone_slab":8,"immersive_weathering:loam":5,"minecraft:stone":402,"immersive_weathering:oak_leaf_pile":253,"minecraft:deepslate_redstone_ore":65,"minecraft:oak_slab":1,"minecraft:blackstone":3,"minecraft:soul_sand":11,"minecraft:crimson_nylium":12,"immersive_weathering:spruce_leaf_pile":60,"minecraft:dandelion":1,"minecraft:clay":59,"minecraft:torch":3,"minecraft:nether_quartz_ore":11,"minecraft:tall_grass":43,"minecraft:copper_ore":17,"minecraft:cobblestone":6,"minecraft:deepslate_coal_ore":103,"minecraft:deepslate_gold_ore":65,"minecraft:oak_planks":1,"minecraft:sculk":2,"minecraft:diorite":64,"minecraft:wall_torch":4,"minecraft:amethyst_block":8,"minecraft:deepslate_copper_ore":60,"minecraft:warped_nylium":15,"minecraft:mud":103,"minecraft:redstone_torch":1,"minecraft:wheat":66,"minecraft:spruce_log":22,"minecraft:grass":175,"minecraft:oak_log":206,"minecraft:coal_ore":46,"minecraft:dirt":20,"minecraft:netherrack":10,"minecraft:ancient_debris":16,"minecraft:gold_ore":18,"minecraft:oak_leaves":74,"minecraft:deepslate_emerald_ore":60,"minecraft:deepslate":63},"minecraft:broken":{"minecraft:wooden_pickaxe":1,"minecraft:stone_pickaxe":1,"minecraft:iron_axe":1,"minecraft:iron_pickaxe":2,"minecraft:wooden_hoe":1}},"DataVersion":3465}