{"stats":{"minecraft:used":{"minecraft:oak_fence":8,"minecraft:moss_block":32,"minecraft:wooden_axe":43,"minecraft:stone_pickaxe":18,"minecraft:oak_planks":18,"minecraft:chest":1,"minecraft:wooden_pickaxe":116,"minecraft:wooden_shovel":19,"minecraft:cooked_chicken":1,"minecraft:oak_door":3,"minecraft:dirt":27,"minecraft:crafting_table":3,"minecraft:oak_slab":21,"minecraft:furnace":2,"minecraft:oak_boat":3,"minecraft:egg":3},"minecraft:crafted":{"minecraft:oak_door":3,"minecraft:oak_boat":3,"minecraft:oak_slab":18,"minecraft:oak_planks":80,"minecraft:raw_iron":7,"minecraft:wooden_shovel":3,"minecraft:crafting_table":2,"minecraft:stick":24,"minecraft:cooked_chicken":14,"minecraft:iron_ingot":5,"minecraft:wooden_pickaxe":2,"minecraft:stone_pickaxe":1,"minecraft:wooden_axe":2,"minecraft:chest":1,"minecraft:oak_button":1,"minecraft:water_bucket":1,"minecraft:bone_meal":3,"minecraft:oak_fence":9,"minecraft:egg":3,"minecraft:air":0},"minecraft:picked_up":{"minecraft:mud":10,"minecraft:oak_slab":7,"minecraft:stick":2,"minecraft:crafting_table":1,"minecraft:oak_log":11,"minecraft:dirt":94,"minecraft:iron_ingot":2,"minecraft:oak_boat":1,"minecraft:moss_block":48,"minecraft:oak_planks":9,"minecraft:raw_iron":1,"minecraft:cobblestone":13,"minecraft:furnace":2},"minecraft:custom":{"minecraft:interact_with_furnace":6,"minecraft:time_since_rest":33678,"minecraft:sprint_one_cm":12886,"minecraft:damage_taken":280,"minecraft:walk_one_cm":60369,"minecraft:drop":21,"minecraft:damage_dealt":294,"minecraft:traded_with_villager":13,"minecraft:interact_with_crafting_table":17,"minecraft:talked_to_villager":25,"minecraft:fly_one_cm":8091,"minecraft:open_chest":24,"minecraft:crouch_one_cm":20863,"minecraft:play_time":35266,"minecraft:deaths":1,"minecraft:sneak_time":12028,"minecraft:boat_one_cm":7497,"minecraft:jump":94,"minecraft:leave_game":1,"minecraft:time_since_death":33645,"minecraft:total_world_time":35266,"minecraft:fall_one_cm":687},"minecraft:broken":{"minecraft:wooden_pickaxe":1},"minecraft:dropped":{"minecraft:oak_button":1,"minecraft:cooked_chicken":10,"minecraft:wooden_axe":1,"minecraft:wooden_shovel":2,"minecraft:cobblestone":7},"minecraft:mined":{"minecraft:oak_slab":6,"minecraft:furnace":2,"minecraft:mud":18,"minecraft:crafting_table":2,"minecraft:grass_block":58,"minecraft:dirt":3,"minecraft:spruce_leaves":1,"minecraft:stone":54,"minecraft:oak_planks":4,"minecraft:moss_block":36,"minecraft:oak_leaves":4}},"DataVersion":3465}