{"stats":{"minecraft:mined":{"minecraft:oak_slab":1,"minecraft:mud":29,"minecraft:iron_ore":9,"minecraft:coal_ore":7,"minecraft:grass_block":164,"minecraft:oak_log":12,"minecraft:dirt":1,"minecraft:cobblestone":1,"minecraft:spruce_leaves":5,"minecraft:stone":74,"minecraft:moss_block":57},"minecraft:used":{"minecraft:moss_block":1,"minecraft:wooden_axe":46,"minecraft:stone_shovel":49,"minecraft:stone_pickaxe":151,"minecraft:wooden_pickaxe":59,"minecraft:wooden_shovel":49,"minecraft:torch":9,"minecraft:stone_axe":84,"minecraft:dirt":5,"minecraft:oak_slab":2,"minecraft:crafting_table":1,"minecraft:furnace":1},"minecraft:killed_by":{"man:managgresive":1,"minecraft:player":1},"minecraft:broken":{"minecraft:wooden_pickaxe":1},"minecraft:picked_up":{"minecraft:oak_slab":2,"minecraft:mud":14,"minecraft:raw_iron":15,"minecraft:oak_log":16,"minecraft:dirt":65,"minecraft:stone_pickaxe":1,"minecraft:moss_block":24,"minecraft:coal":7,"minecraft:cobblestone":45},"minecraft:custom":{"minecraft:sprint_one_cm":1537,"minecraft:time_since_rest":28004,"minecraft:interact_with_furnace":8,"minecraft:damage_taken":3078,"minecraft:walk_one_cm":61805,"minecraft:drop":25,"minecraft:damage_dealt":752,"minecraft:interact_with_crafting_table":11,"minecraft:talked_to_villager":21,"minecraft:fly_one_cm":4645,"minecraft:open_chest":30,"minecraft:crouch_one_cm":15209,"minecraft:play_time":36985,"minecraft:deaths":12,"minecraft:sneak_time":17247,"minecraft:jump":172,"minecraft:leave_game":1,"minecraft:time_since_death":27980,"minecraft:total_world_time":36985},"minecraft:crafted":{"minecraft:oak_slab":6,"minecraft:oak_planks":40,"minecraft:wooden_shovel":1,"minecraft:stone_shovel":1,"minecraft:crafting_table":1,"minecraft:stick":20,"minecraft:iron_ingot":5,"minecraft:wooden_pickaxe":1,"minecraft:stone_pickaxe":3,"minecraft:wooden_axe":1,"minecraft:furnace":1,"minecraft:torch":16,"minecraft:stone_axe":1,"minecraft:air":0},"minecraft:dropped":{"minecraft:dirt":18,"minecraft:cobblestone":5,"minecraft:stone_pickaxe":2}},"DataVersion":3465}