{"stats":{"minecraft:broken":{"minecraft:iron_shovel":1,"minecraft:wooden_pickaxe":1,"minecraft:stone_pickaxe":1,"minecraft:iron_axe":1,"minecraft:iron_pickaxe":2,"minecraft:wooden_hoe":1},"minecraft:killed":{"minecraft:spider":13,"minecraft:pufferfish":1,"eyesinthedarkness:eyes":1,"minecraft:skeleton":3,"boh:rat":5,"minecraft:bat":1,"minecraft:creeper":6,"minecraft:zombie":3,"minecraft:enderman":1},"minecraft:used":{"minecraft:moss_block":2,"minecraft:iron_shovel":222,"minecraft:stone_sword":11,"minecraft:stone_shovel":96,"minecraft:chest":9,"minecraft:spruce_planks":16,"minecraft:shield":9,"minecraft:wooden_shovel":49,"minecraft:netherrack":58,"minecraft:torch":187,"minecraft:dirt":388,"minecraft:carrot":266,"minecraft:granite":65,"minecraft:azure_bluet":1,"minecraft:oak_fence_gate":2,"minecraft:iron_hoe":267,"minecraft:wooden_axe":134,"minecraft:lava_bucket":3,"minecraft:iron_axe":450,"minecraft:glowstone":4,"minecraft:oak_sapling":62,"minecraft:furnace":2,"minecraft:egg":9,"minecraft:potato":145,"minecraft:cobbled_deepslate":89,"minecraft:wheat_seeds":270,"minecraft:water_bucket":26,"minecraft:diorite":65,"minecraft:baked_potato":22,"minecraft:oak_planks":167,"minecraft:stone_pickaxe":321,"minecraft:wooden_pickaxe":59,"minecraft:composter":6,"minecraft:sugar_cane":6,"minecraft:diamond_axe":365,"minecraft:cobblestone_slab":499,"minecraft:mossy_cobblestone":1,"minecraft:oak_slab":122,"minecraft:crafting_table":4,"minecraft:spruce_log":5,"minecraft:smoker":1,"minecraft:redstone_torch":1,"minecraft:mud":28,"minecraft:wooden_hoe":60,"minecraft:diamond_pickaxe":1934,"minecraft:apple":4,"minecraft:oxeye_daisy":1,"minecraft:iron_pickaxe":1044,"minecraft:spruce_sapling":3,"minecraft:stone_axe":211,"minecraft:diamond_sword":39,"minecraft:cobblestone":320,"minecraft:pufferfish_bucket":2,"minecraft:andesite":64,"weather2:tornado_siren":1,"minecraft:smithing_table":1,"minecraft:bucket":29,"minecraft:dandelion":5,"minecraft:oak_boat":12,"minecraft:bone_meal":153,"minecraft:oak_fence":54,"minecraft:oak_trapdoor":4},"minecraft:killed_by":{"the_silence:the_silence_principal":1,"minecraft:player":4,"boh:siren_head":1,"minecraft:zombified_piglin":2,"the_anomaly:anomaly_attack_crawl":3,"minecraft:creeper":1,"minecraft:spider":1,"minecraft:enderman":1,"shut_your_eyes:agony":4,"man:managgresive":1,"sanitydim:sneaking_terror":1,"endofherobrine:villager":1,"minecraft:skeleton":2,"autizmzrake:rake":3,"midnightlurker:midnight_lurker_unprovoked":3},"minecraft:custom":{"minecraft:interact_with_smithing_table":1,"minecraft:mob_kills":36,"minecraft:animals_bred":2,"minecraft:interact_with_crafting_table":103,"minecraft:damage_dealt_resisted":4329,"minecraft:leave_game":14,"minecraft:time_since_death":1621,"minecraft:sprint_one_cm":892832,"minecraft:walk_one_cm":2233451,"minecraft:damage_blocked_by_shield":585,"minecraft:drop":338,"minecraft:talked_to_villager":214,"minecraft:play_time":776994,"minecraft:sneak_time":125498,"minecraft:deaths":82,"minecraft:walk_under_water_one_cm":148134,"minecraft:boat_one_cm":75792,"minecraft:jump":2490,"minecraft:walk_on_water_one_cm":80542,"minecraft:total_world_time":776994,"minecraft:interact_with_furnace":65,"minecraft:traded_with_villager":10,"minecraft:sleep_in_bed":1,"minecraft:time_since_rest":1675,"minecraft:damage_taken":27639,"minecraft:damage_dealt":10056,"minecraft:player_kills":3,"minecraft:swim_one_cm":4563,"minecraft:fly_one_cm":1411068,"minecraft:open_chest":803,"minecraft:crouch_one_cm":465572,"minecraft:fall_one_cm":17018},"minecraft:dropped":{"minecraft:iron_ingot":1,"minecraft:moss_block":1,"minecraft:diamond_axe":2,"minecraft:oak_log":2,"minecraft:diamond":1,"minecraft:cobblestone":61,"minecraft:rooted_dirt":1,"minecraft:copper_ingot":1,"minecraft:emerald":1,"minecraft:dirt":19,"minecraft:wooden_axe":1,"minecraft:iron_axe":4,"minecraft:iron_pickaxe":6,"minecraft:iron_shovel":1,"minecraft:gold_ingot":1,"boh:sirenphone":1,"minecraft:furnace":1,"minecraft:soul_soil":1,"minecraft:oak_trapdoor":12,"the_silence:flashlightoff":1,"minecraft:stone_sword":3,"minecraft:cobbled_deepslate":1,"minecraft:white_bed":6,"minecraft:shears":1,"minecraft:carrot":72,"minecraft:cobblestone_slab":130,"minecraft:shield":1,"minecraft:diamond_pickaxe":2,"minecraft:andesite":1,"minecraft:oak_boat":2,"minecraft:stone_pickaxe":4},"minecraft:mined":{"minecraft:nether_gold_ore":22,"minecraft:spruce_planks":10,"minecraft:farmland":4,"minecraft:oak_sapling":2,"minecraft:deepslate_diamond_ore":113,"minecraft:sea_lantern":1,"minecraft:obsidian":24,"minecraft:granite":91,"minecraft:grass_block":607,"minecraft:soul_soil":11,"minecraft:spruce_leaves":110,"minecraft:composter":5,"minecraft:moss_block":201,"minecraft:oxeye_daisy":1,"minecraft:rooted_dirt":1,"minecraft:redstone_ore":11,"minecraft:oak_trapdoor":1,"minecraft:glowstone":20,"minecraft:carrots":169,"minecraft:spruce_sapling":3,"minecraft:iron_ore":48,"minecraft:fire":1,"minecraft:cobbled_deepslate":6,"minecraft:andesite":112,"minecraft:azure_bluet":1,"minecraft:potatoes":59,"minecraft:cobblestone_slab":35,"minecraft:deepslate_iron_ore":148,"immersive_weathering:loam":5,"minecraft:stone":493,"immersive_weathering:oak_leaf_pile":378,"minecraft:smithing_table":1,"minecraft:deepslate_redstone_ore":103,"minecraft:oak_slab":5,"minecraft:soul_sand":26,"minecraft:blackstone":19,"minecraft:crimson_nylium":20,"immersive_weathering:spruce_leaf_pile":60,"minecraft:dandelion":5,"minecraft:oak_fence":4,"minecraft:clay":69,"minecraft:torch":13,"minecraft:chest":3,"minecraft:nether_quartz_ore":23,"minecraft:copper_ore":17,"minecraft:tall_grass":43,"minecraft:cobblestone":203,"minecraft:deepslate_coal_ore":156,"minecraft:oak_planks":12,"minecraft:deepslate_gold_ore":99,"endofherobrine:mossy_stone_bricks":4,"minecraft:sculk":19,"minecraft:diorite":87,"minecraft:wall_torch":5,"minecraft:amethyst_block":33,"minecraft:deepslate_copper_ore":91,"minecraft:warped_nylium":24,"minecraft:mud":120,"minecraft:redstone_torch":1,"minecraft:wheat":162,"minecraft:spruce_log":22,"minecraft:grass":175,"minecraft:coal_ore":46,"minecraft:oak_log":378,"minecraft:dirt":57,"minecraft:cracked_stone_bricks":2,"minecraft:ancient_debris":29,"minecraft:netherrack":37,"minecraft:gold_ore":18,"minecraft:deepslate_emerald_ore":94,"minecraft:oak_leaves":115,"minecraft:deepslate":93},"minecraft:crafted":{"minecraft:oak_planks":1096,"minecraft:cobblestone_slab":420,"minecraft:stone_shovel":2,"the_silence:flashlightoff":1,"weather2:weather_item":1,"minecraft:furnace":2,"minecraft:pufferfish_bucket":2,"minecraft:bone_meal":225,"minecraft:diamond_shovel":1,"minecraft:potato":5,"minecraft:oak_trapdoor":4,"minecraft:iron_axe":6,"minecraft:iron_hoe":4,"minecraft:stone_pickaxe":4,"minecraft:chest":6,"minecraft:cow_spawn_egg":1,"minecraft:oak_fence":168,"minecraft:oak_slab":132,"minecraft:wooden_shovel":1,"weather2:tornado_siren":1,"minecraft:diamond_sword":2,"minecraft:diamond_axe":5,"minecraft:crafting_table":4,"weather2:tornado_sensor":1,"minecraft:wooden_pickaxe":1,"minecraft:baked_potato":30,"minecraft:copper_ingot":8,"minecraft:bucket":3,"minecraft:bone":75,"minecraft:stone_axe":3,"minecraft:glowstone":4,"minecraft:air":0,"minecraft:oak_fence_gate":7,"minecraft:oak_boat":5,"minecraft:wooden_hoe":2,"minecraft:diamond_pickaxe":5,"minecraft:shield":5,"minecraft:stick":492,"minecraft:iron_ingot":136,"minecraft:iron_pickaxe":12,"minecraft:wooden_axe":1,"minecraft:stone_sword":1,"minecraft:iron_shovel":4,"minecraft:gold_ingot":2,"minecraft:white_bed":3,"minecraft:composter":1,"minecraft:torch":436,"minecraft:carrot":5},"minecraft:picked_up":{"minecraft:wooden_axe":1,"minecraft:mud":106,"minecraft:wheat":134,"minecraft:azure_bluet":1,"minecraft:clay_ball":300,"minecraft:smithing_table":1,"minecraft:brown_mushroom":7,"minecraft:diamond_sword":1,"minecraft:shield":2,"minecraft:amethyst_block":34,"minecraft:oak_trapdoor":18,"minecraft:string":38,"minecraft:wayfinder_armor_trim_smithing_template":1,"minecraft:soul_soil":18,"minecraft:raw_copper":330,"minecraft:iron_axe":6,"minecraft:pufferfish":1,"the_silence:flashlightoff":1,"minecraft:blackstone":26,"minecraft:oak_sign":5,"minecraft:gold_nugget":74,"minecraft:cobbled_deepslate":136,"minecraft:spruce_planks":17,"minecraft:bucket":2,"minecraft:oak_boat":14,"minecraft:redstone_torch":2,"minecraft:cobblestone_slab":263,"minecraft:iron_pickaxe":10,"minecraft:sugar_cane":46,"minecraft:chest":3,"minecraft:furnace":1,"minecraft:egg":9,"minecraft:raw_iron":166,"minecraft:stick":146,"minecraft:composter":5,"minecraft:copper_ingot":1,"minecraft:oak_fence":8,"minecraft:torch":140,"minecraft:diorite":72,"minecraft:carrot":580,"minecraft:redstone":470,"minecraft:golden_chestplate":1,"minecraft:prismarine_crystals":3,"minecraft:stone_sword":3,"minecraft:arrow":23,"minecraft:stone_shovel":1,"minecraft:rotten_flesh":21,"minecraft:shears":2,"minecraft:gold_ingot":19,"minecraft:obsidian":43,"minecraft:white_wool":4,"minecraft:cobblestone":645,"minecraft:oxeye_daisy":1,"minecraft:stripped_oak_log":1,"minecraft:water_bucket":5,"minecraft:andesite":85,"minecraft:red_mushroom":3,"minecraft:smoker":1,"minecraft:potato":224,"minecraft:crimson_fungus":2,"minecraft:oak_log":464,"minecraft:ancient_debris":37,"minecraft:golden_boots":1,"minecraft:gunpowder":71,"minecraft:dirt":643,"boh:sirenphone":3,"minecraft:bone":26,"minecraft:apple":7,"minecraft:bow":1,"minecraft:wheat_seeds":410,"minecraft:raw_gold":96,"minecraft:rabbit_hide":22,"minecraft:iron_ingot":59,"minecraft:stone_pickaxe":2,"minecraft:glowstone_dust":67,"minecraft:moss_block":174,"minecraft:oak_planks":451,"minecraft:soul_sand":29,"minecraft:oak_slab":13,"minecraft:quartz":22,"minecraft:dandelion":8,"minecraft:amethyst_shard":1,"minecraft:spruce_sapling":18,"minecraft:white_bed":3,"minecraft:spruce_log":33,"minecraft:spider_eye":5,"minecraft:mossy_cobblestone":1,"minecraft:iron_hoe":2,"minecraft:diamond_shovel":6,"minecraft:slime_ball":16,"minecraft:diamond":93,"minecraft:granite":61,"minecraft:diamond_axe":5,"minecraft:emerald":77,"minecraft:rooted_dirt":1,"minecraft:baked_potato":4,"minecraft:oak_sapling":113,"minecraft:netherrack":67,"minecraft:coal":152,"minecraft:diamond_pickaxe":4,"minecraft:ender_pearl":1}},"DataVersion":3465}