{"stats":{"minecraft:used":{"minecraft:moss_block":36,"minecraft:oak_fence":8,"minecraft:stone_shovel":10,"minecraft:stone_pickaxe":91,"minecraft:oak_planks":18,"minecraft:chest":1,"minecraft:wooden_pickaxe":116,"minecraft:wooden_shovel":27,"minecraft:cooked_chicken":4,"minecraft:oak_door":3,"minecraft:dirt":27,"minecraft:oak_slab":67,"minecraft:crafting_table":3,"minecraft:wooden_axe":43,"minecraft:spruce_sapling":1,"minecraft:stone_axe":4,"minecraft:furnace":2,"minecraft:oak_boat":5,"minecraft:egg":3},"minecraft:crafted":{"minecraft:oak_door":3,"minecraft:oak_slab":66,"minecraft:oak_planks":180,"minecraft:raw_iron":7,"minecraft:wooden_shovel":3,"minecraft:stone_shovel":2,"minecraft:crafting_table":2,"minecraft:wooden_pickaxe":2,"minecraft:cooked_chicken":14,"minecraft:bone_meal":3,"minecraft:stone_axe":2,"minecraft:egg":3,"minecraft:air":0,"minecraft:oak_boat":3,"minecraft:stick":32,"minecraft:iron_ingot":5,"minecraft:stone_pickaxe":3,"minecraft:wooden_axe":2,"minecraft:chest":1,"minecraft:oak_button":1,"minecraft:water_bucket":1,"minecraft:oak_fence":9},"minecraft:custom":{"minecraft:interact_with_furnace":11,"minecraft:traded_with_villager":13,"minecraft:interact_with_crafting_table":23,"minecraft:leave_game":1,"minecraft:time_since_death":45645,"minecraft:time_since_rest":45678,"minecraft:sprint_one_cm":20646,"minecraft:damage_taken":520,"minecraft:walk_one_cm":90657,"minecraft:drop":24,"minecraft:damage_dealt":306,"minecraft:talked_to_villager":34,"minecraft:fly_one_cm":12086,"minecraft:open_chest":35,"minecraft:crouch_one_cm":32649,"minecraft:play_time":47266,"minecraft:deaths":1,"minecraft:sneak_time":16790,"minecraft:boat_one_cm":12054,"minecraft:jump":121,"minecraft:total_world_time":47266,"minecraft:fall_one_cm":956},"minecraft:picked_up":{"minecraft:mud":12,"minecraft:crafting_table":1,"minecraft:oak_log":13,"minecraft:dirt":110,"minecraft:iron_ingot":2,"minecraft:oak_boat":2,"minecraft:moss_block":52,"minecraft:oak_planks":10,"minecraft:furnace":2,"minecraft:oak_slab":9,"minecraft:stick":2,"minecraft:raw_iron":6,"minecraft:spruce_sapling":2,"minecraft:coal":3,"minecraft:cobblestone":18},"minecraft:broken":{"minecraft:wooden_pickaxe":1},"minecraft:dropped":{"minecraft:stone_axe":1,"minecraft:cooked_chicken":10,"minecraft:stone_shovel":1,"minecraft:cobblestone":7,"minecraft:oak_button":1,"minecraft:wooden_axe":1,"minecraft:wooden_shovel":2,"minecraft:stone_pickaxe":1},"minecraft:mined":{"minecraft:oak_slab":7,"minecraft:crafting_table":2,"minecraft:grass_block":81,"minecraft:spruce_leaves":1,"minecraft:moss_block":45,"minecraft:oak_planks":4,"minecraft:furnace":2,"minecraft:mud":22,"minecraft:iron_ore":1,"minecraft:dirt":9,"minecraft:stone":74,"minecraft:oak_leaves":4}},"DataVersion":3465}