{"stats":{"minecraft:mined":{"minecraft:deepslate_redstone_ore":28,"minecraft:oak_slab":1,"minecraft:spruce_planks":3,"minecraft:oak_sapling":2,"minecraft:farmland":1,"minecraft:deepslate_diamond_ore":24,"immersive_weathering:spruce_leaf_pile":60,"minecraft:clay":29,"minecraft:torch":1,"minecraft:granite":47,"minecraft:grass_block":302,"minecraft:tall_grass":28,"minecraft:copper_ore":17,"minecraft:cobblestone":6,"minecraft:deepslate_coal_ore":44,"minecraft:spruce_leaves":50,"minecraft:deepslate_gold_ore":18,"minecraft:oak_planks":1,"minecraft:moss_block":130,"minecraft:oxeye_daisy":1,"minecraft:rooted_dirt":1,"minecraft:diorite":36,"minecraft:wall_torch":2,"minecraft:deepslate_copper_ore":22,"minecraft:redstone_ore":11,"minecraft:spruce_sapling":3,"minecraft:mud":67,"minecraft:iron_ore":48,"minecraft:spruce_log":22,"minecraft:andesite":50,"minecraft:grass":103,"minecraft:oak_log":93,"minecraft:coal_ore":46,"minecraft:deepslate_iron_ore":42,"minecraft:cobblestone_slab":8,"immersive_weathering:loam":5,"minecraft:dirt":16,"minecraft:stone":280,"minecraft:gold_ore":18,"minecraft:deepslate_emerald_ore":23,"minecraft:oak_leaves":31,"minecraft:deepslate":27,"immersive_weathering:oak_leaf_pile":135},"minecraft:used":{"minecraft:moss_block":2,"minecraft:water_bucket":7,"minecraft:stone_shovel":96,"minecraft:stone_pickaxe":321,"minecraft:oak_planks":3,"minecraft:wooden_pickaxe":59,"minecraft:wooden_shovel":49,"minecraft:cobblestone_slab":79,"minecraft:torch":10,"minecraft:dirt":179,"minecraft:oak_slab":2,"minecraft:crafting_table":1,"minecraft:spruce_log":5,"minecraft:iron_hoe":2,"minecraft:wooden_hoe":59,"minecraft:wooden_axe":134,"minecraft:apple":4,"minecraft:iron_axe":143,"minecraft:iron_pickaxe":934,"minecraft:spruce_sapling":3,"minecraft:stone_axe":211,"minecraft:cobblestone":23,"minecraft:pufferfish_bucket":2,"minecraft:oak_sapling":21,"minecraft:furnace":1,"weather2:tornado_siren":1,"minecraft:bucket":7,"minecraft:oak_boat":6,"minecraft:bone_meal":13},"minecraft:killed_by":{"man:managgresive":1,"minecraft:player":1,"endofherobrine:villager":1},"minecraft:broken":{"minecraft:stone_pickaxe":1,"minecraft:iron_axe":1,"minecraft:iron_pickaxe":2,"minecraft:wooden_hoe":1,"minecraft:wooden_pickaxe":1},"minecraft:killed":{"minecraft:bat":1,"minecraft:pufferfish":1},"minecraft:custom":{"minecraft:interact_with_furnace":41,"minecraft:mob_kills":2,"minecraft:traded_with_villager":8,"minecraft:interact_with_crafting_table":44,"minecraft:leave_game":1,"minecraft:time_since_death":11474,"minecraft:time_since_rest":11528,"minecraft:sprint_one_cm":133942,"minecraft:walk_one_cm":492302,"minecraft:damage_taken":5683,"minecraft:drop":109,"minecraft:damage_dealt":1084,"minecraft:swim_one_cm":416,"minecraft:talked_to_villager":96,"minecraft:fly_one_cm":238303,"minecraft:open_chest":219,"minecraft:crouch_one_cm":65506,"minecraft:play_time":174985,"minecraft:deaths":22,"minecraft:sneak_time":36628,"minecraft:walk_under_water_one_cm":10632,"minecraft:boat_one_cm":14434,"minecraft:jump":542,"minecraft:walk_on_water_one_cm":8869,"minecraft:total_world_time":174985,"minecraft:fall_one_cm":2765},"minecraft:picked_up":{"minecraft:wooden_axe":1,"minecraft:mud":46,"minecraft:clay_ball":68,"minecraft:andesite":20,"minecraft:oak_log":147,"minecraft:dirt":166,"minecraft:raw_copper":48,"minecraft:iron_axe":1,"minecraft:pufferfish":1,"the_silence:flashlightoff":1,"minecraft:apple":2,"minecraft:wheat_seeds":10,"minecraft:cobbled_deepslate":4,"minecraft:raw_gold":7,"minecraft:stone_pickaxe":2,"minecraft:oak_boat":7,"minecraft:cobblestone_slab":76,"minecraft:iron_pickaxe":2,"minecraft:moss_block":77,"minecraft:oak_planks":20,"minecraft:furnace":1,"minecraft:oak_slab":2,"minecraft:stick":55,"minecraft:raw_iron":79,"minecraft:torch":4,"minecraft:spruce_sapling":17,"minecraft:diorite":16,"minecraft:spruce_log":33,"minecraft:redstone":39,"minecraft:diamond":8,"minecraft:stone_shovel":1,"minecraft:granite":23,"minecraft:gold_ingot":16,"minecraft:emerald":12,"minecraft:rooted_dirt":1,"minecraft:oak_sapling":46,"minecraft:coal":56,"minecraft:cobblestone":151,"minecraft:oxeye_daisy":1},"minecraft:crafted":{"minecraft:oak_slab":6,"minecraft:oak_planks":96,"weather2:tornado_siren":1,"minecraft:wooden_shovel":1,"minecraft:cobblestone_slab":72,"minecraft:stone_shovel":2,"the_silence:flashlightoff":1,"weather2:weather_item":1,"minecraft:crafting_table":1,"weather2:tornado_sensor":1,"minecraft:wooden_pickaxe":1,"minecraft:furnace":1,"minecraft:copper_ingot":8,"minecraft:pufferfish_bucket":2,"minecraft:bone_meal":225,"minecraft:bucket":1,"minecraft:bone":75,"minecraft:stone_axe":3,"minecraft:air":0,"minecraft:oak_boat":5,"minecraft:wooden_hoe":1,"minecraft:iron_axe":5,"minecraft:iron_hoe":2,"minecraft:stick":60,"minecraft:iron_ingot":101,"minecraft:iron_pickaxe":11,"minecraft:stone_pickaxe":4,"minecraft:wooden_axe":1,"minecraft:cow_spawn_egg":1,"minecraft:iron_shovel":3,"minecraft:gold_ingot":2,"minecraft:torch":16},"minecraft:dropped":{"minecraft:furnace":1,"the_silence:flashlightoff":1,"minecraft:oak_log":2,"minecraft:cobblestone":10,"minecraft:rooted_dirt":1,"minecraft:dirt":18,"minecraft:cobblestone_slab":66,"minecraft:wooden_axe":1,"minecraft:oak_boat":2,"minecraft:iron_axe":2,"minecraft:stone_pickaxe":4,"minecraft:iron_pickaxe":4,"minecraft:iron_shovel":1}},"DataVersion":3465}