{"stats":{"minecraft:used":{"minecraft:oak_trapdoor":1,"minecraft:moss_block":2,"minecraft:iron_shovel":22,"minecraft:stone_shovel":96,"minecraft:spruce_planks":7,"minecraft:shield":7,"minecraft:wooden_shovel":49,"minecraft:netherrack":51,"minecraft:torch":33,"minecraft:dirt":217,"minecraft:carrot":167,"minecraft:granite":41,"minecraft:iron_hoe":120,"minecraft:wooden_axe":134,"minecraft:iron_axe":413,"minecraft:glowstone":4,"minecraft:oak_sapling":34,"minecraft:furnace":1,"minecraft:potato":53,"minecraft:cobbled_deepslate":62,"minecraft:wheat_seeds":162,"minecraft:water_bucket":19,"minecraft:diorite":52,"minecraft:stone_pickaxe":321,"minecraft:oak_planks":3,"minecraft:wooden_pickaxe":59,"minecraft:diamond_axe":38,"minecraft:cobblestone_slab":80,"minecraft:oak_slab":2,"minecraft:crafting_table":1,"minecraft:spruce_log":5,"minecraft:redstone_torch":1,"minecraft:mud":15,"minecraft:wooden_hoe":59,"minecraft:diamond_pickaxe":1071,"minecraft:apple":4,"minecraft:iron_pickaxe":985,"minecraft:spruce_sapling":3,"minecraft:stone_axe":211,"minecraft:cobblestone":23,"minecraft:pufferfish_bucket":2,"weather2:tornado_siren":1,"minecraft:andesite":49,"minecraft:bucket":19,"minecraft:oak_boat":12,"minecraft:dandelion":1,"minecraft:bone_meal":153},"minecraft:crafted":{"minecraft:oak_planks":100,"minecraft:cobblestone_slab":72,"minecraft:stone_shovel":2,"the_silence:flashlightoff":1,"weather2:weather_item":1,"minecraft:furnace":1,"minecraft:pufferfish_bucket":2,"minecraft:bone_meal":225,"minecraft:potato":5,"minecraft:iron_axe":6,"minecraft:iron_hoe":3,"minecraft:stone_pickaxe":4,"minecraft:cow_spawn_egg":1,"minecraft:oak_slab":6,"minecraft:wooden_shovel":1,"weather2:tornado_siren":1,"minecraft:diamond_axe":1,"minecraft:crafting_table":1,"weather2:tornado_sensor":1,"minecraft:wooden_pickaxe":1,"minecraft:copper_ingot":8,"minecraft:bone":75,"minecraft:bucket":2,"minecraft:stone_axe":3,"minecraft:glowstone":4,"minecraft:air":0,"minecraft:oak_boat":5,"minecraft:wooden_hoe":1,"minecraft:diamond_pickaxe":2,"minecraft:shield":2,"minecraft:stick":68,"minecraft:iron_ingot":136,"minecraft:iron_pickaxe":12,"minecraft:wooden_axe":1,"minecraft:stone_sword":1,"minecraft:iron_shovel":4,"minecraft:gold_ingot":2,"minecraft:torch":88,"minecraft:carrot":5},"minecraft:dropped":{"minecraft:iron_ingot":1,"minecraft:oak_log":2,"minecraft:diamond":1,"minecraft:cobblestone":10,"minecraft:rooted_dirt":1,"minecraft:copper_ingot":1,"minecraft:emerald":1,"minecraft:dirt":18,"minecraft:wooden_axe":1,"minecraft:iron_axe":4,"minecraft:iron_pickaxe":5,"minecraft:iron_shovel":1,"minecraft:gold_ingot":1,"minecraft:furnace":1,"the_silence:flashlightoff":1,"minecraft:stone_sword":2,"minecraft:cobblestone_slab":66,"minecraft:shield":1,"minecraft:diamond_pickaxe":1,"minecraft:andesite":1,"minecraft:oak_boat":2,"minecraft:stone_pickaxe":4},"minecraft:killed":{"minecraft:spider":2,"minecraft:pufferfish":1,"minecraft:skeleton":1,"boh:rat":1,"minecraft:bat":1,"minecraft:creeper":1},"minecraft:killed_by":{"minecraft:player":1,"minecraft:spider":1,"man:managgresive":1,"sanitydim:sneaking_terror":1,"endofherobrine:villager":1,"autizmzrake:rake":3,"midnightlurker:midnight_lurker_unprovoked":1},"minecraft:picked_up":{"minecraft:wooden_axe":1,"minecraft:mud":69,"minecraft:wheat":91,"minecraft:clay_ball":176,"minecraft:brown_mushroom":2,"minecraft:shield":1,"minecraft:amethyst_block":10,"minecraft:oak_trapdoor":1,"minecraft:string":6,"minecraft:raw_copper":154,"minecraft:soul_soil":8,"minecraft:iron_axe":4,"minecraft:pufferfish":1,"minecraft:blackstone":8,"the_silence:flashlightoff":1,"minecraft:gold_nugget":34,"minecraft:cobbled_deepslate":34,"minecraft:spruce_planks":1,"minecraft:oak_boat":14,"minecraft:cobblestone_slab":77,"minecraft:redstone_torch":1,"minecraft:iron_pickaxe":3,"minecraft:furnace":1,"minecraft:stick":90,"minecraft:raw_iron":124,"minecraft:copper_ingot":1,"minecraft:torch":6,"minecraft:diorite":39,"minecraft:carrot":342,"minecraft:redstone":184,"minecraft:golden_chestplate":1,"minecraft:stone_sword":2,"minecraft:arrow":8,"minecraft:stone_shovel":1,"minecraft:gold_ingot":17,"minecraft:obsidian":4,"minecraft:cobblestone":235,"minecraft:oxeye_daisy":1,"minecraft:stripped_oak_log":1,"minecraft:andesite":46,"minecraft:potato":61,"minecraft:oak_log":269,"minecraft:ancient_debris":10,"minecraft:gunpowder":3,"minecraft:dirt":289,"boh:sirenphone":1,"minecraft:bone":10,"minecraft:apple":6,"minecraft:iron_ingot":1,"minecraft:rabbit_hide":2,"minecraft:wheat_seeds":290,"minecraft:raw_gold":40,"minecraft:stone_pickaxe":2,"minecraft:glowstone_dust":18,"minecraft:moss_block":112,"minecraft:oak_planks":20,"minecraft:soul_sand":14,"minecraft:oak_slab":2,"minecraft:quartz":8,"minecraft:dandelion":1,"minecraft:spruce_sapling":17,"minecraft:spruce_log":33,"minecraft:spider_eye":1,"minecraft:slime_ball":3,"minecraft:diamond":48,"minecraft:granite":42,"minecraft:emerald":37,"minecraft:rooted_dirt":1,"minecraft:oak_sapling":67,"minecraft:netherrack":28,"minecraft:coal":106},"minecraft:custom":{"minecraft:mob_kills":7,"minecraft:interact_with_crafting_table":53,"minecraft:damage_dealt_resisted":3567,"minecraft:leave_game":7,"minecraft:time_since_death":12792,"minecraft:sprint_one_cm":372890,"minecraft:walk_one_cm":1057839,"minecraft:damage_blocked_by_shield":420,"minecraft:drop":122,"minecraft:talked_to_villager":163,"minecraft:play_time":363284,"minecraft:deaths":38,"minecraft:sneak_time":58412,"minecraft:walk_under_water_one_cm":43653,"minecraft:boat_one_cm":72656,"minecraft:jump":1097,"minecraft:walk_on_water_one_cm":23855,"minecraft:total_world_time":363284,"minecraft:interact_with_furnace":46,"minecraft:traded_with_villager":10,"minecraft:time_since_rest":12817,"minecraft:damage_taken":9729,"minecraft:damage_dealt":4107,"minecraft:swim_one_cm":416,"minecraft:fly_one_cm":330163,"minecraft:open_chest":392,"minecraft:crouch_one_cm":166077,"minecraft:fall_one_cm":5429},"minecraft:mined":{"minecraft:nether_gold_ore":13,"minecraft:spruce_planks":10,"minecraft:oak_sapling":2,"minecraft:farmland":2,"minecraft:deepslate_diamond_ore":79,"minecraft:obsidian":4,"minecraft:granite":75,"minecraft:grass_block":432,"minecraft:soul_soil":9,"minecraft:spruce_leaves":88,"minecraft:moss_block":179,"minecraft:oxeye_daisy":1,"minecraft:rooted_dirt":1,"minecraft:redstone_ore":11,"minecraft:oak_trapdoor":1,"minecraft:spruce_sapling":3,"minecraft:glowstone":13,"minecraft:carrots":99,"minecraft:iron_ore":48,"minecraft:cobbled_deepslate":2,"minecraft:andesite":88,"minecraft:potatoes":16,"minecraft:deepslate_iron_ore":109,"minecraft:cobblestone_slab":9,"immersive_weathering:loam":5,"minecraft:stone":413,"immersive_weathering:oak_leaf_pile":253,"minecraft:deepslate_redstone_ore":70,"minecraft:oak_slab":1,"minecraft:blackstone":8,"minecraft:soul_sand":18,"minecraft:crimson_nylium":15,"immersive_weathering:spruce_leaf_pile":60,"minecraft:dandelion":1,"minecraft:clay":61,"minecraft:torch":3,"minecraft:nether_quartz_ore":13,"minecraft:tall_grass":43,"minecraft:copper_ore":17,"minecraft:cobblestone":6,"minecraft:deepslate_coal_ore":115,"minecraft:deepslate_gold_ore":70,"minecraft:oak_planks":1,"minecraft:sculk":4,"minecraft:diorite":66,"minecraft:wall_torch":4,"minecraft:amethyst_block":10,"minecraft:deepslate_copper_ore":64,"minecraft:warped_nylium":15,"minecraft:mud":106,"minecraft:redstone_torch":1,"minecraft:wheat":114,"minecraft:spruce_log":22,"minecraft:grass":175,"minecraft:oak_log":212,"minecraft:coal_ore":46,"minecraft:dirt":20,"minecraft:netherrack":13,"minecraft:ancient_debris":17,"minecraft:gold_ore":18,"minecraft:oak_leaves":78,"minecraft:deepslate_emerald_ore":63,"minecraft:deepslate":66},"minecraft:broken":{"minecraft:wooden_pickaxe":1,"minecraft:stone_pickaxe":1,"minecraft:iron_axe":1,"minecraft:iron_pickaxe":2,"minecraft:wooden_hoe":1}},"DataVersion":3465}