{"stats":{"minecraft:used":{"minecraft:oak_trapdoor":1,"minecraft:moss_block":2,"minecraft:iron_shovel":30,"minecraft:stone_shovel":96,"minecraft:spruce_planks":7,"minecraft:shield":7,"minecraft:wooden_shovel":49,"minecraft:netherrack":51,"minecraft:torch":52,"minecraft:dirt":217,"minecraft:carrot":167,"minecraft:granite":41,"minecraft:iron_hoe":122,"minecraft:wooden_axe":134,"minecraft:iron_axe":420,"minecraft:glowstone":4,"minecraft:oak_sapling":34,"minecraft:furnace":1,"minecraft:potato":53,"minecraft:cobbled_deepslate":62,"minecraft:wheat_seeds":163,"minecraft:water_bucket":19,"minecraft:diorite":52,"minecraft:stone_pickaxe":321,"minecraft:oak_planks":3,"minecraft:wooden_pickaxe":59,"minecraft:diamond_axe":38,"minecraft:cobblestone_slab":80,"minecraft:oak_slab":2,"minecraft:crafting_table":1,"minecraft:spruce_log":5,"minecraft:redstone_torch":1,"minecraft:mud":15,"minecraft:wooden_hoe":59,"minecraft:diamond_pickaxe":1097,"minecraft:apple":4,"minecraft:iron_pickaxe":985,"minecraft:spruce_sapling":3,"minecraft:stone_axe":211,"minecraft:cobblestone":23,"minecraft:pufferfish_bucket":2,"weather2:tornado_siren":1,"minecraft:andesite":49,"minecraft:bucket":19,"minecraft:oak_boat":12,"minecraft:dandelion":1,"minecraft:bone_meal":153},"minecraft:crafted":{"minecraft:oak_planks":100,"minecraft:cobblestone_slab":72,"minecraft:stone_shovel":2,"the_silence:flashlightoff":1,"weather2:weather_item":1,"minecraft:furnace":1,"minecraft:pufferfish_bucket":2,"minecraft:bone_meal":225,"minecraft:potato":5,"minecraft:iron_axe":6,"minecraft:iron_hoe":3,"minecraft:stone_pickaxe":4,"minecraft:cow_spawn_egg":1,"minecraft:oak_slab":6,"minecraft:wooden_shovel":1,"weather2:tornado_siren":1,"minecraft:diamond_axe":1,"minecraft:crafting_table":1,"weather2:tornado_sensor":1,"minecraft:wooden_pickaxe":1,"minecraft:copper_ingot":8,"minecraft:bone":75,"minecraft:bucket":2,"minecraft:stone_axe":3,"minecraft:glowstone":4,"minecraft:air":0,"minecraft:oak_boat":5,"minecraft:wooden_hoe":1,"minecraft:diamond_pickaxe":2,"minecraft:shield":2,"minecraft:stick":68,"minecraft:iron_ingot":136,"minecraft:iron_pickaxe":12,"minecraft:wooden_axe":1,"minecraft:stone_sword":1,"minecraft:iron_shovel":4,"minecraft:gold_ingot":2,"minecraft:torch":116,"minecraft:carrot":5},"minecraft:dropped":{"minecraft:iron_ingot":1,"minecraft:oak_log":2,"minecraft:diamond":1,"minecraft:cobblestone":10,"minecraft:rooted_dirt":1,"minecraft:copper_ingot":1,"minecraft:emerald":1,"minecraft:dirt":18,"minecraft:wooden_axe":1,"minecraft:iron_axe":4,"minecraft:iron_pickaxe":5,"minecraft:iron_shovel":1,"minecraft:gold_ingot":1,"minecraft:furnace":1,"the_silence:flashlightoff":1,"minecraft:stone_sword":2,"minecraft:cobblestone_slab":66,"minecraft:shield":1,"minecraft:diamond_pickaxe":1,"minecraft:andesite":1,"minecraft:oak_boat":2,"minecraft:stone_pickaxe":4},"minecraft:killed":{"minecraft:spider":2,"minecraft:pufferfish":1,"minecraft:skeleton":1,"boh:rat":1,"minecraft:bat":1,"minecraft:creeper":1},"minecraft:killed_by":{"minecraft:player":1,"minecraft:spider":1,"man:managgresive":1,"sanitydim:sneaking_terror":1,"endofherobrine:villager":1,"minecraft:skeleton":1,"autizmzrake:rake":3,"midnightlurker:midnight_lurker_unprovoked":1},"minecraft:picked_up":{"minecraft:wooden_axe":1,"minecraft:mud":69,"minecraft:wheat":92,"minecraft:clay_ball":176,"minecraft:brown_mushroom":2,"minecraft:shield":1,"minecraft:amethyst_block":11,"minecraft:oak_trapdoor":1,"minecraft:string":6,"minecraft:raw_copper":154,"minecraft:soul_soil":8,"minecraft:iron_axe":4,"minecraft:pufferfish":1,"minecraft:blackstone":8,"the_silence:flashlightoff":1,"minecraft:gold_nugget":34,"minecraft:cobbled_deepslate":34,"minecraft:spruce_planks":1,"minecraft:oak_boat":14,"minecraft:cobblestone_slab":77,"minecraft:redstone_torch":1,"minecraft:iron_pickaxe":3,"minecraft:furnace":1,"minecraft:stick":90,"minecraft:raw_iron":125,"minecraft:copper_ingot":1,"minecraft:torch":18,"minecraft:diorite":40,"minecraft:carrot":342,"minecraft:redstone":194,"minecraft:golden_chestplate":1,"minecraft:rotten_flesh":1,"minecraft:stone_sword":2,"minecraft:arrow":14,"minecraft:stone_shovel":1,"minecraft:gold_ingot":17,"minecraft:obsidian":6,"minecraft:cobblestone":239,"minecraft:oxeye_daisy":1,"minecraft:stripped_oak_log":1,"minecraft:andesite":47,"minecraft:potato":61,"minecraft:oak_log":274,"minecraft:ancient_debris":12,"minecraft:gunpowder":3,"minecraft:dirt":295,"boh:sirenphone":1,"minecraft:bone":15,"minecraft:apple":6,"minecraft:iron_ingot":1,"minecraft:rabbit_hide":4,"minecraft:wheat_seeds":294,"minecraft:raw_gold":43,"minecraft:stone_pickaxe":2,"minecraft:glowstone_dust":21,"minecraft:moss_block":115,"minecraft:oak_planks":20,"minecraft:soul_sand":14,"minecraft:oak_slab":2,"minecraft:quartz":10,"minecraft:dandelion":1,"minecraft:spruce_sapling":17,"minecraft:spruce_log":33,"minecraft:spider_eye":1,"minecraft:slime_ball":3,"minecraft:diamond":50,"minecraft:granite":42,"minecraft:emerald":37,"minecraft:rooted_dirt":1,"minecraft:oak_sapling":67,"minecraft:netherrack":28,"minecraft:coal":108},"minecraft:custom":{"minecraft:mob_kills":7,"minecraft:interact_with_crafting_table":53,"minecraft:damage_dealt_resisted":3567,"minecraft:leave_game":7,"minecraft:time_since_death":2291,"minecraft:sprint_one_cm":389080,"minecraft:walk_one_cm":1086038,"minecraft:damage_blocked_by_shield":420,"minecraft:drop":122,"minecraft:talked_to_villager":163,"minecraft:play_time":375284,"minecraft:deaths":39,"minecraft:sneak_time":59365,"minecraft:walk_under_water_one_cm":50680,"minecraft:boat_one_cm":72656,"minecraft:jump":1134,"minecraft:walk_on_water_one_cm":25055,"minecraft:total_world_time":375284,"minecraft:interact_with_furnace":46,"minecraft:traded_with_villager":10,"minecraft:time_since_rest":2316,"minecraft:damage_taken":10019,"minecraft:damage_dealt":4293,"minecraft:swim_one_cm":416,"minecraft:fly_one_cm":337016,"minecraft:open_chest":415,"minecraft:crouch_one_cm":170477,"minecraft:fall_one_cm":5429},"minecraft:mined":{"minecraft:nether_gold_ore":13,"minecraft:spruce_planks":10,"minecraft:oak_sapling":2,"minecraft:farmland":2,"minecraft:deepslate_diamond_ore":81,"minecraft:obsidian":6,"minecraft:granite":75,"minecraft:grass_block":438,"minecraft:soul_soil":9,"minecraft:spruce_leaves":89,"minecraft:moss_block":182,"minecraft:oxeye_daisy":1,"minecraft:rooted_dirt":1,"minecraft:redstone_ore":11,"minecraft:oak_trapdoor":1,"minecraft:spruce_sapling":3,"minecraft:glowstone":14,"minecraft:carrots":99,"minecraft:iron_ore":48,"minecraft:cobbled_deepslate":2,"minecraft:andesite":89,"minecraft:potatoes":16,"minecraft:deepslate_iron_ore":110,"minecraft:cobblestone_slab":9,"immersive_weathering:loam":5,"minecraft:stone":417,"immersive_weathering:oak_leaf_pile":253,"minecraft:deepslate_redstone_ore":72,"minecraft:oak_slab":1,"minecraft:blackstone":8,"minecraft:soul_sand":18,"minecraft:crimson_nylium":15,"immersive_weathering:spruce_leaf_pile":60,"minecraft:dandelion":1,"minecraft:clay":61,"minecraft:torch":4,"minecraft:nether_quartz_ore":15,"minecraft:tall_grass":43,"minecraft:copper_ore":17,"minecraft:cobblestone":6,"minecraft:deepslate_coal_ore":117,"minecraft:deepslate_gold_ore":73,"minecraft:oak_planks":1,"minecraft:sculk":5,"minecraft:diorite":67,"minecraft:wall_torch":4,"minecraft:amethyst_block":11,"minecraft:deepslate_copper_ore":64,"minecraft:warped_nylium":15,"minecraft:mud":106,"minecraft:redstone_torch":1,"minecraft:wheat":114,"minecraft:spruce_log":22,"minecraft:grass":175,"minecraft:oak_log":217,"minecraft:coal_ore":46,"minecraft:dirt":20,"minecraft:netherrack":13,"minecraft:ancient_debris":19,"minecraft:gold_ore":18,"minecraft:oak_leaves":80,"minecraft:deepslate_emerald_ore":63,"minecraft:deepslate":66},"minecraft:broken":{"minecraft:wooden_pickaxe":1,"minecraft:stone_pickaxe":1,"minecraft:iron_axe":1,"minecraft:iron_pickaxe":2,"minecraft:wooden_hoe":1}},"DataVersion":3465}