{"stats":{"minecraft:mined":{"minecraft:nether_gold_ore":9,"minecraft:spruce_planks":3,"minecraft:oak_sapling":2,"minecraft:farmland":1,"minecraft:deepslate_diamond_ore":60,"minecraft:granite":65,"minecraft:grass_block":393,"minecraft:soul_soil":6,"minecraft:spruce_leaves":83,"minecraft:moss_block":166,"minecraft:oxeye_daisy":1,"minecraft:rooted_dirt":1,"minecraft:redstone_ore":11,"minecraft:glowstone":10,"minecraft:spruce_sapling":3,"minecraft:iron_ore":48,"minecraft:andesite":76,"minecraft:deepslate_iron_ore":84,"minecraft:cobblestone_slab":8,"immersive_weathering:loam":5,"minecraft:stone":376,"immersive_weathering:oak_leaf_pile":253,"minecraft:deepslate_redstone_ore":58,"minecraft:oak_slab":1,"minecraft:soul_sand":8,"minecraft:crimson_nylium":12,"immersive_weathering:spruce_leaf_pile":60,"minecraft:dandelion":1,"minecraft:clay":52,"minecraft:torch":1,"minecraft:nether_quartz_ore":10,"minecraft:copper_ore":17,"minecraft:tall_grass":43,"minecraft:cobblestone":6,"minecraft:deepslate_coal_ore":89,"minecraft:deepslate_gold_ore":55,"minecraft:oak_planks":1,"minecraft:diorite":58,"minecraft:wall_torch":4,"minecraft:deepslate_copper_ore":51,"minecraft:warped_nylium":13,"minecraft:mud":96,"minecraft:wheat":18,"minecraft:spruce_log":22,"minecraft:grass":175,"minecraft:coal_ore":46,"minecraft:oak_log":193,"minecraft:dirt":16,"minecraft:netherrack":10,"minecraft:ancient_debris":13,"minecraft:gold_ore":18,"minecraft:oak_leaves":66,"minecraft:deepslate_emerald_ore":56,"minecraft:deepslate":52},"minecraft:used":{"minecraft:moss_block":2,"minecraft:stone_shovel":96,"minecraft:wooden_shovel":49,"minecraft:torch":11,"minecraft:dirt":179,"minecraft:iron_hoe":2,"minecraft:wooden_axe":134,"minecraft:iron_axe":376,"minecraft:glowstone":4,"minecraft:furnace":1,"minecraft:oak_sapling":34,"minecraft:cobbled_deepslate":2,"minecraft:wheat_seeds":66,"minecraft:water_bucket":15,"minecraft:stone_pickaxe":321,"minecraft:oak_planks":3,"minecraft:wooden_pickaxe":59,"minecraft:cobblestone_slab":79,"minecraft:oak_slab":2,"minecraft:crafting_table":1,"minecraft:spruce_log":5,"minecraft:wooden_hoe":59,"minecraft:diamond_pickaxe":735,"minecraft:apple":4,"minecraft:iron_pickaxe":984,"minecraft:spruce_sapling":3,"minecraft:stone_axe":211,"minecraft:cobblestone":23,"minecraft:pufferfish_bucket":2,"weather2:tornado_siren":1,"minecraft:bucket":15,"minecraft:oak_boat":8,"minecraft:dandelion":1,"minecraft:bone_meal":66},"minecraft:killed_by":{"minecraft:player":1,"man:managgresive":1,"endofherobrine:villager":1},"minecraft:broken":{"minecraft:wooden_pickaxe":1,"minecraft:stone_pickaxe":1,"minecraft:iron_axe":1,"minecraft:iron_pickaxe":2,"minecraft:wooden_hoe":1},"minecraft:killed":{"minecraft:pufferfish":1,"boh:rat":1,"minecraft:bat":1},"minecraft:custom":{"minecraft:mob_kills":3,"minecraft:interact_with_crafting_table":48,"minecraft:leave_game":1,"minecraft:time_since_death":697,"minecraft:sprint_one_cm":205063,"minecraft:walk_one_cm":646397,"minecraft:drop":113,"minecraft:talked_to_villager":123,"minecraft:play_time":234985,"minecraft:deaths":27,"minecraft:sneak_time":41716,"minecraft:walk_under_water_one_cm":19402,"minecraft:boat_one_cm":16414,"minecraft:jump":758,"minecraft:walk_on_water_one_cm":11814,"minecraft:total_world_time":234985,"minecraft:interact_with_furnace":42,"minecraft:traded_with_villager":8,"minecraft:time_since_rest":725,"minecraft:damage_taken":6835,"minecraft:damage_dealt":1958,"minecraft:swim_one_cm":416,"minecraft:fly_one_cm":276892,"minecraft:open_chest":283,"minecraft:crouch_one_cm":85762,"minecraft:fall_one_cm":4353},"minecraft:picked_up":{"minecraft:wooden_axe":1,"minecraft:mud":58,"minecraft:wheat":18,"minecraft:clay_ball":136,"minecraft:string":1,"minecraft:soul_soil":4,"minecraft:raw_copper":106,"minecraft:iron_axe":2,"minecraft:pufferfish":1,"the_silence:flashlightoff":1,"minecraft:gold_nugget":20,"minecraft:cobbled_deepslate":18,"minecraft:oak_boat":11,"minecraft:cobblestone_slab":76,"minecraft:iron_pickaxe":2,"minecraft:furnace":1,"minecraft:stick":88,"minecraft:raw_iron":99,"minecraft:torch":5,"minecraft:diorite":31,"minecraft:redstone":122,"minecraft:stone_shovel":1,"minecraft:gold_ingot":16,"minecraft:cobblestone":198,"minecraft:oxeye_daisy":1,"minecraft:stripped_oak_log":1,"minecraft:andesite":34,"minecraft:oak_log":249,"minecraft:ancient_debris":6,"minecraft:dirt":216,"minecraft:apple":6,"minecraft:wheat_seeds":66,"minecraft:raw_gold":24,"minecraft:stone_pickaxe":2,"minecraft:glowstone_dust":10,"minecraft:moss_block":99,"minecraft:soul_sand":4,"minecraft:oak_planks":20,"minecraft:oak_slab":2,"minecraft:quartz":5,"minecraft:dandelion":1,"minecraft:spruce_sapling":17,"minecraft:spruce_log":33,"minecraft:diamond":28,"minecraft:granite":32,"minecraft:emerald":29,"minecraft:rooted_dirt":1,"minecraft:oak_sapling":67,"minecraft:netherrack":20,"minecraft:coal":80},"minecraft:crafted":{"minecraft:oak_planks":96,"minecraft:cobblestone_slab":72,"minecraft:stone_shovel":2,"the_silence:flashlightoff":1,"weather2:weather_item":1,"minecraft:furnace":1,"minecraft:pufferfish_bucket":2,"minecraft:bone_meal":225,"minecraft:iron_axe":6,"minecraft:iron_hoe":3,"minecraft:stone_pickaxe":4,"minecraft:cow_spawn_egg":1,"minecraft:oak_slab":6,"minecraft:wooden_shovel":1,"weather2:tornado_siren":1,"minecraft:crafting_table":1,"weather2:tornado_sensor":1,"minecraft:wooden_pickaxe":1,"minecraft:copper_ingot":8,"minecraft:bucket":1,"minecraft:bone":75,"minecraft:stone_axe":3,"minecraft:glowstone":4,"minecraft:air":0,"minecraft:oak_boat":5,"minecraft:wooden_hoe":1,"minecraft:diamond_pickaxe":2,"minecraft:shield":2,"minecraft:stick":60,"minecraft:iron_ingot":136,"minecraft:iron_pickaxe":12,"minecraft:wooden_axe":1,"minecraft:iron_shovel":4,"minecraft:gold_ingot":2,"minecraft:torch":16},"minecraft:dropped":{"minecraft:oak_log":2,"minecraft:cobblestone":10,"minecraft:rooted_dirt":1,"minecraft:dirt":18,"minecraft:wooden_axe":1,"minecraft:iron_axe":3,"minecraft:iron_pickaxe":4,"minecraft:iron_shovel":1,"minecraft:furnace":1,"the_silence:flashlightoff":1,"minecraft:cobblestone_slab":66,"minecraft:shield":1,"minecraft:diamond_pickaxe":1,"minecraft:andesite":1,"minecraft:oak_boat":2,"minecraft:stone_pickaxe":4}},"DataVersion":3465}