{"stats":{"minecraft:mined":{"minecraft:nether_gold_ore":3,"minecraft:spruce_planks":3,"minecraft:oak_sapling":2,"minecraft:farmland":1,"minecraft:deepslate_diamond_ore":37,"minecraft:granite":57,"minecraft:grass_block":335,"minecraft:soul_soil":1,"minecraft:spruce_leaves":67,"minecraft:moss_block":142,"minecraft:oxeye_daisy":1,"minecraft:rooted_dirt":1,"minecraft:redstone_ore":11,"minecraft:glowstone":4,"minecraft:spruce_sapling":3,"minecraft:iron_ore":48,"minecraft:andesite":61,"minecraft:deepslate_iron_ore":54,"minecraft:cobblestone_slab":8,"immersive_weathering:loam":5,"minecraft:stone":323,"immersive_weathering:oak_leaf_pile":135,"minecraft:deepslate_redstone_ore":35,"minecraft:oak_slab":1,"minecraft:soul_sand":2,"minecraft:crimson_nylium":5,"immersive_weathering:spruce_leaf_pile":60,"minecraft:clay":38,"minecraft:torch":1,"minecraft:nether_quartz_ore":4,"minecraft:copper_ore":17,"minecraft:tall_grass":43,"minecraft:cobblestone":6,"minecraft:deepslate_coal_ore":61,"minecraft:deepslate_gold_ore":36,"minecraft:oak_planks":1,"minecraft:diorite":40,"minecraft:wall_torch":2,"minecraft:deepslate_copper_ore":36,"minecraft:warped_nylium":3,"minecraft:mud":75,"minecraft:wheat":18,"minecraft:spruce_log":22,"minecraft:grass":174,"minecraft:coal_ore":46,"minecraft:oak_log":98,"minecraft:dirt":16,"minecraft:netherrack":1,"minecraft:ancient_debris":5,"minecraft:gold_ore":18,"minecraft:oak_leaves":41,"minecraft:deepslate_emerald_ore":34,"minecraft:deepslate":37},"minecraft:used":{"minecraft:moss_block":2,"minecraft:stone_shovel":96,"minecraft:wooden_shovel":49,"minecraft:torch":10,"minecraft:dirt":179,"minecraft:iron_hoe":2,"minecraft:wooden_axe":134,"minecraft:iron_axe":145,"minecraft:furnace":1,"minecraft:oak_sapling":21,"minecraft:wheat_seeds":66,"minecraft:water_bucket":15,"minecraft:stone_pickaxe":321,"minecraft:oak_planks":3,"minecraft:wooden_pickaxe":59,"minecraft:cobblestone_slab":79,"minecraft:oak_slab":2,"minecraft:crafting_table":1,"minecraft:spruce_log":5,"minecraft:wooden_hoe":59,"minecraft:diamond_pickaxe":242,"minecraft:apple":4,"minecraft:iron_pickaxe":984,"minecraft:spruce_sapling":3,"minecraft:stone_axe":211,"minecraft:cobblestone":23,"minecraft:pufferfish_bucket":2,"weather2:tornado_siren":1,"minecraft:bucket":15,"minecraft:oak_boat":6,"minecraft:bone_meal":66},"minecraft:killed_by":{"minecraft:player":1,"man:managgresive":1,"endofherobrine:villager":1},"minecraft:broken":{"minecraft:wooden_pickaxe":1,"minecraft:stone_pickaxe":1,"minecraft:iron_axe":1,"minecraft:iron_pickaxe":2,"minecraft:wooden_hoe":1},"minecraft:killed":{"minecraft:pufferfish":1,"minecraft:bat":1},"minecraft:custom":{"minecraft:mob_kills":2,"minecraft:interact_with_crafting_table":46,"minecraft:leave_game":1,"minecraft:time_since_death":14614,"minecraft:sprint_one_cm":158829,"minecraft:walk_one_cm":554136,"minecraft:drop":111,"minecraft:talked_to_villager":110,"minecraft:play_time":198985,"minecraft:deaths":24,"minecraft:sneak_time":39342,"minecraft:walk_under_water_one_cm":16277,"minecraft:boat_one_cm":14434,"minecraft:jump":596,"minecraft:walk_on_water_one_cm":10721,"minecraft:total_world_time":198985,"minecraft:interact_with_furnace":41,"minecraft:traded_with_villager":8,"minecraft:time_since_rest":14640,"minecraft:damage_taken":6113,"minecraft:damage_dealt":1186,"minecraft:swim_one_cm":416,"minecraft:fly_one_cm":248255,"minecraft:open_chest":247,"minecraft:crouch_one_cm":75457,"minecraft:fall_one_cm":3600},"minecraft:picked_up":{"minecraft:wooden_axe":1,"minecraft:mud":48,"minecraft:wheat":18,"minecraft:clay_ball":96,"minecraft:raw_copper":69,"minecraft:iron_axe":2,"minecraft:pufferfish":1,"the_silence:flashlightoff":1,"minecraft:gold_nugget":8,"minecraft:cobbled_deepslate":8,"minecraft:oak_boat":9,"minecraft:cobblestone_slab":76,"minecraft:iron_pickaxe":2,"minecraft:furnace":1,"minecraft:stick":55,"minecraft:raw_iron":83,"minecraft:torch":4,"minecraft:diorite":21,"minecraft:redstone":49,"minecraft:stone_shovel":1,"minecraft:gold_ingot":16,"minecraft:cobblestone":172,"minecraft:oxeye_daisy":1,"minecraft:stripped_oak_log":1,"minecraft:andesite":27,"minecraft:oak_log":155,"minecraft:ancient_debris":2,"minecraft:dirt":180,"minecraft:apple":2,"minecraft:wheat_seeds":66,"minecraft:raw_gold":15,"minecraft:stone_pickaxe":2,"minecraft:glowstone_dust":2,"minecraft:moss_block":86,"minecraft:soul_sand":1,"minecraft:oak_planks":20,"minecraft:oak_slab":2,"minecraft:quartz":1,"minecraft:spruce_sapling":17,"minecraft:spruce_log":33,"minecraft:diamond":15,"minecraft:granite":26,"minecraft:emerald":18,"minecraft:rooted_dirt":1,"minecraft:oak_sapling":46,"minecraft:netherrack":5,"minecraft:coal":61},"minecraft:crafted":{"minecraft:oak_planks":96,"minecraft:cobblestone_slab":72,"minecraft:stone_shovel":2,"the_silence:flashlightoff":1,"weather2:weather_item":1,"minecraft:furnace":1,"minecraft:pufferfish_bucket":2,"minecraft:bone_meal":225,"minecraft:iron_axe":6,"minecraft:iron_hoe":3,"minecraft:stone_pickaxe":4,"minecraft:cow_spawn_egg":1,"minecraft:oak_slab":6,"minecraft:wooden_shovel":1,"weather2:tornado_siren":1,"minecraft:crafting_table":1,"weather2:tornado_sensor":1,"minecraft:wooden_pickaxe":1,"minecraft:copper_ingot":8,"minecraft:bucket":1,"minecraft:bone":75,"minecraft:stone_axe":3,"minecraft:air":0,"minecraft:oak_boat":5,"minecraft:wooden_hoe":1,"minecraft:diamond_pickaxe":2,"minecraft:stick":60,"minecraft:iron_ingot":101,"minecraft:iron_pickaxe":12,"minecraft:wooden_axe":1,"minecraft:iron_shovel":4,"minecraft:gold_ingot":2,"minecraft:torch":16},"minecraft:dropped":{"minecraft:oak_log":2,"minecraft:cobblestone":10,"minecraft:rooted_dirt":1,"minecraft:dirt":18,"minecraft:wooden_axe":1,"minecraft:iron_axe":3,"minecraft:iron_pickaxe":4,"minecraft:iron_shovel":1,"minecraft:furnace":1,"the_silence:flashlightoff":1,"minecraft:cobblestone_slab":66,"minecraft:diamond_pickaxe":1,"minecraft:oak_boat":2,"minecraft:stone_pickaxe":4}},"DataVersion":3465}