{"stats":{"minecraft:broken":{"minecraft:iron_shovel":1,"minecraft:stone_pickaxe":1,"minecraft:wooden_pickaxe":1,"minecraft:iron_axe":1,"minecraft:iron_pickaxe":3,"minecraft:wooden_hoe":1},"minecraft:killed":{"endofherobrine:silverfish":6,"minecraft:zombified_piglin":1,"minecraft:spider":16,"minecraft:pufferfish":1,"minecraft:skeleton":9,"minecraft:chicken":2,"boh:rat":6,"boh:simonhenriksson":1,"minecraft:creeper":10,"minecraft:pillager":1,"minecraft:zombie":14,"endofherobrine:chicken":2,"eyesinthedarkness:eyes":1,"midnightlurker:midnight_lurker_runaway":1,"minecraft:bat":2,"the_anomaly:anomaly_attack":1,"minecraft:enderman":1},"minecraft:used":{"minecraft:moss_block":4,"minecraft:cherry_sapling":10,"minecraft:iron_shovel":228,"minecraft:chest":31,"minecraft:shield":31,"minecraft:carrot":356,"minecraft:azure_bluet":1,"minecraft:lava_bucket":39,"minecraft:mossy_cobblestone_slab":18,"minecraft:written_book":1,"minecraft:oak_sapling":62,"minecraft:furnace":2,"minecraft:egg":60,"minecraft:potato":218,"minecraft:diorite":79,"minecraft:stone_pickaxe":321,"minecraft:oak_planks":225,"minecraft:blackstone":27,"minecraft:wooden_pickaxe":59,"minecraft:composter":6,"minecraft:sugar_cane":17,"minecraft:diamond_axe":692,"minecraft:oak_leaves":13,"minecraft:white_wool":2,"minecraft:shears":16,"minecraft:redstone_torch":1,"minecraft:melon_slice":7,"minecraft:stone_button":1,"minecraft:diamond_sword":59,"minecraft:fire_charge":1,"minecraft:pufferfish_bucket":2,"weather2:tornado_siren":1,"minecraft:smithing_table":1,"minecraft:andesite":78,"minecraft:oak_boat":12,"minecraft:bone_meal":199,"minecraft:oak_fence":101,"minecraft:oak_trapdoor":48,"minecraft:stone_sword":11,"minecraft:stone_shovel":96,"minecraft:spruce_planks":16,"minecraft:wooden_shovel":49,"minecraft:netherrack":58,"minecraft:torch":391,"minecraft:dirt":764,"minecraft:hopper":8,"minecraft:granite":65,"minecraft:oak_fence_gate":8,"minecraft:iron_hoe":387,"minecraft:wooden_axe":134,"minecraft:iron_axe":450,"minecraft:melon_seeds":4,"minecraft:glowstone":4,"minecraft:cobbled_deepslate":126,"minecraft:wheat_seeds":441,"minecraft:water_bucket":72,"minecraft:baked_potato":29,"minecraft:sniffer_egg":3,"minecraft:cobblestone_slab":1832,"minecraft:mossy_cobblestone":22,"minecraft:oak_slab":122,"minecraft:crafting_table":8,"minecraft:white_bed":7,"minecraft:spruce_log":5,"minecraft:smoker":1,"minecraft:oak_log":2,"minecraft:mud":28,"minecraft:wooden_hoe":60,"minecraft:diamond_pickaxe":6936,"minecraft:apple":4,"minecraft:oxeye_daisy":1,"minecraft:diamond_shovel":80,"minecraft:iron_pickaxe":1086,"minecraft:spruce_sapling":3,"minecraft:stone_axe":211,"minecraft:cobblestone":1868,"minecraft:bucket":110,"minecraft:dandelion":5,"the_silence:sad_satan":1},"minecraft:killed_by":{"the_silence:the_silence_principal":3,"midnightlurker:midnight_lurker_backturned":2,"boh:siren_head":1,"minecraft:zombified_piglin":3,"the_anomaly:anomaly_attack_crawl":3,"minecraft:creeper":3,"cartoon_cat:cartoon_cat_chase":3,"sanitydim:rotting_stalker":1,"endofherobrine:chicken":1,"shut_your_eyes:agony":6,"midnightlurker:void_hands":2,"man:managgresive":2,"sanitydim:sneaking_terror":1,"minecraft:witch":4,"minecraft:player":4,"minecraft:spider":1,"minecraft:enderman":1,"endofherobrine:villager":1,"minecraft:skeleton":7,"autizmzrake:rake":7,"midnightlurker:midnight_lurker_unprovoked":5},"minecraft:custom":{"minecraft:animals_bred":12,"minecraft:interact_with_crafting_table":177,"minecraft:leave_game":23,"minecraft:time_since_death":12487,"minecraft:sprint_one_cm":1861305,"minecraft:damage_blocked_by_shield":1838,"minecraft:drop":568,"minecraft:talked_to_villager":244,"minecraft:play_time":1431905,"minecraft:deaths":151,"minecraft:jump":5498,"minecraft:walk_on_water_one_cm":209738,"minecraft:interact_with_furnace":69,"minecraft:traded_with_villager":14,"minecraft:sleep_in_bed":46,"minecraft:damage_dealt":19197,"minecraft:player_kills":3,"minecraft:crouch_one_cm":782827,"minecraft:interact_with_smithing_table":2,"minecraft:mob_kills":78,"minecraft:inspect_hopper":1,"minecraft:damage_dealt_resisted":5043,"minecraft:walk_one_cm":4058299,"minecraft:sneak_time":215427,"minecraft:walk_under_water_one_cm":357420,"minecraft:boat_one_cm":75792,"minecraft:interact_with_blast_furnace":8,"minecraft:total_world_time":1431905,"minecraft:time_since_rest":10620,"minecraft:damage_taken":48673,"minecraft:swim_one_cm":20913,"minecraft:fly_one_cm":2382771,"minecraft:open_chest":1548,"minecraft:fall_one_cm":48877},"minecraft:dropped":{"minecraft:moss_block":4,"minecraft:diamond_axe":4,"minecraft:oak_log":2,"minecraft:diamond":1,"minecraft:pitcher_pod":1,"minecraft:rooted_dirt":1,"minecraft:emerald":1,"minecraft:dirt":23,"minecraft:bone_meal":44,"minecraft:iron_pickaxe":7,"minecraft:gold_ingot":1,"boh:sirenphone":1,"minecraft:cobbled_deepslate":1,"minecraft:glowstone_dust":24,"minecraft:white_bed":6,"minecraft:carrot":110,"minecraft:chainmail_chestplate":1,"minecraft:rabbit_hide":2,"minecraft:written_book":1,"minecraft:iron_ingot":1,"minecraft:water_bucket":1,"minecraft:wheat_seeds":1,"minecraft:mossy_cobblestone":1,"minecraft:cobblestone":267,"minecraft:granite":2,"minecraft:burn_pottery_sherd":1,"minecraft:copper_ingot":1,"minecraft:mossy_cobblestone_slab":2,"minecraft:wooden_hoe":1,"minecraft:torch":68,"minecraft:wooden_axe":1,"minecraft:iron_axe":4,"minecraft:iron_shovel":2,"minecraft:bucket":1,"minecraft:furnace":1,"minecraft:soul_soil":1,"minecraft:oak_trapdoor":34,"the_silence:flashlightoff":1,"minecraft:stone_sword":3,"minecraft:shears":1,"minecraft:diamond_sword":1,"minecraft:potato":30,"minecraft:cobblestone_slab":231,"minecraft:shield":1,"minecraft:diamond_pickaxe":7,"minecraft:andesite":1,"minecraft:oak_boat":2,"minecraft:redstone_torch":1,"minecraft:stone_pickaxe":4},"minecraft:mined":{"minecraft:spruce_planks":10,"minecraft:oak_sapling":2,"minecraft:farmland":12,"minecraft:cherry_log":47,"the_silence:sad_satan":11,"minecraft:obsidian":75,"minecraft:granite":127,"minecraft:grass_block":776,"minecraft:soul_soil":23,"minecraft:composter":5,"minecraft:hopper":4,"minecraft:oxeye_daisy":1,"immersive_weathering:exposed_iron_door":2,"minecraft:mossy_cobblestone_slab":18,"minecraft:glowstone":35,"minecraft:iron_ore":48,"minecraft:cobbled_deepslate":9,"minecraft:fire":6,"minecraft:moss_carpet":4,"immersive_weathering:charred_planks":1,"minecraft:azure_bluet":1,"immersive_weathering:loam":5,"minecraft:azalea":1,"immersive_weathering:oak_leaf_pile":382,"minecraft:deepslate_redstone_ore":161,"minecraft:blackstone":47,"minecraft:melon_stem":1,"minecraft:crimson_nylium":39,"immersive_weathering:spruce_leaf_pile":60,"minecraft:clay":111,"minecraft:torch":28,"minecraft:melon":5,"minecraft:chest":12,"minecraft:nether_quartz_ore":47,"minecraft:cobblestone":3130,"minecraft:sugar_cane":8,"minecraft:oak_planks":63,"minecraft:wall_torch":8,"minecraft:sniffer_egg":1,"minecraft:amethyst_block":76,"minecraft:deepslate_copper_ore":146,"minecraft:warped_nylium":43,"minecraft:mud":171,"minecraft:wheat":314,"minecraft:grass":185,"minecraft:oak_log":458,"minecraft:oak_fence_gate":2,"minecraft:dirt":153,"minecraft:netherrack":50,"minecraft:ancient_debris":42,"minecraft:oak_leaves":178,"minecraft:deepslate":142,"minecraft:nether_gold_ore":39,"minecraft:mossy_cobblestone":38,"minecraft:deepslate_diamond_ore":174,"minecraft:cherry_sapling":1,"minecraft:sea_lantern":2,"minecraft:stone_button":1,"minecraft:spruce_leaves":156,"minecraft:moss_block":316,"minecraft:rooted_dirt":1,"minecraft:redstone_ore":11,"minecraft:oak_trapdoor":4,"minecraft:spruce_sapling":3,"minecraft:carrots":237,"immersive_weathering:charred_log":1,"minecraft:andesite":147,"minecraft:potatoes":125,"minecraft:deepslate_iron_ore":238,"minecraft:cobblestone_slab":389,"minecraft:stone":650,"minecraft:white_wool":2,"minecraft:smithing_table":1,"minecraft:oak_slab":5,"minecraft:soul_sand":42,"minecraft:dandelion":5,"minecraft:oak_fence":16,"minecraft:crafting_table":4,"immersive_weathering:soot":1,"endofherobrine:glowing_obsidian":1,"minecraft:tall_grass":45,"minecraft:copper_ore":17,"minecraft:deepslate_coal_ore":232,"minecraft:deepslate_gold_ore":167,"endofherobrine:mossy_stone_bricks":5,"minecraft:sculk":65,"minecraft:diorite":130,"immersive_weathering:cherry_leaf_pile":86,"minecraft:redstone_torch":1,"minecraft:spruce_log":22,"minecraft:coal_ore":46,"minecraft:cracked_stone_bricks":2,"minecraft:gold_ore":18,"minecraft:deepslate_emerald_ore":153},"minecraft:crafted":{"minecraft:oak_planks":1632,"minecraft:cobblestone_slab":1740,"weather2:weather_item":1,"minecraft:diamond_shovel":2,"minecraft:potato":5,"minecraft:hopper":8,"minecraft:cow_spawn_egg":1,"minecraft:chest":30,"minecraft:oak_fence":168,"minecraft:oak_slab":132,"minecraft:wooden_shovel":1,"minecraft:diamond_axe":9,"minecraft:crafting_table":5,"weather2:tornado_sensor":1,"minecraft:wooden_pickaxe":1,"minecraft:baked_potato":30,"minecraft:copper_ingot":8,"minecraft:wooden_hoe":2,"minecraft:diamond_pickaxe":15,"minecraft:shield":6,"minecraft:stick":564,"minecraft:iron_ingot":176,"minecraft:iron_pickaxe":12,"minecraft:stone_sword":1,"minecraft:gold_ingot":2,"minecraft:composter":1,"minecraft:shears":2,"minecraft:stone_shovel":2,"the_silence:flashlightoff":1,"minecraft:furnace":2,"minecraft:pufferfish_bucket":2,"minecraft:cherry_sapling":2,"minecraft:bone_meal":270,"minecraft:oak_trapdoor":110,"minecraft:iron_axe":6,"minecraft:iron_hoe":5,"minecraft:stone_pickaxe":4,"minecraft:diamond_sword":2,"weather2:tornado_siren":1,"minecraft:sniffer_egg":2,"minecraft:bone":75,"minecraft:bucket":5,"minecraft:stone_axe":3,"minecraft:glowstone":4,"minecraft:air":0,"minecraft:oak_fence_gate":10,"minecraft:oak_boat":5,"minecraft:wooden_axe":1,"minecraft:iron_shovel":5,"minecraft:white_bed":9,"minecraft:torch":728,"minecraft:carrot":5},"minecraft:picked_up":{"minecraft:wooden_axe":1,"minecraft:wheat":276,"minecraft:chainmail_boots":3,"minecraft:smithing_table":1,"minecraft:diamond_sword":3,"minecraft:amethyst_block":81,"minecraft:string":69,"minecraft:wayfinder_armor_trim_smithing_template":1,"minecraft:soul_soil":31,"minecraft:raw_copper":493,"minecraft:pufferfish":1,"minecraft:oak_sign":5,"minecraft:gold_nugget":143,"minecraft:cobbled_deepslate":180,"minecraft:bucket":10,"minecraft:spruce_planks":17,"minecraft:written_book":1,"minecraft:redstone_torch":4,"minecraft:cobblestone_slab":750,"minecraft:iron_pickaxe":12,"minecraft:melon_slice":25,"minecraft:furnace":1,"minecraft:stick":343,"minecraft:composter":5,"minecraft:oak_fence":77,"minecraft:torch":641,"minecraft:cherry_log":35,"minecraft:diorite":114,"minecraft:golden_chestplate":1,"minecraft:sniffer_egg":1,"minecraft:stone_sword":3,"minecraft:rotten_flesh":103,"minecraft:obsidian":91,"minecraft:cobblestone":3905,"minecraft:mossy_cobblestone_slab":21,"minecraft:feather":3,"minecraft:water_bucket":7,"minecraft:andesite":117,"minecraft:smoker":1,"minecraft:potato":460,"minecraft:dirt":1206,"immersive_weathering:exposed_iron_door":2,"minecraft:bone":70,"minecraft:bow":1,"minecraft:wheat_seeds":1036,"minecraft:raw_gold":167,"minecraft:glowstone_dust":108,"minecraft:moss_block":271,"minecraft:pitcher_pod":1,"minecraft:oak_planks":547,"minecraft:poisonous_potato":3,"minecraft:mossy_cobblestone":37,"minecraft:iron_hoe":4,"minecraft:sugar":3,"minecraft:diamond":151,"minecraft:granite":102,"minecraft:emerald":135,"minecraft:rooted_dirt":1,"minecraft:oak_sapling":124,"minecraft:netherrack":116,"minecraft:oak_leaves":24,"minecraft:diamond_pickaxe":25,"minecraft:mud":158,"minecraft:charcoal":2,"minecraft:crafting_table":4,"minecraft:azure_bluet":1,"minecraft:chicken":3,"minecraft:clay_ball":480,"minecraft:brown_mushroom":20,"minecraft:brick":1,"minecraft:shield":3,"minecraft:oak_trapdoor":23,"minecraft:moss_carpet":3,"minecraft:iron_axe":6,"minecraft:iron_shovel":3,"the_silence:flashlightoff":1,"minecraft:blackstone":60,"minecraft:oak_boat":14,"minecraft:sugar_cane":97,"minecraft:chest":12,"minecraft:egg":71,"minecraft:raw_iron":247,"minecraft:copper_ingot":1,"minecraft:fire_charge":1,"the_silence:sad_satan":12,"minecraft:stone_button":1,"minecraft:carrot":827,"minecraft:redstone":745,"minecraft:prismarine_crystals":5,"minecraft:purple_candle":1,"minecraft:arrow":73,"minecraft:stone_shovel":1,"minecraft:shears":3,"minecraft:gold_ingot":20,"minecraft:white_wool":24,"minecraft:oxeye_daisy":1,"minecraft:stripped_oak_log":1,"minecraft:burn_pottery_sherd":1,"minecraft:red_mushroom":11,"minecraft:crimson_fungus":2,"minecraft:oak_log":680,"minecraft:chainmail_chestplate":1,"minecraft:ancient_debris":51,"minecraft:golden_boots":1,"minecraft:gunpowder":120,"minecraft:wooden_hoe":1,"boh:sirenphone":3,"minecraft:apple":8,"minecraft:oak_fence_gate":2,"minecraft:rabbit_hide":100,"minecraft:iron_ingot":59,"minecraft:stone_pickaxe":2,"minecraft:soul_sand":46,"minecraft:flowering_azalea":1,"minecraft:oak_slab":13,"minecraft:quartz":47,"minecraft:dandelion":8,"minecraft:torchflower_seeds":1,"minecraft:lava_bucket":1,"minecraft:amethyst_shard":1,"minecraft:spruce_sapling":22,"minecraft:white_bed":3,"minecraft:spruce_log":33,"minecraft:spider_eye":7,"minecraft:diamond_shovel":8,"minecraft:pumpkin_seeds":1,"minecraft:slime_ball":23,"minecraft:diamond_axe":15,"minecraft:cherry_sapling":9,"minecraft:baked_potato":14,"minecraft:melon_seeds":1,"minecraft:coal":241,"minecraft:hopper":4,"minecraft:ender_pearl":1}},"DataVersion":3465}