{"stats":{"minecraft:mined":{"minecraft:deepslate_redstone_ore":20,"minecraft:oak_slab":1,"minecraft:spruce_planks":3,"minecraft:oak_sapling":2,"minecraft:farmland":1,"minecraft:deepslate_diamond_ore":16,"immersive_weathering:spruce_leaf_pile":60,"minecraft:clay":24,"minecraft:torch":1,"minecraft:granite":42,"minecraft:grass_block":283,"minecraft:copper_ore":17,"minecraft:cobblestone":6,"minecraft:deepslate_coal_ore":35,"minecraft:spruce_leaves":41,"minecraft:deepslate_gold_ore":13,"minecraft:oak_planks":1,"minecraft:moss_block":126,"minecraft:rooted_dirt":1,"minecraft:diorite":32,"minecraft:wall_torch":2,"minecraft:deepslate_copper_ore":17,"minecraft:redstone_ore":11,"minecraft:spruce_sapling":3,"minecraft:mud":65,"minecraft:iron_ore":48,"minecraft:spruce_log":22,"minecraft:andesite":47,"minecraft:oak_log":87,"minecraft:coal_ore":46,"minecraft:deepslate_iron_ore":28,"minecraft:cobblestone_slab":8,"immersive_weathering:loam":5,"minecraft:dirt":16,"minecraft:stone":267,"minecraft:gold_ore":18,"minecraft:deepslate_emerald_ore":16,"minecraft:oak_leaves":26,"minecraft:deepslate":18,"immersive_weathering:oak_leaf_pile":135},"minecraft:used":{"minecraft:moss_block":2,"minecraft:water_bucket":7,"minecraft:stone_shovel":96,"minecraft:stone_pickaxe":321,"minecraft:oak_planks":3,"minecraft:wooden_pickaxe":59,"minecraft:wooden_shovel":49,"minecraft:cobblestone_slab":79,"minecraft:torch":10,"minecraft:dirt":179,"minecraft:oak_slab":2,"minecraft:crafting_table":1,"minecraft:spruce_log":5,"minecraft:iron_hoe":2,"minecraft:wooden_hoe":59,"minecraft:wooden_axe":134,"minecraft:apple":4,"minecraft:iron_axe":141,"minecraft:iron_pickaxe":794,"minecraft:spruce_sapling":3,"minecraft:stone_axe":211,"minecraft:cobblestone":23,"minecraft:pufferfish_bucket":2,"minecraft:oak_sapling":21,"minecraft:furnace":1,"minecraft:bucket":7,"minecraft:oak_boat":4},"minecraft:killed_by":{"man:managgresive":1,"minecraft:player":1,"endofherobrine:villager":1},"minecraft:broken":{"minecraft:stone_pickaxe":1,"minecraft:iron_axe":1,"minecraft:iron_pickaxe":2,"minecraft:wooden_hoe":1,"minecraft:wooden_pickaxe":1},"minecraft:killed":{"minecraft:pufferfish":1},"minecraft:custom":{"minecraft:interact_with_furnace":38,"minecraft:mob_kills":1,"minecraft:traded_with_villager":2,"minecraft:interact_with_crafting_table":34,"minecraft:leave_game":1,"minecraft:time_since_death":15065,"minecraft:time_since_rest":15094,"minecraft:sprint_one_cm":115523,"minecraft:walk_one_cm":422738,"minecraft:damage_taken":5253,"minecraft:drop":104,"minecraft:damage_dealt":1004,"minecraft:swim_one_cm":416,"minecraft:talked_to_villager":72,"minecraft:fly_one_cm":231553,"minecraft:open_chest":176,"minecraft:crouch_one_cm":55768,"minecraft:play_time":150985,"minecraft:deaths":20,"minecraft:sneak_time":34599,"minecraft:walk_under_water_one_cm":8518,"minecraft:boat_one_cm":12915,"minecraft:jump":499,"minecraft:walk_on_water_one_cm":8053,"minecraft:total_world_time":150985,"minecraft:fall_one_cm":2765},"minecraft:picked_up":{"minecraft:wooden_axe":1,"minecraft:mud":44,"minecraft:clay_ball":52,"minecraft:andesite":17,"minecraft:oak_log":140,"minecraft:dirt":157,"minecraft:raw_copper":37,"minecraft:iron_axe":1,"minecraft:pufferfish":1,"minecraft:apple":2,"minecraft:cobbled_deepslate":1,"minecraft:raw_gold":7,"minecraft:stone_pickaxe":2,"minecraft:oak_boat":6,"minecraft:cobblestone_slab":76,"minecraft:iron_pickaxe":1,"minecraft:moss_block":74,"minecraft:oak_planks":20,"minecraft:furnace":1,"minecraft:oak_slab":2,"minecraft:stick":55,"minecraft:raw_iron":72,"minecraft:torch":4,"minecraft:spruce_sapling":17,"minecraft:diorite":13,"minecraft:spruce_log":33,"minecraft:redstone":20,"minecraft:diamond":5,"minecraft:stone_shovel":1,"minecraft:granite":22,"minecraft:gold_ingot":16,"minecraft:emerald":9,"minecraft:rooted_dirt":1,"minecraft:oak_sapling":46,"minecraft:coal":54,"minecraft:cobblestone":144},"minecraft:crafted":{"minecraft:oak_slab":6,"minecraft:oak_planks":96,"minecraft:wooden_shovel":1,"minecraft:cobblestone_slab":72,"minecraft:stone_shovel":2,"minecraft:crafting_table":1,"minecraft:wooden_pickaxe":1,"minecraft:furnace":1,"minecraft:copper_ingot":8,"minecraft:pufferfish_bucket":2,"minecraft:bucket":1,"minecraft:stone_axe":3,"minecraft:air":0,"minecraft:oak_boat":4,"minecraft:wooden_hoe":1,"minecraft:iron_axe":3,"minecraft:iron_hoe":1,"minecraft:stick":32,"minecraft:iron_ingot":101,"minecraft:iron_pickaxe":9,"minecraft:stone_pickaxe":4,"minecraft:wooden_axe":1,"minecraft:iron_shovel":1,"minecraft:gold_ingot":2,"minecraft:torch":16},"minecraft:dropped":{"minecraft:furnace":1,"minecraft:oak_log":2,"minecraft:cobblestone":10,"minecraft:rooted_dirt":1,"minecraft:dirt":18,"minecraft:cobblestone_slab":66,"minecraft:wooden_axe":1,"minecraft:oak_boat":2,"minecraft:iron_axe":1,"minecraft:stone_pickaxe":4,"minecraft:iron_pickaxe":2}},"DataVersion":3465}