{"stats":{"minecraft:mined":{"minecraft:oak_slab":1,"immersive_weathering:spruce_leaf_pile":16,"minecraft:clay":5,"minecraft:granite":3,"minecraft:grass_block":209,"minecraft:cobblestone":5,"minecraft:spruce_leaves":7,"minecraft:moss_block":76,"minecraft:diorite":2,"minecraft:mud":45,"minecraft:iron_ore":10,"minecraft:spruce_log":6,"minecraft:andesite":8,"minecraft:oak_log":14,"minecraft:coal_ore":7,"immersive_weathering:loam":2,"minecraft:dirt":10,"minecraft:stone":118,"minecraft:oak_leaves":2,"immersive_weathering:oak_leaf_pile":21},"minecraft:used":{"minecraft:moss_block":1,"minecraft:stone_shovel":85,"minecraft:stone_pickaxe":321,"minecraft:wooden_pickaxe":59,"minecraft:wooden_shovel":49,"minecraft:cobblestone_slab":18,"minecraft:torch":9,"minecraft:dirt":39,"minecraft:oak_slab":2,"minecraft:crafting_table":1,"minecraft:wooden_axe":46,"minecraft:iron_pickaxe":17,"minecraft:spruce_sapling":2,"minecraft:stone_axe":165,"minecraft:cobblestone":14,"minecraft:oak_sapling":6,"minecraft:furnace":1},"minecraft:killed_by":{"man:managgresive":1,"minecraft:player":1},"minecraft:broken":{"minecraft:stone_pickaxe":1,"minecraft:wooden_pickaxe":1},"minecraft:custom":{"minecraft:interact_with_furnace":9,"minecraft:interact_with_crafting_table":14,"minecraft:leave_game":1,"minecraft:time_since_death":17169,"minecraft:time_since_rest":17205,"minecraft:sprint_one_cm":21695,"minecraft:walk_one_cm":148725,"minecraft:damage_taken":3303,"minecraft:drop":36,"minecraft:damage_dealt":752,"minecraft:talked_to_villager":30,"minecraft:fly_one_cm":13449,"minecraft:open_chest":53,"minecraft:crouch_one_cm":28419,"minecraft:play_time":60985,"minecraft:deaths":13,"minecraft:sneak_time":25747,"minecraft:boat_one_cm":12915,"minecraft:jump":270,"minecraft:total_world_time":60985,"minecraft:fall_one_cm":269},"minecraft:picked_up":{"minecraft:wooden_axe":1,"minecraft:mud":32,"minecraft:clay_ball":16,"minecraft:andesite":8,"minecraft:oak_log":54,"minecraft:dirt":109,"minecraft:apple":1,"minecraft:stone_pickaxe":2,"minecraft:cobblestone_slab":5,"minecraft:moss_block":43,"minecraft:oak_planks":17,"minecraft:oak_slab":2,"minecraft:stick":18,"minecraft:raw_iron":49,"minecraft:torch":2,"minecraft:spruce_sapling":3,"minecraft:diorite":2,"minecraft:spruce_log":7,"minecraft:granite":3,"minecraft:oak_sapling":6,"minecraft:coal":30,"minecraft:cobblestone":95},"minecraft:crafted":{"minecraft:oak_slab":6,"minecraft:oak_planks":40,"minecraft:wooden_shovel":1,"minecraft:cobblestone_slab":18,"minecraft:stone_shovel":2,"minecraft:crafting_table":1,"minecraft:wooden_pickaxe":1,"minecraft:furnace":1,"minecraft:stone_axe":2,"minecraft:air":0,"minecraft:stick":20,"minecraft:iron_ingot":30,"minecraft:iron_pickaxe":1,"minecraft:stone_pickaxe":4,"minecraft:wooden_axe":1,"minecraft:torch":16},"minecraft:dropped":{"minecraft:oak_log":2,"minecraft:cobblestone":10,"minecraft:dirt":18,"minecraft:cobblestone_slab":5,"minecraft:wooden_axe":1,"minecraft:stone_pickaxe":4}},"DataVersion":3465}