{"stats":{"minecraft:used":{"minecraft:oak_fence":47,"minecraft:moss_block":36,"minecraft:iron_shovel":10,"minecraft:stone_shovel":111,"minecraft:chest":7,"minecraft:spruce_planks":16,"minecraft:wooden_shovel":27,"minecraft:cooked_chicken":8,"minecraft:stone_hoe":90,"minecraft:oak_door":6,"minecraft:torch":15,"minecraft:dirt":346,"minecraft:oak_fence_gate":3,"minecraft:iron_hoe":45,"minecraft:wooden_axe":43,"minecraft:lava_bucket":3,"minecraft:iron_axe":270,"minecraft:oak_stairs":2,"minecraft:melon_seeds":10,"minecraft:furnace":2,"minecraft:oak_sapling":3,"minecraft:egg":8,"minecraft:potato":89,"minecraft:wheat_seeds":34,"minecraft:water_bucket":13,"minecraft:stone_pickaxe":240,"minecraft:baked_potato":1,"minecraft:oak_planks":91,"minecraft:wooden_pickaxe":116,"minecraft:cobblestone_slab":91,"minecraft:cauldron":1,"minecraft:oak_slab":200,"minecraft:crafting_table":5,"minecraft:melon_slice":17,"minecraft:iron_pickaxe":450,"minecraft:spruce_sapling":10,"minecraft:stone_axe":202,"minecraft:cobblestone":56,"minecraft:bucket":13,"minecraft:oak_boat":11,"minecraft:bone_meal":68},"minecraft:crafted":{"minecraft:oak_door":6,"minecraft:oak_planks":364,"minecraft:raw_iron":7,"minecraft:cobblestone_slab":126,"minecraft:stone_shovel":3,"minecraft:cooked_chicken":24,"minecraft:bone_meal":3,"minecraft:potato":4,"minecraft:iron_axe":3,"minecraft:melon_seeds":9,"minecraft:iron_hoe":2,"minecraft:stone_pickaxe":4,"minecraft:chest":5,"minecraft:oak_button":1,"minecraft:water_bucket":1,"minecraft:stone_hoe":1,"minecraft:oak_fence":33,"minecraft:oak_slab":192,"minecraft:wooden_shovel":3,"minecraft:cauldron":1,"minecraft:crafting_table":4,"minecraft:spruce_planks":84,"minecraft:baked_potato":7,"minecraft:wooden_pickaxe":2,"minecraft:wheat_seeds":6,"minecraft:sheep_spawn_egg":2,"minecraft:lava_bucket":3,"minecraft:stone_axe":2,"minecraft:egg":3,"minecraft:air":0,"minecraft:oak_fence_gate":1,"minecraft:oak_boat":6,"minecraft:stick":68,"minecraft:gunpowder":28,"minecraft:iron_ingot":22,"minecraft:iron_pickaxe":3,"minecraft:wooden_axe":2,"minecraft:oak_stairs":4,"minecraft:iron_shovel":2,"minecraft:torch":12},"minecraft:custom":{"minecraft:mob_kills":1,"minecraft:interact_with_crafting_table":57,"minecraft:damage_dealt_resisted":5642,"minecraft:leave_game":1,"minecraft:time_since_death":19550,"minecraft:sprint_one_cm":194061,"minecraft:walk_one_cm":634723,"minecraft:drop":54,"minecraft:talked_to_villager":144,"minecraft:play_time":197266,"minecraft:deaths":5,"minecraft:sneak_time":47300,"minecraft:boat_one_cm":104607,"minecraft:jump":433,"minecraft:walk_on_water_one_cm":396,"minecraft:total_world_time":197266,"minecraft:interact_with_furnace":26,"minecraft:traded_with_villager":33,"minecraft:time_since_rest":19634,"minecraft:damage_taken":1916,"minecraft:damage_dealt":1965,"minecraft:fly_one_cm":122195,"minecraft:open_chest":156,"minecraft:crouch_one_cm":109076,"minecraft:fall_one_cm":2938},"minecraft:picked_up":{"minecraft:mud":35,"minecraft:crafting_table":2,"minecraft:wheat":11,"minecraft:clay_ball":60,"minecraft:lead":2,"minecraft:soul_soil":1,"minecraft:string":1,"minecraft:raw_copper":26,"minecraft:iron_axe":2,"minecraft:iron_shovel":1,"minecraft:cobbled_deepslate":12,"minecraft:oak_boat":5,"minecraft:cobblestone_slab":131,"minecraft:iron_pickaxe":2,"minecraft:melon_slice":107,"minecraft:chest":4,"minecraft:furnace":2,"minecraft:egg":5,"minecraft:stick":32,"minecraft:raw_iron":39,"minecraft:oak_door":1,"minecraft:oak_fence":29,"minecraft:torch":4,"minecraft:diorite":10,"minecraft:redstone":37,"minecraft:stone_shovel":1,"minecraft:cobblestone":116,"minecraft:water_bucket":1,"minecraft:andesite":15,"minecraft:potato":132,"minecraft:oak_log":65,"minecraft:ancient_debris":2,"minecraft:dirt":223,"minecraft:apple":1,"minecraft:wheat_seeds":44,"minecraft:raw_gold":18,"minecraft:oak_fence_gate":2,"minecraft:iron_ingot":2,"minecraft:cooked_chicken":4,"minecraft:soul_sand":1,"minecraft:moss_block":107,"minecraft:oak_planks":28,"minecraft:stone_hoe":1,"minecraft:oak_slab":12,"minecraft:quartz":1,"minecraft:poisonous_potato":2,"minecraft:spruce_sapling":42,"minecraft:spruce_log":102,"minecraft:spider_eye":1,"minecraft:iron_hoe":1,"minecraft:slime_ball":1,"minecraft:diamond":9,"minecraft:stone_axe":1,"minecraft:granite":7,"minecraft:bone_meal":57,"minecraft:emerald":7,"minecraft:rooted_dirt":1,"minecraft:baked_potato":3,"minecraft:netherrack":2,"minecraft:oak_sapling":16,"minecraft:melon_seeds":1,"minecraft:coal":41},"minecraft:killed_by":{"man:managgresive":1,"endofherobrine:villager":1},"minecraft:broken":{"minecraft:wooden_pickaxe":1,"minecraft:stone_pickaxe":1,"minecraft:stone_axe":1,"minecraft:iron_pickaxe":1},"minecraft:killed":{"minecraft:spider":1},"minecraft:dropped":{"minecraft:stone_hoe":1,"minecraft:poisonous_potato":1,"minecraft:cobblestone":7,"minecraft:rooted_dirt":1,"minecraft:dirt":2,"minecraft:wooden_axe":1,"minecraft:melon_slice":16,"minecraft:spruce_sapling":9,"minecraft:stone_axe":1,"minecraft:cooked_chicken":10,"minecraft:stone_shovel":1,"minecraft:oak_button":1,"minecraft:wooden_shovel":2,"minecraft:oak_sapling":8,"minecraft:stone_pickaxe":1},"minecraft:mined":{"minecraft:nether_gold_ore":2,"minecraft:oak_sapling":5,"minecraft:farmland":2,"minecraft:deepslate_diamond_ore":19,"minecraft:oak_door":1,"minecraft:granite":11,"minecraft:grass_block":174,"minecraft:soul_soil":1,"minecraft:spruce_leaves":88,"minecraft:moss_block":202,"minecraft:rooted_dirt":1,"minecraft:spruce_sapling":10,"minecraft:furnace":2,"minecraft:iron_ore":8,"minecraft:andesite":15,"minecraft:potatoes":37,"minecraft:cobblestone_slab":4,"minecraft:deepslate_iron_ore":26,"minecraft:stone":173,"immersive_weathering:oak_leaf_pile":32,"minecraft:deepslate_redstone_ore":12,"minecraft:oak_slab":8,"minecraft:soul_sand":2,"minecraft:melon_stem":4,"minecraft:crimson_nylium":1,"immersive_weathering:spruce_leaf_pile":79,"minecraft:oak_fence":29,"minecraft:clay":19,"minecraft:crafting_table":3,"minecraft:torch":3,"minecraft:melon":16,"minecraft:chest":4,"minecraft:nether_quartz_ore":1,"minecraft:tall_grass":11,"minecraft:cobblestone":48,"minecraft:deepslate_coal_ore":34,"minecraft:deepslate_gold_ore":26,"minecraft:oak_planks":32,"minecraft:diorite":13,"minecraft:wall_torch":1,"minecraft:deepslate_copper_ore":15,"minecraft:warped_nylium":2,"minecraft:mud":62,"minecraft:wheat":13,"minecraft:spruce_log":105,"minecraft:grass":76,"minecraft:coal_ore":3,"minecraft:oak_log":18,"minecraft:oak_fence_gate":2,"minecraft:dirt":16,"minecraft:netherrack":7,"minecraft:deepslate_emerald_ore":22,"minecraft:oak_leaves":29,"minecraft:deepslate":19}},"DataVersion":3465}