{"stats":{"minecraft:used":{"minecraft:moss_block":4,"minecraft:cherry_sapling":10,"minecraft:iron_shovel":228,"minecraft:chest":20,"minecraft:shield":31,"minecraft:carrot":356,"minecraft:azure_bluet":1,"minecraft:lava_bucket":39,"minecraft:mossy_cobblestone_slab":12,"minecraft:oak_sapling":62,"minecraft:furnace":2,"minecraft:egg":44,"minecraft:potato":218,"minecraft:diorite":65,"minecraft:stone_pickaxe":321,"minecraft:oak_planks":224,"minecraft:wooden_pickaxe":59,"minecraft:composter":6,"minecraft:sugar_cane":17,"minecraft:diamond_axe":641,"minecraft:oak_leaves":13,"minecraft:white_wool":2,"minecraft:shears":16,"minecraft:redstone_torch":1,"minecraft:melon_slice":7,"minecraft:stone_button":1,"minecraft:diamond_sword":56,"minecraft:fire_charge":1,"minecraft:pufferfish_bucket":2,"weather2:tornado_siren":1,"minecraft:smithing_table":1,"minecraft:andesite":64,"minecraft:oak_boat":12,"minecraft:bone_meal":193,"minecraft:oak_fence":101,"minecraft:oak_trapdoor":5,"minecraft:stone_sword":11,"minecraft:stone_shovel":96,"minecraft:spruce_planks":16,"minecraft:wooden_shovel":49,"minecraft:netherrack":58,"minecraft:torch":381,"minecraft:dirt":677,"minecraft:granite":65,"minecraft:oak_fence_gate":8,"minecraft:iron_hoe":387,"minecraft:wooden_axe":134,"minecraft:iron_axe":450,"minecraft:melon_seeds":4,"minecraft:glowstone":4,"minecraft:cobbled_deepslate":89,"minecraft:wheat_seeds":441,"minecraft:water_bucket":72,"minecraft:baked_potato":29,"minecraft:sniffer_egg":3,"minecraft:cobblestone_slab":1728,"minecraft:mossy_cobblestone":22,"minecraft:oak_slab":122,"minecraft:crafting_table":8,"minecraft:white_bed":7,"minecraft:spruce_log":5,"minecraft:smoker":1,"minecraft:oak_log":2,"minecraft:mud":28,"minecraft:wooden_hoe":60,"minecraft:diamond_pickaxe":5180,"minecraft:apple":4,"minecraft:oxeye_daisy":1,"minecraft:diamond_shovel":80,"minecraft:iron_pickaxe":1079,"minecraft:spruce_sapling":3,"minecraft:stone_axe":211,"minecraft:cobblestone":1598,"minecraft:bucket":109,"minecraft:dandelion":5,"the_silence:sad_satan":1},"minecraft:crafted":{"minecraft:oak_planks":1532,"minecraft:cobblestone_slab":1740,"weather2:weather_item":1,"minecraft:diamond_shovel":2,"minecraft:potato":5,"minecraft:cow_spawn_egg":1,"minecraft:chest":14,"minecraft:oak_fence":168,"minecraft:oak_slab":132,"minecraft:wooden_shovel":1,"minecraft:diamond_axe":9,"minecraft:crafting_table":5,"weather2:tornado_sensor":1,"minecraft:wooden_pickaxe":1,"minecraft:baked_potato":30,"minecraft:copper_ingot":8,"minecraft:wooden_hoe":2,"minecraft:diamond_pickaxe":13,"minecraft:shield":6,"minecraft:stick":564,"minecraft:iron_ingot":136,"minecraft:iron_pickaxe":12,"minecraft:stone_sword":1,"minecraft:gold_ingot":2,"minecraft:composter":1,"minecraft:shears":2,"minecraft:stone_shovel":2,"the_silence:flashlightoff":1,"minecraft:furnace":2,"minecraft:pufferfish_bucket":2,"minecraft:cherry_sapling":2,"minecraft:bone_meal":270,"minecraft:oak_trapdoor":82,"minecraft:iron_axe":6,"minecraft:iron_hoe":5,"minecraft:stone_pickaxe":4,"minecraft:diamond_sword":2,"weather2:tornado_siren":1,"minecraft:sniffer_egg":2,"minecraft:bone":75,"minecraft:bucket":5,"minecraft:stone_axe":3,"minecraft:glowstone":4,"minecraft:air":0,"minecraft:oak_fence_gate":10,"minecraft:oak_boat":5,"minecraft:wooden_axe":1,"minecraft:iron_shovel":5,"minecraft:white_bed":9,"minecraft:torch":728,"minecraft:carrot":5},"minecraft:dropped":{"minecraft:moss_block":4,"minecraft:diamond_axe":4,"minecraft:oak_log":2,"minecraft:diamond":1,"minecraft:pitcher_pod":1,"minecraft:rooted_dirt":1,"minecraft:emerald":1,"minecraft:dirt":20,"minecraft:bone_meal":44,"minecraft:iron_pickaxe":7,"minecraft:gold_ingot":1,"boh:sirenphone":1,"minecraft:cobbled_deepslate":1,"minecraft:glowstone_dust":24,"minecraft:white_bed":6,"minecraft:carrot":110,"minecraft:water_bucket":1,"minecraft:iron_ingot":1,"minecraft:wheat_seeds":1,"minecraft:mossy_cobblestone":1,"minecraft:cobblestone":267,"minecraft:granite":2,"minecraft:copper_ingot":1,"minecraft:mossy_cobblestone_slab":2,"minecraft:torch":68,"minecraft:wooden_axe":1,"minecraft:iron_axe":4,"minecraft:iron_shovel":2,"minecraft:bucket":1,"minecraft:furnace":1,"minecraft:soul_soil":1,"minecraft:oak_trapdoor":12,"the_silence:flashlightoff":1,"minecraft:stone_sword":3,"minecraft:shears":1,"minecraft:diamond_sword":1,"minecraft:potato":30,"minecraft:cobblestone_slab":231,"minecraft:shield":1,"minecraft:diamond_pickaxe":6,"minecraft:andesite":1,"minecraft:oak_boat":2,"minecraft:redstone_torch":1,"minecraft:stone_pickaxe":4},"minecraft:killed":{"endofherobrine:silverfish":6,"minecraft:zombified_piglin":1,"minecraft:spider":13,"minecraft:pufferfish":1,"minecraft:skeleton":4,"boh:rat":5,"boh:simonhenriksson":1,"minecraft:creeper":8,"minecraft:pillager":1,"minecraft:zombie":3,"endofherobrine:chicken":1,"eyesinthedarkness:eyes":1,"midnightlurker:midnight_lurker_runaway":1,"minecraft:bat":1,"the_anomaly:anomaly_attack":1,"minecraft:enderman":1},"minecraft:killed_by":{"the_silence:the_silence_principal":3,"midnightlurker:midnight_lurker_backturned":1,"boh:siren_head":1,"minecraft:zombified_piglin":3,"the_anomaly:anomaly_attack_crawl":3,"minecraft:creeper":3,"cartoon_cat:cartoon_cat_chase":2,"sanitydim:rotting_stalker":1,"endofherobrine:chicken":1,"shut_your_eyes:agony":6,"midnightlurker:void_hands":2,"man:managgresive":2,"sanitydim:sneaking_terror":1,"minecraft:witch":4,"minecraft:player":4,"minecraft:spider":1,"minecraft:enderman":1,"endofherobrine:villager":1,"minecraft:skeleton":4,"autizmzrake:rake":7,"midnightlurker:midnight_lurker_unprovoked":5},"minecraft:picked_up":{"minecraft:wooden_axe":1,"minecraft:wheat":275,"minecraft:chainmail_boots":3,"minecraft:smithing_table":1,"minecraft:diamond_sword":3,"minecraft:amethyst_block":51,"minecraft:string":43,"minecraft:wayfinder_armor_trim_smithing_template":1,"minecraft:soul_soil":20,"minecraft:raw_copper":358,"minecraft:pufferfish":1,"minecraft:oak_sign":5,"minecraft:gold_nugget":92,"minecraft:cobbled_deepslate":149,"minecraft:bucket":10,"minecraft:spruce_planks":17,"minecraft:redstone_torch":4,"minecraft:cobblestone_slab":695,"minecraft:iron_pickaxe":12,"minecraft:melon_slice":25,"minecraft:furnace":1,"minecraft:stick":342,"minecraft:composter":5,"minecraft:oak_fence":77,"minecraft:torch":638,"minecraft:cherry_log":35,"minecraft:diorite":76,"minecraft:golden_chestplate":1,"minecraft:sniffer_egg":1,"minecraft:stone_sword":3,"minecraft:rotten_flesh":48,"minecraft:obsidian":53,"minecraft:cobblestone":3472,"minecraft:mossy_cobblestone_slab":16,"minecraft:feather":2,"minecraft:water_bucket":7,"minecraft:andesite":88,"minecraft:smoker":1,"minecraft:potato":460,"minecraft:dirt":1042,"immersive_weathering:exposed_iron_door":1,"minecraft:bone":36,"minecraft:bow":1,"minecraft:wheat_seeds":1036,"minecraft:raw_gold":115,"minecraft:glowstone_dust":67,"minecraft:moss_block":206,"minecraft:pitcher_pod":1,"minecraft:oak_planks":543,"minecraft:poisonous_potato":3,"minecraft:mossy_cobblestone":25,"minecraft:iron_hoe":4,"minecraft:sugar":3,"minecraft:diamond":101,"minecraft:granite":73,"minecraft:emerald":88,"minecraft:rooted_dirt":1,"minecraft:oak_sapling":121,"minecraft:netherrack":74,"minecraft:oak_leaves":24,"minecraft:diamond_pickaxe":21,"minecraft:mud":117,"minecraft:charcoal":2,"minecraft:crafting_table":4,"minecraft:azure_bluet":1,"minecraft:chicken":1,"minecraft:clay_ball":340,"minecraft:brown_mushroom":7,"minecraft:shield":3,"minecraft:oak_trapdoor":22,"minecraft:moss_carpet":3,"minecraft:iron_axe":6,"minecraft:iron_shovel":3,"the_silence:flashlightoff":1,"minecraft:blackstone":38,"minecraft:oak_boat":14,"minecraft:sugar_cane":57,"minecraft:chest":6,"minecraft:egg":45,"minecraft:raw_iron":178,"minecraft:copper_ingot":1,"minecraft:fire_charge":1,"the_silence:sad_satan":10,"minecraft:stone_button":1,"minecraft:carrot":827,"minecraft:redstone":545,"minecraft:prismarine_crystals":5,"minecraft:arrow":38,"minecraft:stone_shovel":1,"minecraft:shears":3,"minecraft:gold_ingot":20,"minecraft:white_wool":24,"minecraft:oxeye_daisy":1,"minecraft:stripped_oak_log":1,"minecraft:red_mushroom":3,"minecraft:crimson_fungus":2,"minecraft:oak_log":618,"minecraft:ancient_debris":42,"minecraft:golden_boots":1,"minecraft:gunpowder":80,"boh:sirenphone":3,"minecraft:apple":7,"minecraft:oak_fence_gate":2,"minecraft:rabbit_hide":37,"minecraft:iron_ingot":59,"minecraft:stone_pickaxe":2,"minecraft:soul_sand":32,"minecraft:flowering_azalea":1,"minecraft:oak_slab":13,"minecraft:quartz":27,"minecraft:dandelion":8,"minecraft:torchflower_seeds":1,"minecraft:lava_bucket":1,"minecraft:amethyst_shard":1,"minecraft:spruce_sapling":18,"minecraft:white_bed":3,"minecraft:spruce_log":33,"minecraft:spider_eye":5,"minecraft:diamond_shovel":8,"minecraft:slime_ball":21,"minecraft:diamond_axe":14,"minecraft:cherry_sapling":9,"minecraft:baked_potato":14,"minecraft:coal":183,"minecraft:ender_pearl":1},"minecraft:custom":{"minecraft:animals_bred":12,"minecraft:interact_with_crafting_table":166,"minecraft:leave_game":22,"minecraft:time_since_death":5285,"minecraft:sprint_one_cm":1694497,"minecraft:damage_blocked_by_shield":1838,"minecraft:drop":536,"minecraft:talked_to_villager":241,"minecraft:play_time":1296734,"minecraft:deaths":139,"minecraft:jump":5025,"minecraft:walk_on_water_one_cm":181939,"minecraft:interact_with_furnace":65,"minecraft:traded_with_villager":14,"minecraft:sleep_in_bed":29,"minecraft:damage_dealt":16980,"minecraft:player_kills":3,"minecraft:crouch_one_cm":757221,"minecraft:interact_with_smithing_table":1,"minecraft:mob_kills":51,"minecraft:damage_dealt_resisted":5006,"minecraft:walk_one_cm":3710727,"minecraft:sneak_time":207569,"minecraft:walk_under_water_one_cm":311770,"minecraft:boat_one_cm":75792,"minecraft:total_world_time":1296734,"minecraft:time_since_rest":5311,"minecraft:damage_taken":45523,"minecraft:swim_one_cm":20471,"minecraft:fly_one_cm":2227607,"minecraft:open_chest":1363,"minecraft:fall_one_cm":46845},"minecraft:mined":{"minecraft:spruce_planks":10,"minecraft:oak_sapling":2,"minecraft:farmland":12,"minecraft:cherry_log":47,"the_silence:sad_satan":9,"minecraft:obsidian":35,"minecraft:granite":98,"minecraft:grass_block":634,"minecraft:soul_soil":12,"minecraft:composter":5,"minecraft:oxeye_daisy":1,"immersive_weathering:exposed_iron_door":1,"minecraft:mossy_cobblestone_slab":15,"minecraft:glowstone":21,"minecraft:iron_ore":48,"minecraft:cobbled_deepslate":9,"minecraft:fire":6,"minecraft:moss_carpet":4,"immersive_weathering:charred_planks":1,"minecraft:azure_bluet":1,"immersive_weathering:loam":5,"minecraft:azalea":1,"immersive_weathering:oak_leaf_pile":382,"minecraft:deepslate_redstone_ore":116,"minecraft:blackstone":25,"minecraft:melon_stem":1,"minecraft:crimson_nylium":25,"immersive_weathering:spruce_leaf_pile":60,"minecraft:clay":74,"minecraft:torch":27,"minecraft:melon":5,"minecraft:chest":6,"minecraft:nether_quartz_ore":27,"minecraft:cobblestone":2784,"minecraft:sugar_cane":8,"minecraft:oak_planks":58,"minecraft:wall_torch":6,"minecraft:sniffer_egg":1,"minecraft:amethyst_block":46,"minecraft:deepslate_copper_ore":103,"minecraft:warped_nylium":27,"minecraft:mud":129,"minecraft:wheat":314,"minecraft:grass":183,"minecraft:oak_log":392,"minecraft:oak_fence_gate":2,"minecraft:dirt":128,"minecraft:netherrack":37,"minecraft:ancient_debris":32,"minecraft:oak_leaves":140,"minecraft:deepslate":107,"minecraft:nether_gold_ore":24,"minecraft:mossy_cobblestone":25,"minecraft:deepslate_diamond_ore":122,"minecraft:cherry_sapling":1,"minecraft:sea_lantern":2,"minecraft:stone_button":1,"minecraft:spruce_leaves":116,"minecraft:moss_block":250,"minecraft:rooted_dirt":1,"minecraft:redstone_ore":11,"minecraft:oak_trapdoor":3,"minecraft:spruce_sapling":3,"minecraft:carrots":237,"immersive_weathering:charred_log":1,"minecraft:andesite":117,"minecraft:potatoes":125,"minecraft:deepslate_iron_ore":166,"minecraft:cobblestone_slab":340,"minecraft:stone":524,"minecraft:white_wool":2,"minecraft:smithing_table":1,"minecraft:oak_slab":5,"minecraft:soul_sand":27,"minecraft:dandelion":5,"minecraft:oak_fence":16,"minecraft:crafting_table":4,"immersive_weathering:soot":1,"endofherobrine:glowing_obsidian":1,"minecraft:tall_grass":45,"minecraft:copper_ore":17,"minecraft:deepslate_coal_ore":173,"minecraft:deepslate_gold_ore":113,"endofherobrine:mossy_stone_bricks":5,"minecraft:sculk":25,"minecraft:diorite":92,"immersive_weathering:cherry_leaf_pile":86,"minecraft:redstone_torch":1,"minecraft:spruce_log":22,"minecraft:coal_ore":46,"minecraft:cracked_stone_bricks":2,"minecraft:gold_ore":18,"minecraft:deepslate_emerald_ore":103},"minecraft:broken":{"minecraft:iron_shovel":1,"minecraft:stone_pickaxe":1,"minecraft:wooden_pickaxe":1,"minecraft:iron_axe":1,"minecraft:iron_pickaxe":3,"minecraft:wooden_hoe":1}},"DataVersion":3465}