{"stats":{"minecraft:killed":{"minecraft:skeleton":1,"minecraft:sheep":3,"minecraft:zombie":3,"minecraft:chicken":6},"minecraft:mined":{"minecraft:red_bed":4,"minecraft:gray_stained_glass_pane":4,"minecraft:crafting_table":2,"minecraft:torch":2,"minecraft:melon":1,"minecraft:jungle_log":11,"minecraft:deepslate_coal_ore":4,"minecraft:moss_block":1,"minecraft:furnace":1,"minecraft:fire":1,"minecraft:pumpkin":2,"minecraft:stone_brick_stairs":2,"minecraft:grass":13,"minecraft:cave_vines":2,"minecraft:deepslate_iron_ore":6,"minecraft:vine":1,"minecraft:spruce_slab":1,"minecraft:deepslate":1,"minecraft:fern":4},"minecraft:crafted":{"minecraft:crafting_table":1,"minecraft:wooden_pickaxe":1,"minecraft:iron_sword":1,"minecraft:jungle_planks":44,"minecraft:iron_axe":1,"minecraft:stick":20,"minecraft:wooden_axe":1,"minecraft:iron_shovel":1,"minecraft:torch":28},"minecraft:used":{"minecraft:water_bucket":1,"minecraft:writable_book":1,"minecraft:iron_shovel":1,"minecraft:iron_sword":10,"minecraft:torch":11,"minecraft:glow_item_frame":2,"minecraft:mutton":1,"minecraft:crafting_table":2,"minecraft:red_bed":3,"minecraft:jungle_planks":4,"minecraft:painting":5,"minecraft:milk_bucket":1,"minecraft:wooden_axe":35,"minecraft:chicken":6,"minecraft:iron_axe":6,"minecraft:iron_pickaxe":15,"minecraft:furnace":1,"minecraft:bucket":2,"minecraft:cooked_beef":9},"minecraft:dropped":{"minecraft:wheat_seeds":3,"minecraft:jungle_log":1,"minecraft:wooden_pickaxe":1},"minecraft:custom":{"minecraft:interact_with_furnace":5,"minecraft:mob_kills":12,"minecraft:interact_with_crafting_table":3,"minecraft:open_barrel":8,"minecraft:interact_with_loom":1,"minecraft:eat_cake_slice":3,"minecraft:time_since_death":29791,"minecraft:climb_one_cm":4553,"minecraft:sleep_in_bed":2,"minecraft:time_since_rest":2080,"minecraft:sprint_one_cm":87284,"minecraft:damage_taken":591,"minecraft:walk_one_cm":87153,"minecraft:drop":3,"minecraft:damage_dealt":1197,"minecraft:swim_one_cm":5343,"minecraft:talked_to_villager":6,"minecraft:fly_one_cm":70514,"minecraft:open_chest":15,"minecraft:crouch_one_cm":1827,"minecraft:play_time":29791,"tombstone:undead_killed":4,"minecraft:sneak_time":605,"minecraft:walk_under_water_one_cm":593,"minecraft:jump":378,"minecraft:interact_with_blast_furnace":3,"minecraft:walk_on_water_one_cm":6455,"minecraft:total_world_time":29791,"minecraft:interact_with_smoker":2,"minecraft:fall_one_cm":10177},"minecraft:picked_up":{"minecraft:crafting_table":2,"minecraft:feather":8,"minecraft:chicken":6,"minecraft:jungle_log":12,"minecraft:wooden_pickaxe":1,"minecraft:stone_brick_stairs":2,"minecraft:red_bed":4,"minecraft:moss_carpet":1,"minecraft:bone":2,"minecraft:wheat_seeds":6,"minecraft:cobbled_deepslate":1,"minecraft:jungle_sapling":3,"minecraft:spruce_slab":1,"minecraft:melon_slice":11,"minecraft:moss_block":7,"minecraft:egg":1,"minecraft:furnace":1,"minecraft:stick":8,"minecraft:raw_iron":6,"minecraft:black_candle":1,"minecraft:pumpkin":2,"minecraft:torch":2,"minecraft:gravel":1,"minecraft:arrow":2,"minecraft:rotten_flesh":3,"minecraft:glow_berries":1,"minecraft:black_wool":1,"minecraft:mutton":4,"minecraft:coal":4,"minecraft:white_wool":2}},"DataVersion":3120}