{"stats":{"minecraft:used":{"minecraft:wheat_seeds":6,"minecraft:moss_block":36,"minecraft:oak_fence":18,"minecraft:water_bucket":1,"minecraft:stone_shovel":107,"minecraft:stone_pickaxe":239,"minecraft:oak_planks":48,"minecraft:chest":1,"minecraft:wooden_pickaxe":116,"minecraft:cauldron":1,"minecraft:wooden_shovel":27,"minecraft:stone_hoe":36,"minecraft:cooked_chicken":7,"minecraft:oak_door":6,"minecraft:torch":14,"minecraft:dirt":227,"minecraft:oak_slab":200,"minecraft:crafting_table":4,"minecraft:oak_fence_gate":1,"minecraft:wooden_axe":43,"minecraft:oak_stairs":2,"minecraft:spruce_sapling":7,"minecraft:stone_axe":60,"minecraft:oak_sapling":3,"minecraft:furnace":2,"minecraft:oak_boat":10,"minecraft:egg":6,"minecraft:potato":6},"minecraft:crafted":{"minecraft:oak_door":6,"minecraft:oak_slab":192,"minecraft:oak_planks":348,"minecraft:raw_iron":7,"minecraft:wooden_shovel":3,"minecraft:stone_shovel":3,"minecraft:cauldron":1,"minecraft:crafting_table":3,"minecraft:wooden_pickaxe":2,"minecraft:cooked_chicken":24,"minecraft:wheat_seeds":6,"minecraft:bone_meal":3,"minecraft:stone_axe":2,"minecraft:potato":4,"minecraft:egg":3,"minecraft:air":0,"minecraft:oak_fence_gate":1,"minecraft:oak_boat":5,"minecraft:stick":36,"minecraft:iron_ingot":22,"minecraft:oak_stairs":4,"minecraft:stone_pickaxe":4,"minecraft:wooden_axe":2,"minecraft:chest":1,"minecraft:oak_button":1,"minecraft:water_bucket":1,"minecraft:torch":12,"minecraft:stone_hoe":1,"minecraft:oak_fence":18},"minecraft:custom":{"minecraft:interact_with_furnace":17,"minecraft:traded_with_villager":20,"minecraft:interact_with_crafting_table":43,"minecraft:leave_game":1,"minecraft:time_since_death":46312,"minecraft:time_since_rest":46346,"minecraft:sprint_one_cm":69440,"minecraft:damage_taken":886,"minecraft:walk_one_cm":288684,"minecraft:drop":28,"minecraft:damage_dealt":376,"minecraft:talked_to_villager":57,"minecraft:fly_one_cm":16002,"minecraft:open_chest":76,"minecraft:crouch_one_cm":74665,"minecraft:play_time":101266,"minecraft:deaths":2,"minecraft:sneak_time":33606,"minecraft:boat_one_cm":104607,"minecraft:jump":175,"minecraft:total_world_time":101266,"minecraft:fall_one_cm":1436},"minecraft:picked_up":{"minecraft:mud":27,"minecraft:crafting_table":2,"minecraft:andesite":7,"minecraft:clay_ball":16,"minecraft:potato":2,"minecraft:oak_log":40,"minecraft:dirt":191,"minecraft:apple":1,"minecraft:raw_gold":1,"minecraft:iron_ingot":2,"minecraft:cooked_chicken":4,"minecraft:oak_boat":5,"minecraft:stone_hoe":1,"minecraft:moss_block":92,"minecraft:oak_planks":17,"minecraft:egg":3,"minecraft:furnace":2,"minecraft:oak_slab":12,"minecraft:stick":11,"minecraft:raw_iron":29,"minecraft:oak_door":1,"minecraft:oak_fence":3,"minecraft:torch":2,"minecraft:spruce_sapling":12,"minecraft:diorite":3,"minecraft:spruce_log":11,"minecraft:stone_shovel":1,"minecraft:stone_axe":1,"minecraft:granite":5,"minecraft:rooted_dirt":1,"minecraft:oak_sapling":4,"minecraft:coal":23,"minecraft:cobblestone":63},"minecraft:killed_by":{"endofherobrine:villager":1},"minecraft:broken":{"minecraft:stone_pickaxe":1,"minecraft:wooden_pickaxe":1},"minecraft:dropped":{"minecraft:stone_hoe":1,"minecraft:stone_axe":1,"minecraft:cooked_chicken":10,"minecraft:stone_shovel":1,"minecraft:cobblestone":7,"minecraft:rooted_dirt":1,"minecraft:dirt":2,"minecraft:oak_button":1,"minecraft:wooden_axe":1,"minecraft:wooden_shovel":2,"minecraft:stone_pickaxe":1},"minecraft:mined":{"minecraft:oak_slab":8,"minecraft:oak_sapling":1,"minecraft:oak_door":1,"immersive_weathering:spruce_leaf_pile":19,"minecraft:clay":10,"minecraft:oak_fence":3,"minecraft:crafting_table":3,"minecraft:torch":2,"minecraft:granite":1,"minecraft:grass_block":135,"minecraft:spruce_leaves":1,"minecraft:moss_block":179,"minecraft:oak_planks":12,"minecraft:diorite":4,"minecraft:rooted_dirt":1,"minecraft:spruce_sapling":4,"minecraft:furnace":2,"minecraft:mud":49,"minecraft:iron_ore":8,"minecraft:spruce_log":13,"minecraft:andesite":3,"minecraft:potatoes":1,"minecraft:oak_log":1,"minecraft:coal_ore":3,"minecraft:dirt":13,"minecraft:stone":124,"minecraft:oak_leaves":8,"immersive_weathering:oak_leaf_pile":8}},"DataVersion":3465}