{"stats":{"minecraft:killed_by":{"minecraft:player":1,"minecraft:spider":1,"man:managgresive":1,"sanitydim:sneaking_terror":1,"endofherobrine:villager":1,"minecraft:skeleton":1,"autizmzrake:rake":3,"midnightlurker:midnight_lurker_unprovoked":1},"minecraft:mined":{"minecraft:nether_gold_ore":15,"minecraft:spruce_planks":10,"minecraft:oak_sapling":2,"minecraft:farmland":2,"minecraft:deepslate_diamond_ore":87,"minecraft:obsidian":7,"minecraft:granite":80,"minecraft:grass_block":447,"minecraft:soul_soil":9,"minecraft:spruce_leaves":96,"minecraft:moss_block":186,"minecraft:oxeye_daisy":1,"minecraft:rooted_dirt":1,"minecraft:redstone_ore":11,"minecraft:oak_trapdoor":1,"minecraft:glowstone":16,"minecraft:spruce_sapling":3,"minecraft:carrots":167,"minecraft:iron_ore":48,"minecraft:cobbled_deepslate":2,"minecraft:andesite":90,"minecraft:azure_bluet":1,"minecraft:potatoes":50,"minecraft:deepslate_iron_ore":115,"minecraft:cobblestone_slab":10,"immersive_weathering:loam":5,"minecraft:stone":433,"immersive_weathering:oak_leaf_pile":253,"minecraft:deepslate_redstone_ore":76,"minecraft:oak_slab":1,"minecraft:soul_sand":20,"minecraft:blackstone":12,"minecraft:crimson_nylium":16,"immersive_weathering:spruce_leaf_pile":60,"minecraft:dandelion":4,"minecraft:clay":64,"minecraft:torch":5,"minecraft:nether_quartz_ore":17,"minecraft:copper_ore":17,"minecraft:tall_grass":43,"minecraft:cobblestone":8,"minecraft:deepslate_coal_ore":124,"minecraft:deepslate_gold_ore":76,"minecraft:oak_planks":3,"minecraft:sculk":8,"minecraft:diorite":71,"minecraft:wall_torch":4,"minecraft:amethyst_block":12,"minecraft:deepslate_copper_ore":68,"minecraft:warped_nylium":16,"minecraft:mud":109,"minecraft:redstone_torch":1,"minecraft:wheat":162,"minecraft:spruce_log":22,"minecraft:grass":175,"minecraft:oak_log":222,"minecraft:coal_ore":46,"minecraft:dirt":20,"minecraft:ancient_debris":20,"minecraft:netherrack":14,"minecraft:gold_ore":18,"minecraft:deepslate_emerald_ore":65,"minecraft:oak_leaves":82,"minecraft:deepslate":71},"minecraft:custom":{"minecraft:mob_kills":8,"minecraft:interact_with_crafting_table":58,"minecraft:damage_dealt_resisted":3567,"minecraft:leave_game":9,"minecraft:time_since_death":424,"minecraft:sprint_one_cm":418732,"minecraft:walk_one_cm":1205745,"minecraft:damage_blocked_by_shield":420,"minecraft:drop":122,"minecraft:talked_to_villager":163,"minecraft:play_time":415861,"minecraft:sneak_time":63007,"minecraft:deaths":41,"minecraft:walk_under_water_one_cm":61813,"minecraft:boat_one_cm":72656,"minecraft:jump":1249,"minecraft:walk_on_water_one_cm":28043,"minecraft:total_world_time":415861,"minecraft:interact_with_furnace":50,"minecraft:traded_with_villager":10,"minecraft:time_since_rest":570,"minecraft:damage_taken":10539,"minecraft:damage_dealt":4463,"minecraft:swim_one_cm":1191,"minecraft:fly_one_cm":346771,"minecraft:open_chest":477,"minecraft:crouch_one_cm":188574,"minecraft:fall_one_cm":5967},"minecraft:crafted":{"minecraft:oak_planks":136,"minecraft:cobblestone_slab":72,"minecraft:stone_shovel":2,"the_silence:flashlightoff":1,"weather2:weather_item":1,"minecraft:furnace":2,"minecraft:pufferfish_bucket":2,"minecraft:bone_meal":225,"minecraft:potato":5,"minecraft:iron_axe":6,"minecraft:iron_hoe":3,"minecraft:stone_pickaxe":4,"minecraft:chest":2,"minecraft:cow_spawn_egg":1,"minecraft:oak_slab":6,"minecraft:wooden_shovel":1,"weather2:tornado_siren":1,"minecraft:diamond_axe":1,"minecraft:crafting_table":1,"weather2:tornado_sensor":1,"minecraft:wooden_pickaxe":1,"minecraft:baked_potato":16,"minecraft:copper_ingot":8,"minecraft:bucket":2,"minecraft:bone":75,"minecraft:stone_axe":3,"minecraft:glowstone":4,"minecraft:air":0,"minecraft:oak_boat":5,"minecraft:wooden_hoe":1,"minecraft:diamond_pickaxe":2,"minecraft:shield":2,"minecraft:stick":68,"minecraft:iron_ingot":136,"minecraft:iron_pickaxe":12,"minecraft:wooden_axe":1,"minecraft:stone_sword":1,"minecraft:iron_shovel":4,"minecraft:gold_ingot":2,"minecraft:torch":116,"minecraft:carrot":5},"minecraft:picked_up":{"minecraft:wooden_axe":1,"minecraft:mud":72,"minecraft:wheat":129,"minecraft:azure_bluet":1,"minecraft:clay_ball":188,"minecraft:brown_mushroom":4,"minecraft:shield":1,"minecraft:amethyst_block":12,"minecraft:string":11,"minecraft:oak_trapdoor":1,"minecraft:soul_soil":8,"minecraft:raw_copper":169,"minecraft:iron_axe":4,"minecraft:pufferfish":1,"minecraft:blackstone":12,"the_silence:flashlightoff":1,"minecraft:cobbled_deepslate":39,"minecraft:gold_nugget":42,"minecraft:spruce_planks":1,"minecraft:oak_boat":14,"minecraft:redstone_torch":1,"minecraft:cobblestone_slab":79,"minecraft:iron_pickaxe":3,"minecraft:sugar_cane":2,"minecraft:furnace":1,"minecraft:stick":92,"minecraft:raw_iron":130,"minecraft:copper_ingot":1,"minecraft:torch":19,"minecraft:diorite":44,"minecraft:carrot":560,"minecraft:redstone":212,"minecraft:golden_chestplate":1,"minecraft:stone_sword":2,"minecraft:stone_shovel":1,"minecraft:arrow":19,"minecraft:rotten_flesh":3,"minecraft:gold_ingot":17,"minecraft:obsidian":7,"minecraft:cobblestone":257,"minecraft:oxeye_daisy":1,"minecraft:stripped_oak_log":1,"minecraft:andesite":48,"minecraft:red_mushroom":2,"minecraft:potato":186,"minecraft:oak_log":279,"minecraft:ancient_debris":13,"minecraft:gunpowder":9,"minecraft:dirt":308,"boh:sirenphone":1,"minecraft:bone":18,"minecraft:apple":6,"minecraft:wheat_seeds":396,"minecraft:raw_gold":46,"minecraft:stone_pickaxe":2,"minecraft:rabbit_hide":6,"minecraft:iron_ingot":1,"minecraft:glowstone_dust":27,"minecraft:moss_block":119,"minecraft:oak_planks":22,"minecraft:soul_sand":16,"minecraft:oak_slab":2,"minecraft:quartz":12,"minecraft:dandelion":5,"minecraft:spruce_sapling":17,"minecraft:spruce_log":33,"minecraft:spider_eye":2,"minecraft:slime_ball":3,"minecraft:diamond":56,"minecraft:granite":47,"minecraft:emerald":39,"minecraft:rooted_dirt":1,"minecraft:oak_sapling":67,"minecraft:netherrack":31,"minecraft:coal":115},"minecraft:used":{"minecraft:oak_trapdoor":1,"minecraft:moss_block":2,"minecraft:iron_shovel":38,"minecraft:stone_shovel":96,"minecraft:chest":2,"minecraft:spruce_planks":7,"minecraft:shield":7,"minecraft:wooden_shovel":49,"minecraft:netherrack":51,"minecraft:torch":52,"minecraft:dirt":218,"minecraft:carrot":239,"minecraft:granite":41,"minecraft:iron_hoe":123,"minecraft:wooden_axe":134,"minecraft:iron_axe":420,"minecraft:glowstone":4,"minecraft:oak_sapling":34,"minecraft:furnace":2,"minecraft:potato":87,"minecraft:cobbled_deepslate":62,"minecraft:wheat_seeds":212,"minecraft:water_bucket":19,"minecraft:diorite":52,"minecraft:stone_pickaxe":321,"minecraft:oak_planks":28,"minecraft:wooden_pickaxe":59,"minecraft:sugar_cane":2,"minecraft:diamond_axe":44,"minecraft:cobblestone_slab":80,"minecraft:oak_slab":2,"minecraft:crafting_table":1,"minecraft:spruce_log":5,"minecraft:redstone_torch":1,"minecraft:mud":15,"minecraft:wooden_hoe":59,"minecraft:diamond_pickaxe":1204,"minecraft:apple":4,"minecraft:oxeye_daisy":1,"minecraft:iron_pickaxe":985,"minecraft:spruce_sapling":3,"minecraft:stone_axe":211,"minecraft:cobblestone":23,"minecraft:pufferfish_bucket":2,"weather2:tornado_siren":1,"minecraft:andesite":49,"minecraft:bucket":19,"minecraft:oak_boat":12,"minecraft:dandelion":4,"minecraft:bone_meal":153},"minecraft:broken":{"minecraft:wooden_pickaxe":1,"minecraft:stone_pickaxe":1,"minecraft:iron_axe":1,"minecraft:iron_pickaxe":2,"minecraft:wooden_hoe":1},"minecraft:killed":{"minecraft:spider":3,"minecraft:pufferfish":1,"minecraft:skeleton":1,"boh:rat":1,"minecraft:bat":1,"minecraft:creeper":1},"minecraft:dropped":{"minecraft:iron_ingot":1,"minecraft:oak_log":2,"minecraft:diamond":1,"minecraft:cobblestone":10,"minecraft:rooted_dirt":1,"minecraft:copper_ingot":1,"minecraft:emerald":1,"minecraft:dirt":18,"minecraft:wooden_axe":1,"minecraft:iron_axe":4,"minecraft:iron_pickaxe":5,"minecraft:iron_shovel":1,"minecraft:gold_ingot":1,"minecraft:furnace":1,"the_silence:flashlightoff":1,"minecraft:stone_sword":2,"minecraft:cobblestone_slab":66,"minecraft:shield":1,"minecraft:diamond_pickaxe":1,"minecraft:andesite":1,"minecraft:oak_boat":2,"minecraft:stone_pickaxe":4}},"DataVersion":3465}