{"stats":{"minecraft:mined":{"minecraft:oak_slab":1,"minecraft:mud":38,"minecraft:iron_ore":9,"immersive_weathering:spruce_leaf_pile":3,"minecraft:coal_ore":7,"minecraft:grass_block":185,"minecraft:oak_log":13,"immersive_weathering:loam":2,"minecraft:dirt":1,"minecraft:cobblestone":5,"minecraft:spruce_leaves":5,"minecraft:stone":97,"minecraft:moss_block":67,"minecraft:oak_leaves":1,"immersive_weathering:oak_leaf_pile":10},"minecraft:used":{"minecraft:moss_block":1,"minecraft:wooden_axe":46,"minecraft:stone_shovel":56,"minecraft:stone_pickaxe":256,"minecraft:wooden_pickaxe":59,"minecraft:spruce_sapling":1,"minecraft:cobblestone_slab":18,"minecraft:wooden_shovel":49,"minecraft:torch":9,"minecraft:stone_axe":108,"minecraft:dirt":26,"minecraft:cobblestone":14,"minecraft:oak_slab":2,"minecraft:crafting_table":1,"minecraft:furnace":1},"minecraft:killed_by":{"man:managgresive":1,"minecraft:player":1},"minecraft:broken":{"minecraft:wooden_pickaxe":1},"minecraft:custom":{"minecraft:sprint_one_cm":7772,"minecraft:time_since_rest":5205,"minecraft:interact_with_furnace":8,"minecraft:damage_taken":3278,"minecraft:walk_one_cm":109913,"minecraft:drop":36,"minecraft:damage_dealt":752,"minecraft:interact_with_crafting_table":13,"minecraft:talked_to_villager":23,"minecraft:fly_one_cm":8402,"minecraft:open_chest":41,"minecraft:crouch_one_cm":20779,"minecraft:play_time":48985,"minecraft:deaths":13,"minecraft:sneak_time":21450,"minecraft:jump":246,"minecraft:leave_game":1,"minecraft:time_since_death":5169,"minecraft:total_world_time":48985,"minecraft:fall_one_cm":269},"minecraft:picked_up":{"minecraft:wooden_axe":1,"minecraft:oak_slab":2,"minecraft:mud":25,"minecraft:raw_iron":37,"minecraft:torch":2,"minecraft:oak_log":33,"minecraft:spruce_sapling":2,"minecraft:spruce_log":1,"minecraft:dirt":86,"minecraft:stone_pickaxe":2,"minecraft:cobblestone_slab":5,"minecraft:moss_block":35,"minecraft:oak_planks":17,"minecraft:coal":21,"minecraft:cobblestone":74,"minecraft:stick":5},"minecraft:crafted":{"minecraft:oak_slab":6,"minecraft:oak_planks":40,"minecraft:cobblestone_slab":18,"minecraft:wooden_shovel":1,"minecraft:stone_shovel":2,"minecraft:crafting_table":1,"minecraft:stick":20,"minecraft:iron_ingot":5,"minecraft:wooden_pickaxe":1,"minecraft:stone_pickaxe":4,"minecraft:wooden_axe":1,"minecraft:furnace":1,"minecraft:torch":16,"minecraft:stone_axe":2,"minecraft:air":0},"minecraft:dropped":{"minecraft:dirt":18,"minecraft:cobblestone_slab":5,"minecraft:oak_log":2,"minecraft:wooden_axe":1,"minecraft:cobblestone":10,"minecraft:stone_pickaxe":4}},"DataVersion":3465}