{"stats":{"minecraft:used":{"minecraft:moss_block":30,"minecraft:wooden_axe":31,"minecraft:wooden_pickaxe":99,"minecraft:wooden_shovel":12,"minecraft:oak_door":3,"minecraft:dirt":27,"minecraft:crafting_table":3,"minecraft:oak_slab":21,"minecraft:oak_boat":2},"minecraft:crafted":{"minecraft:oak_door":3,"minecraft:oak_boat":2,"minecraft:oak_slab":18,"minecraft:oak_planks":80,"minecraft:raw_iron":7,"minecraft:wooden_shovel":3,"minecraft:crafting_table":2,"minecraft:stick":8,"minecraft:iron_ingot":5,"minecraft:wooden_pickaxe":2,"minecraft:wooden_axe":2,"minecraft:oak_button":1,"minecraft:water_bucket":1,"minecraft:bone_meal":3,"minecraft:air":0},"minecraft:picked_up":{"minecraft:mud":9,"minecraft:oak_slab":7,"minecraft:stick":2,"minecraft:crafting_table":1,"minecraft:oak_log":8,"minecraft:dirt":90,"minecraft:moss_block":46,"minecraft:oak_planks":3,"minecraft:cobblestone":8},"minecraft:custom":{"minecraft:interact_with_furnace":6,"minecraft:time_since_rest":21678,"minecraft:sprint_one_cm":7108,"minecraft:damage_taken":280,"minecraft:walk_one_cm":33979,"minecraft:drop":11,"minecraft:damage_dealt":42,"minecraft:traded_with_villager":3,"minecraft:interact_with_crafting_table":9,"minecraft:talked_to_villager":16,"minecraft:fly_one_cm":5162,"minecraft:open_chest":15,"minecraft:crouch_one_cm":14759,"minecraft:play_time":23266,"minecraft:deaths":1,"minecraft:sneak_time":8925,"minecraft:jump":45,"minecraft:leave_game":1,"minecraft:time_since_death":21645,"minecraft:total_world_time":23266},"minecraft:broken":{"minecraft:wooden_pickaxe":1},"minecraft:dropped":{"minecraft:oak_button":1,"minecraft:wooden_axe":1,"minecraft:wooden_shovel":2,"minecraft:cobblestone":7},"minecraft:mined":{"minecraft:oak_slab":6,"minecraft:mud":13,"minecraft:crafting_table":1,"minecraft:grass_block":50,"minecraft:dirt":1,"minecraft:spruce_leaves":1,"minecraft:stone":44,"minecraft:moss_block":31,"minecraft:oak_leaves":4}},"DataVersion":3465}