{"stats":{"minecraft:mined":{"minecraft:oak_slab":1,"minecraft:oak_sapling":1,"immersive_weathering:spruce_leaf_pile":16,"minecraft:clay":5,"minecraft:torch":1,"minecraft:granite":3,"minecraft:grass_block":211,"minecraft:cobblestone":6,"minecraft:spruce_leaves":8,"minecraft:moss_block":78,"minecraft:diorite":2,"minecraft:mud":45,"minecraft:iron_ore":10,"minecraft:spruce_log":6,"minecraft:andesite":8,"minecraft:oak_log":15,"minecraft:coal_ore":8,"minecraft:cobblestone_slab":5,"immersive_weathering:loam":2,"minecraft:dirt":10,"minecraft:stone":118,"minecraft:oak_leaves":8,"immersive_weathering:oak_leaf_pile":24},"minecraft:used":{"minecraft:moss_block":1,"minecraft:water_bucket":4,"minecraft:stone_shovel":85,"minecraft:stone_pickaxe":321,"minecraft:wooden_pickaxe":59,"minecraft:wooden_shovel":49,"minecraft:cobblestone_slab":76,"minecraft:torch":9,"minecraft:dirt":39,"minecraft:oak_slab":2,"minecraft:crafting_table":1,"minecraft:wooden_axe":46,"minecraft:iron_pickaxe":38,"minecraft:spruce_sapling":2,"minecraft:stone_axe":166,"minecraft:cobblestone":14,"minecraft:pufferfish_bucket":2,"minecraft:oak_sapling":6,"minecraft:furnace":1,"minecraft:bucket":4},"minecraft:killed_by":{"man:managgresive":1,"minecraft:player":1,"endofherobrine:villager":1},"minecraft:broken":{"minecraft:stone_pickaxe":1,"minecraft:wooden_pickaxe":1},"minecraft:killed":{"minecraft:pufferfish":1},"minecraft:custom":{"minecraft:interact_with_furnace":10,"minecraft:mob_kills":1,"minecraft:traded_with_villager":2,"minecraft:interact_with_crafting_table":18,"minecraft:leave_game":1,"minecraft:time_since_death":1222,"minecraft:time_since_rest":1256,"minecraft:sprint_one_cm":29150,"minecraft:walk_one_cm":184990,"minecraft:damage_taken":3848,"minecraft:drop":38,"minecraft:damage_dealt":808,"minecraft:talked_to_villager":32,"minecraft:fly_one_cm":16423,"minecraft:open_chest":70,"minecraft:crouch_one_cm":36200,"minecraft:play_time":72985,"minecraft:deaths":15,"minecraft:sneak_time":28319,"minecraft:walk_under_water_one_cm":4446,"minecraft:boat_one_cm":12915,"minecraft:jump":286,"minecraft:walk_on_water_one_cm":2296,"minecraft:total_world_time":72985,"minecraft:fall_one_cm":1025},"minecraft:picked_up":{"minecraft:wooden_axe":1,"minecraft:mud":32,"minecraft:clay_ball":16,"minecraft:andesite":8,"minecraft:oak_log":57,"minecraft:dirt":109,"minecraft:pufferfish":1,"minecraft:apple":1,"minecraft:stone_pickaxe":2,"minecraft:oak_boat":2,"minecraft:cobblestone_slab":9,"minecraft:moss_block":45,"minecraft:oak_planks":17,"minecraft:oak_slab":2,"minecraft:stick":28,"minecraft:raw_iron":49,"minecraft:torch":3,"minecraft:spruce_sapling":3,"minecraft:diorite":2,"minecraft:spruce_log":17,"minecraft:stone_shovel":1,"minecraft:granite":3,"minecraft:oak_sapling":18,"minecraft:coal":30,"minecraft:cobblestone":97},"minecraft:crafted":{"minecraft:oak_slab":6,"minecraft:oak_planks":40,"minecraft:wooden_shovel":1,"minecraft:cobblestone_slab":72,"minecraft:stone_shovel":2,"minecraft:crafting_table":1,"minecraft:wooden_pickaxe":1,"minecraft:furnace":1,"minecraft:pufferfish_bucket":2,"minecraft:stone_axe":2,"minecraft:air":0,"minecraft:stick":20,"minecraft:iron_ingot":30,"minecraft:iron_pickaxe":4,"minecraft:stone_pickaxe":4,"minecraft:wooden_axe":1,"minecraft:torch":16},"minecraft:dropped":{"minecraft:oak_log":2,"minecraft:cobblestone":10,"minecraft:dirt":18,"minecraft:cobblestone_slab":5,"minecraft:wooden_axe":1,"minecraft:stone_pickaxe":4,"minecraft:iron_pickaxe":2}},"DataVersion":3465}