{"stats":{"minecraft:crafted":{"minecraft:oak_door":6,"minecraft:oak_planks":504,"minecraft:raw_iron":7,"minecraft:stone_shovel":3,"minecraft:cobblestone_slab":282,"minecraft:cooked_chicken":24,"minecraft:bone_meal":3,"minecraft:potato":4,"minecraft:iron_axe":4,"minecraft:melon_seeds":9,"minecraft:iron_hoe":3,"minecraft:stone_pickaxe":4,"minecraft:chest":7,"minecraft:oak_button":1,"minecraft:water_bucket":1,"minecraft:stone_hoe":1,"minecraft:oak_fence":36,"minecraft:oak_slab":216,"minecraft:wooden_shovel":3,"minecraft:cauldron":1,"minecraft:diamond_axe":1,"minecraft:crafting_table":4,"minecraft:spruce_planks":84,"minecraft:wooden_pickaxe":2,"minecraft:baked_potato":104,"minecraft:wheat_seeds":6,"minecraft:lava_bucket":3,"minecraft:sheep_spawn_egg":3,"minecraft:stone_axe":2,"minecraft:air":0,"minecraft:egg":3,"minecraft:oak_fence_gate":1,"minecraft:oak_boat":9,"minecraft:diamond_pickaxe":3,"minecraft:shield":1,"minecraft:stick":116,"minecraft:gunpowder":28,"minecraft:oak_stairs":8,"minecraft:iron_ingot":22,"minecraft:iron_pickaxe":4,"minecraft:wooden_axe":2,"minecraft:iron_shovel":3,"minecraft:gold_ingot":1,"minecraft:white_bed":1,"minecraft:torch":100},"minecraft:custom":{"minecraft:mob_kills":5,"minecraft:animals_bred":7,"minecraft:interact_with_crafting_table":78,"minecraft:bell_ring":16,"minecraft:damage_dealt_resisted":5866,"minecraft:leave_game":3,"minecraft:time_since_death":82171,"minecraft:sprint_one_cm":427690,"minecraft:walk_one_cm":1162195,"minecraft:drop":61,"minecraft:talked_to_villager":201,"minecraft:raid_win":1,"minecraft:play_time":372885,"minecraft:sneak_time":61416,"minecraft:deaths":14,"minecraft:walk_under_water_one_cm":26353,"minecraft:boat_one_cm":175100,"minecraft:jump":907,"minecraft:walk_on_water_one_cm":4888,"minecraft:total_world_time":372885,"minecraft:interact_with_furnace":44,"minecraft:traded_with_villager":34,"minecraft:raid_trigger":2,"minecraft:sleep_in_bed":3,"minecraft:time_since_rest":19253,"minecraft:damage_taken":4646,"minecraft:damage_dealt":3523,"minecraft:fly_one_cm":389311,"minecraft:open_chest":301,"minecraft:crouch_one_cm":141886,"minecraft:fall_one_cm":9336},"minecraft:mined":{"minecraft:nether_gold_ore":8,"minecraft:attached_melon_stem":1,"minecraft:oak_sapling":6,"minecraft:farmland":2,"minecraft:mossy_cobblestone":14,"minecraft:deepslate_diamond_ore":34,"minecraft:oak_door":1,"minecraft:granite":27,"minecraft:grass_block":235,"minecraft:soul_soil":4,"minecraft:spruce_leaves":106,"minecraft:moss_block":223,"minecraft:rooted_dirt":1,"minecraft:mossy_cobblestone_slab":1,"minecraft:spruce_sapling":10,"minecraft:glowstone":6,"minecraft:furnace":2,"minecraft:iron_ore":8,"minecraft:fire":5,"immersive_weathering:charred_log":5,"minecraft:andesite":38,"immersive_weathering:charred_planks":2,"minecraft:potatoes":97,"minecraft:deepslate_iron_ore":57,"minecraft:cobblestone_slab":34,"minecraft:stone":240,"minecraft:redstone_wall_torch":1,"immersive_weathering:oak_leaf_pile":33,"minecraft:deepslate_redstone_ore":29,"minecraft:oak_slab":29,"minecraft:soul_sand":13,"minecraft:melon_stem":4,"minecraft:crimson_nylium":9,"immersive_weathering:spruce_leaf_pile":79,"minecraft:oak_fence":29,"minecraft:clay":28,"minecraft:crafting_table":3,"minecraft:torch":6,"minecraft:melon":39,"minecraft:chest":4,"minecraft:nether_quartz_ore":2,"minecraft:tall_grass":11,"minecraft:cobblestone":1055,"minecraft:deepslate_coal_ore":56,"minecraft:deepslate_gold_ore":42,"minecraft:oak_planks":42,"minecraft:diorite":29,"minecraft:wall_torch":1,"minecraft:deepslate_copper_ore":25,"minecraft:warped_nylium":9,"minecraft:mud":82,"minecraft:redstone_torch":4,"minecraft:wheat":47,"minecraft:spruce_log":105,"minecraft:grass":81,"minecraft:oak_log":42,"minecraft:coal_ore":3,"minecraft:oak_fence_gate":2,"minecraft:dirt":18,"minecraft:netherrack":11,"minecraft:ancient_debris":8,"minecraft:oak_leaves":144,"minecraft:deepslate_emerald_ore":42,"minecraft:deepslate":40},"minecraft:killed_by":{"man:managgresive":1,"endofherobrine:villager":1,"boh:light_head":6},"minecraft:broken":{"minecraft:wooden_pickaxe":1,"minecraft:stone_pickaxe":1,"minecraft:stone_axe":1,"minecraft:iron_pickaxe":2},"minecraft:killed":{"minecraft:spider":2,"endofherobrine:villager":2,"minecraft:pillager":1},"minecraft:used":{"minecraft:oak_fence":48,"minecraft:moss_block":38,"minecraft:iron_shovel":27,"minecraft:stone_shovel":114,"minecraft:chest":9,"minecraft:spruce_planks":16,"minecraft:cooked_chicken":8,"minecraft:wooden_shovel":27,"minecraft:stone_hoe":90,"minecraft:oak_door":7,"minecraft:torch":87,"minecraft:dirt":425,"minecraft:oak_fence_gate":3,"minecraft:iron_hoe":114,"minecraft:wooden_axe":43,"minecraft:lava_bucket":4,"minecraft:iron_axe":329,"minecraft:oak_stairs":4,"minecraft:melon_seeds":13,"minecraft:oak_sapling":22,"minecraft:furnace":2,"minecraft:egg":8,"minecraft:potato":185,"minecraft:wheat_seeds":109,"minecraft:water_bucket":24,"minecraft:stone_pickaxe":240,"minecraft:baked_potato":8,"minecraft:oak_planks":157,"minecraft:wooden_pickaxe":116,"minecraft:cauldron":1,"minecraft:cobblestone_slab":272,"minecraft:diamond_axe":24,"minecraft:oak_leaves":8,"minecraft:oak_slab":240,"minecraft:crafting_table":5,"minecraft:white_bed":1,"minecraft:shears":8,"minecraft:diamond_pickaxe":1322,"minecraft:melon_slice":34,"minecraft:iron_pickaxe":682,"minecraft:spruce_sapling":10,"minecraft:stone_axe":202,"minecraft:cobblestone":221,"minecraft:andesite":1,"minecraft:bucket":27,"minecraft:oak_boat":17,"minecraft:bone_meal":117},"minecraft:dropped":{"minecraft:stone_hoe":1,"minecraft:poisonous_potato":7,"minecraft:cobblestone":7,"minecraft:rooted_dirt":1,"minecraft:dirt":2,"minecraft:wooden_axe":1,"minecraft:melon_slice":16,"minecraft:spruce_sapling":9,"minecraft:stone_axe":1,"minecraft:cooked_chicken":10,"minecraft:stone_shovel":1,"minecraft:shield":1,"minecraft:oak_button":1,"minecraft:oak_sapling":8,"minecraft:wooden_shovel":2,"minecraft:stone_pickaxe":1},"minecraft:picked_up":{"minecraft:charcoal":6,"minecraft:mud":55,"minecraft:crafting_table":2,"minecraft:wheat":37,"minecraft:clay_ball":96,"minecraft:lead":2,"minecraft:shield":3,"minecraft:string":3,"minecraft:raw_copper":72,"minecraft:soul_soil":4,"minecraft:iron_axe":2,"minecraft:iron_shovel":2,"minecraft:gold_nugget":23,"minecraft:cobbled_deepslate":32,"minecraft:redstone_torch":4,"minecraft:oak_boat":11,"minecraft:cobblestone_slab":164,"minecraft:iron_pickaxe":2,"minecraft:melon_slice":234,"minecraft:chest":4,"minecraft:furnace":2,"minecraft:egg":5,"minecraft:stick":37,"minecraft:raw_iron":70,"minecraft:oak_door":2,"minecraft:oak_fence":29,"minecraft:torch":9,"minecraft:diorite":26,"minecraft:redstone":115,"minecraft:stone_shovel":1,"minecraft:white_wool":24,"minecraft:cobblestone":1088,"minecraft:mossy_cobblestone_slab":1,"minecraft:water_bucket":1,"minecraft:andesite":38,"minecraft:potato":348,"minecraft:oak_log":93,"minecraft:ancient_debris":10,"minecraft:dirt":278,"minecraft:apple":1,"minecraft:wheat_seeds":140,"minecraft:raw_gold":38,"minecraft:oak_fence_gate":2,"minecraft:iron_ingot":2,"minecraft:cooked_chicken":4,"minecraft:glowstone_dust":23,"minecraft:moss_block":128,"minecraft:stone_hoe":1,"minecraft:oak_planks":39,"minecraft:soul_sand":12,"minecraft:oak_slab":33,"minecraft:quartz":3,"minecraft:poisonous_potato":8,"minecraft:spruce_sapling":42,"minecraft:spruce_log":102,"minecraft:spider_eye":1,"minecraft:mossy_cobblestone":12,"minecraft:iron_hoe":1,"minecraft:slime_ball":2,"minecraft:diamond":29,"minecraft:stone_axe":1,"minecraft:granite":22,"minecraft:diamond_axe":1,"minecraft:bone_meal":57,"minecraft:emerald":29,"minecraft:rooted_dirt":1,"minecraft:baked_potato":3,"minecraft:oak_sapling":21,"minecraft:netherrack":21,"minecraft:melon_seeds":5,"minecraft:coal":67,"minecraft:oak_leaves":8}},"DataVersion":3465}