{"stats":{"minecraft:used":{"minecraft:oak_fence":28,"minecraft:moss_block":36,"minecraft:iron_shovel":9,"minecraft:stone_shovel":111,"minecraft:chest":7,"minecraft:spruce_planks":16,"minecraft:wooden_shovel":27,"minecraft:cooked_chicken":8,"minecraft:stone_hoe":90,"minecraft:oak_door":6,"minecraft:torch":15,"minecraft:dirt":288,"minecraft:oak_fence_gate":1,"minecraft:iron_hoe":37,"minecraft:wooden_axe":43,"minecraft:lava_bucket":3,"minecraft:iron_axe":239,"minecraft:oak_stairs":2,"minecraft:melon_seeds":10,"minecraft:furnace":2,"minecraft:oak_sapling":3,"minecraft:egg":8,"minecraft:potato":79,"minecraft:wheat_seeds":24,"minecraft:water_bucket":8,"minecraft:stone_pickaxe":240,"minecraft:baked_potato":1,"minecraft:oak_planks":91,"minecraft:wooden_pickaxe":116,"minecraft:cauldron":1,"minecraft:oak_slab":200,"minecraft:crafting_table":5,"minecraft:melon_slice":8,"minecraft:iron_pickaxe":157,"minecraft:spruce_sapling":10,"minecraft:stone_axe":202,"minecraft:cobblestone":55,"minecraft:bucket":8,"minecraft:oak_boat":11,"minecraft:bone_meal":68},"minecraft:crafted":{"minecraft:oak_door":6,"minecraft:oak_planks":364,"minecraft:raw_iron":7,"minecraft:stone_shovel":3,"minecraft:cooked_chicken":24,"minecraft:bone_meal":3,"minecraft:potato":4,"minecraft:iron_axe":2,"minecraft:melon_seeds":9,"minecraft:iron_hoe":2,"minecraft:stone_pickaxe":4,"minecraft:chest":5,"minecraft:oak_button":1,"minecraft:water_bucket":1,"minecraft:stone_hoe":1,"minecraft:oak_fence":33,"minecraft:oak_slab":192,"minecraft:wooden_shovel":3,"minecraft:cauldron":1,"minecraft:crafting_table":4,"minecraft:spruce_planks":84,"minecraft:baked_potato":7,"minecraft:wooden_pickaxe":2,"minecraft:wheat_seeds":6,"minecraft:lava_bucket":1,"minecraft:stone_axe":2,"minecraft:egg":3,"minecraft:air":0,"minecraft:oak_fence_gate":1,"minecraft:oak_boat":6,"minecraft:stick":60,"minecraft:gunpowder":7,"minecraft:iron_ingot":22,"minecraft:iron_pickaxe":2,"minecraft:wooden_axe":2,"minecraft:oak_stairs":4,"minecraft:iron_shovel":2,"minecraft:torch":12},"minecraft:custom":{"minecraft:mob_kills":1,"minecraft:interact_with_crafting_table":51,"minecraft:damage_dealt_resisted":5502,"minecraft:leave_game":1,"minecraft:time_since_death":18142,"minecraft:sprint_one_cm":138273,"minecraft:walk_one_cm":504686,"minecraft:drop":41,"minecraft:talked_to_villager":75,"minecraft:play_time":161266,"minecraft:deaths":4,"minecraft:sneak_time":44084,"minecraft:boat_one_cm":104607,"minecraft:jump":380,"minecraft:walk_on_water_one_cm":352,"minecraft:total_world_time":161266,"minecraft:interact_with_furnace":24,"minecraft:traded_with_villager":26,"minecraft:time_since_rest":18178,"minecraft:damage_taken":1556,"minecraft:damage_dealt":1930,"minecraft:fly_one_cm":110779,"minecraft:open_chest":116,"minecraft:crouch_one_cm":99488,"minecraft:fall_one_cm":2249},"minecraft:picked_up":{"minecraft:mud":28,"minecraft:crafting_table":2,"minecraft:wheat":7,"minecraft:clay_ball":40,"minecraft:string":1,"minecraft:raw_copper":14,"minecraft:iron_axe":1,"minecraft:cobbled_deepslate":3,"minecraft:oak_boat":5,"minecraft:iron_pickaxe":1,"minecraft:melon_slice":36,"minecraft:chest":4,"minecraft:furnace":2,"minecraft:egg":5,"minecraft:stick":32,"minecraft:raw_iron":36,"minecraft:oak_door":1,"minecraft:oak_fence":9,"minecraft:torch":4,"minecraft:diorite":5,"minecraft:redstone":10,"minecraft:stone_shovel":1,"minecraft:cobblestone":99,"minecraft:water_bucket":1,"minecraft:andesite":9,"minecraft:potato":97,"minecraft:oak_log":61,"minecraft:dirt":209,"minecraft:apple":1,"minecraft:wheat_seeds":30,"minecraft:raw_gold":10,"minecraft:iron_ingot":2,"minecraft:cooked_chicken":4,"minecraft:moss_block":104,"minecraft:oak_planks":28,"minecraft:stone_hoe":1,"minecraft:oak_slab":12,"minecraft:poisonous_potato":1,"minecraft:spruce_sapling":42,"minecraft:spruce_log":102,"minecraft:spider_eye":1,"minecraft:slime_ball":1,"minecraft:diamond":5,"minecraft:stone_axe":1,"minecraft:granite":6,"minecraft:bone_meal":57,"minecraft:emerald":2,"minecraft:rooted_dirt":1,"minecraft:oak_sapling":16,"minecraft:melon_seeds":1,"minecraft:coal":33},"minecraft:killed_by":{"man:managgresive":1,"endofherobrine:villager":1},"minecraft:broken":{"minecraft:wooden_pickaxe":1,"minecraft:stone_pickaxe":1,"minecraft:stone_axe":1},"minecraft:killed":{"minecraft:spider":1},"minecraft:dropped":{"minecraft:stone_hoe":1,"minecraft:cobblestone":7,"minecraft:rooted_dirt":1,"minecraft:dirt":2,"minecraft:wooden_axe":1,"minecraft:melon_slice":4,"minecraft:spruce_sapling":9,"minecraft:stone_axe":1,"minecraft:cooked_chicken":10,"minecraft:stone_shovel":1,"minecraft:oak_button":1,"minecraft:wooden_shovel":2,"minecraft:oak_sapling":8,"minecraft:stone_pickaxe":1},"minecraft:mined":{"minecraft:oak_sapling":5,"minecraft:farmland":2,"minecraft:deepslate_diamond_ore":3,"minecraft:oak_door":1,"minecraft:granite":3,"minecraft:grass_block":149,"minecraft:spruce_leaves":79,"minecraft:moss_block":190,"minecraft:rooted_dirt":1,"minecraft:spruce_sapling":10,"minecraft:furnace":2,"minecraft:iron_ore":8,"minecraft:andesite":7,"minecraft:potatoes":26,"minecraft:deepslate_iron_ore":6,"minecraft:stone":142,"immersive_weathering:oak_leaf_pile":32,"minecraft:deepslate_redstone_ore":3,"minecraft:oak_slab":8,"minecraft:melon_stem":2,"immersive_weathering:spruce_leaf_pile":79,"minecraft:oak_fence":9,"minecraft:clay":15,"minecraft:crafting_table":3,"minecraft:torch":3,"minecraft:melon":7,"minecraft:chest":4,"minecraft:tall_grass":11,"minecraft:cobblestone":47,"minecraft:deepslate_coal_ore":5,"minecraft:deepslate_gold_ore":7,"minecraft:oak_planks":32,"minecraft:diorite":5,"minecraft:wall_torch":1,"minecraft:deepslate_copper_ore":2,"minecraft:mud":51,"minecraft:wheat":7,"minecraft:spruce_log":105,"minecraft:grass":72,"minecraft:coal_ore":3,"minecraft:oak_log":16,"minecraft:dirt":14,"minecraft:deepslate_emerald_ore":3,"minecraft:oak_leaves":20,"minecraft:deepslate":3}},"DataVersion":3465}