{"stats":{"minecraft:used":{"minecraft:moss_block":4,"minecraft:cherry_sapling":10,"minecraft:iron_shovel":228,"minecraft:chest":20,"minecraft:shield":31,"minecraft:carrot":356,"minecraft:azure_bluet":1,"minecraft:lava_bucket":31,"minecraft:mossy_cobblestone_slab":9,"minecraft:oak_sapling":62,"minecraft:furnace":2,"minecraft:egg":44,"minecraft:potato":218,"minecraft:diorite":65,"minecraft:stone_pickaxe":321,"minecraft:oak_planks":209,"minecraft:wooden_pickaxe":59,"minecraft:composter":6,"minecraft:sugar_cane":17,"minecraft:diamond_axe":623,"minecraft:oak_leaves":13,"minecraft:white_wool":2,"minecraft:shears":16,"minecraft:redstone_torch":1,"minecraft:melon_slice":5,"minecraft:stone_button":1,"minecraft:diamond_sword":56,"minecraft:fire_charge":1,"minecraft:pufferfish_bucket":2,"weather2:tornado_siren":1,"minecraft:smithing_table":1,"minecraft:andesite":64,"minecraft:oak_boat":12,"minecraft:bone_meal":192,"minecraft:oak_fence":101,"minecraft:oak_trapdoor":5,"minecraft:stone_sword":11,"minecraft:stone_shovel":96,"minecraft:spruce_planks":16,"minecraft:wooden_shovel":49,"minecraft:netherrack":58,"minecraft:torch":322,"minecraft:dirt":674,"minecraft:granite":65,"minecraft:oak_fence_gate":8,"minecraft:iron_hoe":387,"minecraft:wooden_axe":134,"minecraft:iron_axe":450,"minecraft:melon_seeds":4,"minecraft:glowstone":4,"minecraft:cobbled_deepslate":89,"minecraft:wheat_seeds":441,"minecraft:water_bucket":67,"minecraft:baked_potato":27,"minecraft:sniffer_egg":3,"minecraft:cobblestone_slab":1711,"minecraft:mossy_cobblestone":5,"minecraft:oak_slab":122,"minecraft:crafting_table":8,"minecraft:white_bed":7,"minecraft:spruce_log":5,"minecraft:smoker":1,"minecraft:oak_log":2,"minecraft:mud":28,"minecraft:wooden_hoe":60,"minecraft:diamond_pickaxe":4015,"minecraft:apple":4,"minecraft:oxeye_daisy":1,"minecraft:diamond_shovel":80,"minecraft:iron_pickaxe":1044,"minecraft:spruce_sapling":3,"minecraft:stone_axe":211,"minecraft:cobblestone":811,"minecraft:bucket":93,"minecraft:dandelion":5,"the_silence:sad_satan":1},"minecraft:crafted":{"minecraft:oak_planks":1244,"minecraft:cobblestone_slab":1740,"weather2:weather_item":1,"minecraft:diamond_shovel":2,"minecraft:potato":5,"minecraft:cow_spawn_egg":1,"minecraft:chest":14,"minecraft:oak_fence":168,"minecraft:oak_slab":132,"minecraft:wooden_shovel":1,"minecraft:diamond_axe":9,"minecraft:crafting_table":5,"weather2:tornado_sensor":1,"minecraft:wooden_pickaxe":1,"minecraft:baked_potato":30,"minecraft:copper_ingot":8,"minecraft:wooden_hoe":2,"minecraft:diamond_pickaxe":9,"minecraft:shield":6,"minecraft:stick":564,"minecraft:iron_ingot":136,"minecraft:iron_pickaxe":12,"minecraft:stone_sword":1,"minecraft:gold_ingot":2,"minecraft:composter":1,"minecraft:shears":2,"minecraft:stone_shovel":2,"the_silence:flashlightoff":1,"minecraft:furnace":2,"minecraft:pufferfish_bucket":2,"minecraft:cherry_sapling":2,"minecraft:bone_meal":225,"minecraft:oak_trapdoor":4,"minecraft:iron_axe":6,"minecraft:iron_hoe":5,"minecraft:stone_pickaxe":4,"minecraft:diamond_sword":2,"weather2:tornado_siren":1,"minecraft:sniffer_egg":2,"minecraft:bone":75,"minecraft:bucket":4,"minecraft:stone_axe":3,"minecraft:glowstone":4,"minecraft:air":0,"minecraft:oak_fence_gate":10,"minecraft:oak_boat":5,"minecraft:wooden_axe":1,"minecraft:iron_shovel":5,"minecraft:white_bed":9,"minecraft:torch":724,"minecraft:carrot":5},"minecraft:dropped":{"minecraft:moss_block":1,"minecraft:diamond_axe":3,"minecraft:oak_log":2,"minecraft:diamond":1,"minecraft:rooted_dirt":1,"minecraft:emerald":1,"minecraft:dirt":20,"minecraft:iron_pickaxe":7,"minecraft:gold_ingot":1,"boh:sirenphone":1,"minecraft:cobbled_deepslate":1,"minecraft:white_bed":6,"minecraft:carrot":72,"minecraft:iron_ingot":1,"minecraft:cobblestone":267,"minecraft:granite":2,"minecraft:copper_ingot":1,"minecraft:mossy_cobblestone_slab":2,"minecraft:wooden_axe":1,"minecraft:iron_axe":4,"minecraft:iron_shovel":2,"minecraft:bucket":1,"minecraft:furnace":1,"minecraft:soul_soil":1,"minecraft:oak_trapdoor":12,"the_silence:flashlightoff":1,"minecraft:stone_sword":3,"minecraft:shears":1,"minecraft:diamond_sword":1,"minecraft:cobblestone_slab":231,"minecraft:shield":1,"minecraft:diamond_pickaxe":4,"minecraft:andesite":1,"minecraft:oak_boat":2,"minecraft:redstone_torch":1,"minecraft:stone_pickaxe":4},"minecraft:killed":{"minecraft:zombified_piglin":1,"minecraft:spider":13,"minecraft:pufferfish":1,"minecraft:skeleton":4,"boh:rat":5,"minecraft:creeper":7,"minecraft:pillager":1,"minecraft:zombie":3,"endofherobrine:chicken":1,"eyesinthedarkness:eyes":1,"minecraft:bat":1,"the_anomaly:anomaly_attack":1,"minecraft:enderman":1},"minecraft:killed_by":{"the_silence:the_silence_principal":3,"boh:siren_head":1,"minecraft:zombified_piglin":3,"the_anomaly:anomaly_attack_crawl":3,"minecraft:creeper":1,"cartoon_cat:cartoon_cat_chase":1,"sanitydim:rotting_stalker":1,"endofherobrine:chicken":1,"shut_your_eyes:agony":6,"man:managgresive":1,"sanitydim:sneaking_terror":1,"minecraft:player":4,"minecraft:spider":1,"minecraft:enderman":1,"endofherobrine:villager":1,"minecraft:skeleton":3,"autizmzrake:rake":3,"midnightlurker:midnight_lurker_unprovoked":4},"minecraft:picked_up":{"minecraft:wooden_axe":1,"minecraft:wheat":275,"minecraft:smithing_table":1,"minecraft:diamond_sword":3,"minecraft:amethyst_block":48,"minecraft:string":40,"minecraft:wayfinder_armor_trim_smithing_template":1,"minecraft:soul_soil":18,"minecraft:raw_copper":358,"minecraft:pufferfish":1,"minecraft:oak_sign":5,"minecraft:gold_nugget":92,"minecraft:cobbled_deepslate":149,"minecraft:bucket":6,"minecraft:spruce_planks":17,"minecraft:redstone_torch":4,"minecraft:cobblestone_slab":692,"minecraft:iron_pickaxe":11,"minecraft:melon_slice":25,"minecraft:furnace":1,"minecraft:stick":339,"minecraft:composter":5,"minecraft:oak_fence":77,"minecraft:torch":487,"minecraft:cherry_log":35,"minecraft:diorite":76,"minecraft:golden_chestplate":1,"minecraft:sniffer_egg":1,"minecraft:stone_sword":3,"minecraft:rotten_flesh":23,"minecraft:obsidian":52,"minecraft:cobblestone":2100,"minecraft:mossy_cobblestone_slab":13,"minecraft:feather":2,"minecraft:water_bucket":7,"minecraft:andesite":87,"minecraft:smoker":1,"minecraft:potato":460,"minecraft:dirt":1035,"minecraft:bone":28,"minecraft:bow":1,"minecraft:wheat_seeds":1035,"minecraft:raw_gold":110,"minecraft:glowstone_dust":67,"minecraft:moss_block":198,"minecraft:oak_planks":541,"minecraft:poisonous_potato":3,"minecraft:mossy_cobblestone":5,"minecraft:iron_hoe":4,"minecraft:diamond":98,"minecraft:granite":72,"minecraft:emerald":85,"minecraft:rooted_dirt":1,"minecraft:oak_sapling":115,"minecraft:netherrack":73,"minecraft:oak_leaves":24,"minecraft:diamond_pickaxe":16,"minecraft:mud":116,"minecraft:charcoal":2,"minecraft:crafting_table":4,"minecraft:azure_bluet":1,"minecraft:chicken":1,"minecraft:clay_ball":324,"minecraft:brown_mushroom":7,"minecraft:shield":3,"minecraft:oak_trapdoor":22,"minecraft:moss_carpet":3,"minecraft:iron_axe":6,"minecraft:iron_shovel":3,"the_silence:flashlightoff":1,"minecraft:blackstone":36,"minecraft:oak_boat":14,"minecraft:sugar_cane":56,"minecraft:chest":6,"minecraft:egg":45,"minecraft:raw_iron":176,"minecraft:copper_ingot":1,"minecraft:fire_charge":1,"the_silence:sad_satan":1,"minecraft:stone_button":1,"minecraft:carrot":816,"minecraft:redstone":522,"minecraft:prismarine_crystals":3,"minecraft:arrow":25,"minecraft:stone_shovel":1,"minecraft:shears":3,"minecraft:gold_ingot":20,"minecraft:white_wool":24,"minecraft:oxeye_daisy":1,"minecraft:stripped_oak_log":1,"minecraft:red_mushroom":3,"minecraft:crimson_fungus":2,"minecraft:oak_log":485,"minecraft:ancient_debris":42,"minecraft:golden_boots":1,"minecraft:gunpowder":71,"boh:sirenphone":3,"minecraft:apple":7,"minecraft:oak_fence_gate":2,"minecraft:iron_ingot":59,"minecraft:rabbit_hide":22,"minecraft:stone_pickaxe":2,"minecraft:soul_sand":32,"minecraft:flowering_azalea":1,"minecraft:oak_slab":13,"minecraft:quartz":27,"minecraft:dandelion":8,"minecraft:amethyst_shard":1,"minecraft:spruce_sapling":18,"minecraft:white_bed":3,"minecraft:spruce_log":33,"minecraft:spider_eye":5,"minecraft:diamond_shovel":8,"minecraft:slime_ball":16,"minecraft:cherry_sapling":9,"minecraft:diamond_axe":11,"minecraft:baked_potato":14,"minecraft:coal":170,"minecraft:ender_pearl":1},"minecraft:custom":{"minecraft:animals_bred":12,"minecraft:interact_with_crafting_table":146,"minecraft:leave_game":19,"minecraft:time_since_death":13434,"minecraft:sprint_one_cm":1450679,"minecraft:damage_blocked_by_shield":1838,"minecraft:drop":423,"minecraft:talked_to_villager":236,"minecraft:play_time":1131926,"minecraft:deaths":112,"minecraft:jump":4319,"minecraft:walk_on_water_one_cm":123905,"minecraft:interact_with_furnace":65,"minecraft:traded_with_villager":14,"minecraft:sleep_in_bed":13,"minecraft:damage_dealt":14966,"minecraft:player_kills":3,"minecraft:crouch_one_cm":685957,"minecraft:interact_with_smithing_table":1,"minecraft:mob_kills":42,"minecraft:damage_dealt_resisted":4929,"minecraft:walk_one_cm":3361106,"minecraft:sneak_time":188623,"minecraft:walk_under_water_one_cm":216410,"minecraft:boat_one_cm":75792,"minecraft:total_world_time":1131926,"minecraft:time_since_rest":8100,"minecraft:damage_taken":37453,"minecraft:swim_one_cm":12395,"minecraft:fly_one_cm":2039736,"minecraft:open_chest":1202,"minecraft:fall_one_cm":32151},"minecraft:mined":{"minecraft:spruce_planks":10,"minecraft:oak_sapling":2,"minecraft:farmland":12,"minecraft:cherry_log":47,"minecraft:obsidian":29,"minecraft:granite":96,"minecraft:grass_block":628,"minecraft:soul_soil":11,"minecraft:composter":5,"minecraft:oxeye_daisy":1,"minecraft:mossy_cobblestone_slab":12,"minecraft:glowstone":20,"minecraft:iron_ore":48,"minecraft:cobbled_deepslate":9,"minecraft:fire":6,"minecraft:moss_carpet":3,"immersive_weathering:charred_planks":1,"minecraft:azure_bluet":1,"immersive_weathering:loam":5,"immersive_weathering:oak_leaf_pile":382,"minecraft:deepslate_redstone_ore":109,"minecraft:blackstone":24,"minecraft:melon_stem":1,"minecraft:crimson_nylium":23,"immersive_weathering:spruce_leaf_pile":60,"minecraft:clay":72,"minecraft:torch":27,"minecraft:melon":5,"minecraft:chest":6,"minecraft:nether_quartz_ore":27,"minecraft:cobblestone":1782,"minecraft:sugar_cane":8,"minecraft:oak_planks":56,"minecraft:wall_torch":6,"minecraft:sniffer_egg":1,"minecraft:amethyst_block":40,"minecraft:deepslate_copper_ore":96,"minecraft:warped_nylium":25,"minecraft:mud":126,"minecraft:wheat":314,"minecraft:grass":182,"minecraft:oak_log":388,"minecraft:oak_fence_gate":2,"minecraft:dirt":128,"minecraft:netherrack":37,"minecraft:ancient_debris":32,"minecraft:oak_leaves":139,"minecraft:deepslate":101,"minecraft:nether_gold_ore":22,"minecraft:mossy_cobblestone":7,"minecraft:deepslate_diamond_ore":115,"minecraft:cherry_sapling":1,"minecraft:sea_lantern":1,"minecraft:stone_button":1,"minecraft:spruce_leaves":110,"minecraft:moss_block":237,"minecraft:rooted_dirt":1,"minecraft:redstone_ore":11,"minecraft:oak_trapdoor":3,"minecraft:spruce_sapling":3,"minecraft:carrots":237,"immersive_weathering:charred_log":1,"minecraft:andesite":113,"minecraft:potatoes":125,"minecraft:deepslate_iron_ore":154,"minecraft:cobblestone_slab":332,"minecraft:stone":513,"minecraft:white_wool":2,"minecraft:smithing_table":1,"minecraft:oak_slab":5,"minecraft:soul_sand":27,"minecraft:dandelion":5,"minecraft:oak_fence":16,"minecraft:crafting_table":4,"immersive_weathering:soot":1,"minecraft:tall_grass":45,"minecraft:copper_ore":17,"minecraft:deepslate_coal_ore":164,"minecraft:deepslate_gold_ore":106,"endofherobrine:mossy_stone_bricks":4,"minecraft:sculk":22,"minecraft:diorite":90,"immersive_weathering:cherry_leaf_pile":85,"minecraft:redstone_torch":1,"minecraft:spruce_log":22,"minecraft:coal_ore":46,"minecraft:cracked_stone_bricks":2,"minecraft:gold_ore":18,"minecraft:deepslate_emerald_ore":97},"minecraft:broken":{"minecraft:iron_shovel":1,"minecraft:stone_pickaxe":1,"minecraft:wooden_pickaxe":1,"minecraft:iron_axe":1,"minecraft:iron_pickaxe":2,"minecraft:wooden_hoe":1}},"DataVersion":3465}