{"stats":{"minecraft:killed_by":{"the_silence:the_silence_principal":1,"minecraft:player":1,"minecraft:zombified_piglin":2,"minecraft:creeper":1,"minecraft:spider":1,"minecraft:enderman":1,"shut_your_eyes:agony":3,"man:managgresive":1,"sanitydim:sneaking_terror":1,"endofherobrine:villager":1,"minecraft:skeleton":2,"autizmzrake:rake":3,"midnightlurker:midnight_lurker_unprovoked":2},"minecraft:mined":{"minecraft:nether_gold_ore":21,"minecraft:spruce_planks":10,"minecraft:oak_sapling":2,"minecraft:farmland":2,"minecraft:deepslate_diamond_ore":101,"minecraft:sea_lantern":1,"minecraft:obsidian":18,"minecraft:granite":87,"minecraft:grass_block":466,"minecraft:soul_soil":10,"minecraft:spruce_leaves":105,"minecraft:composter":5,"minecraft:moss_block":191,"minecraft:oxeye_daisy":1,"minecraft:rooted_dirt":1,"minecraft:redstone_ore":11,"minecraft:oak_trapdoor":1,"minecraft:glowstone":17,"minecraft:spruce_sapling":3,"minecraft:carrots":169,"minecraft:iron_ore":48,"minecraft:fire":1,"minecraft:cobbled_deepslate":4,"minecraft:andesite":106,"minecraft:azure_bluet":1,"minecraft:potatoes":59,"minecraft:deepslate_iron_ore":137,"minecraft:cobblestone_slab":29,"immersive_weathering:loam":5,"minecraft:stone":478,"immersive_weathering:oak_leaf_pile":378,"minecraft:smithing_table":1,"minecraft:deepslate_redstone_ore":95,"minecraft:oak_slab":5,"minecraft:soul_sand":24,"minecraft:blackstone":17,"minecraft:crimson_nylium":20,"immersive_weathering:spruce_leaf_pile":60,"minecraft:dandelion":5,"minecraft:clay":66,"minecraft:torch":8,"minecraft:nether_quartz_ore":20,"minecraft:copper_ore":17,"minecraft:tall_grass":43,"minecraft:cobblestone":203,"minecraft:deepslate_coal_ore":148,"minecraft:deepslate_gold_ore":95,"endofherobrine:mossy_stone_bricks":4,"minecraft:oak_planks":12,"minecraft:sculk":13,"minecraft:diorite":77,"minecraft:wall_torch":4,"minecraft:amethyst_block":25,"minecraft:deepslate_copper_ore":87,"minecraft:warped_nylium":21,"minecraft:mud":114,"minecraft:redstone_torch":1,"minecraft:wheat":162,"minecraft:spruce_log":22,"minecraft:grass":175,"minecraft:oak_log":373,"minecraft:coal_ore":46,"minecraft:dirt":20,"minecraft:cracked_stone_bricks":2,"minecraft:ancient_debris":28,"minecraft:netherrack":34,"minecraft:gold_ore":18,"minecraft:deepslate_emerald_ore":89,"minecraft:oak_leaves":104,"minecraft:deepslate":89},"minecraft:custom":{"minecraft:mob_kills":36,"minecraft:animals_bred":1,"minecraft:interact_with_crafting_table":84,"minecraft:damage_dealt_resisted":3583,"minecraft:leave_game":11,"minecraft:time_since_death":6374,"minecraft:sprint_one_cm":683108,"minecraft:walk_one_cm":1776556,"minecraft:damage_blocked_by_shield":585,"minecraft:drop":251,"minecraft:talked_to_villager":205,"minecraft:play_time":636378,"minecraft:sneak_time":102453,"minecraft:deaths":61,"minecraft:walk_under_water_one_cm":100198,"minecraft:boat_one_cm":75792,"minecraft:jump":1818,"minecraft:walk_on_water_one_cm":47810,"minecraft:total_world_time":636378,"minecraft:interact_with_furnace":58,"minecraft:traded_with_villager":10,"minecraft:time_since_rest":6409,"minecraft:damage_taken":20661,"minecraft:damage_dealt":9095,"minecraft:swim_one_cm":1191,"minecraft:fly_one_cm":427721,"minecraft:open_chest":688,"minecraft:crouch_one_cm":370945,"minecraft:fall_one_cm":9551,"minecraft:interact_with_smithing_table":1},"minecraft:crafted":{"minecraft:oak_planks":600,"minecraft:cobblestone_slab":216,"minecraft:stone_shovel":2,"the_silence:flashlightoff":1,"weather2:weather_item":1,"minecraft:furnace":2,"minecraft:pufferfish_bucket":2,"minecraft:bone_meal":225,"minecraft:potato":5,"minecraft:oak_trapdoor":2,"minecraft:iron_axe":6,"minecraft:iron_hoe":3,"minecraft:stone_pickaxe":4,"minecraft:chest":4,"minecraft:cow_spawn_egg":1,"minecraft:oak_slab":132,"minecraft:diamond_sword":2,"minecraft:wooden_shovel":1,"weather2:tornado_siren":1,"minecraft:diamond_axe":3,"minecraft:crafting_table":2,"weather2:tornado_sensor":1,"minecraft:wooden_pickaxe":1,"minecraft:baked_potato":30,"minecraft:copper_ingot":8,"minecraft:bucket":3,"minecraft:bone":75,"minecraft:stone_axe":3,"minecraft:glowstone":4,"minecraft:air":0,"minecraft:oak_boat":5,"minecraft:wooden_hoe":1,"minecraft:diamond_pickaxe":4,"minecraft:shield":5,"minecraft:stick":156,"minecraft:iron_ingot":136,"minecraft:iron_pickaxe":12,"minecraft:wooden_axe":1,"minecraft:stone_sword":1,"minecraft:iron_shovel":4,"minecraft:gold_ingot":2,"minecraft:composter":1,"minecraft:torch":312,"minecraft:carrot":5},"minecraft:picked_up":{"minecraft:wooden_axe":1,"minecraft:mud":88,"minecraft:wheat":134,"minecraft:azure_bluet":1,"minecraft:smithing_table":1,"minecraft:diamond_sword":1,"minecraft:clay_ball":288,"minecraft:brown_mushroom":7,"minecraft:shield":2,"minecraft:amethyst_block":25,"minecraft:string":34,"minecraft:oak_trapdoor":4,"minecraft:wayfinder_armor_trim_smithing_template":1,"minecraft:soul_soil":15,"minecraft:raw_copper":234,"minecraft:iron_axe":6,"minecraft:pufferfish":1,"minecraft:blackstone":24,"the_silence:flashlightoff":1,"minecraft:oak_sign":5,"minecraft:cobbled_deepslate":127,"minecraft:gold_nugget":71,"minecraft:bucket":2,"minecraft:spruce_planks":17,"minecraft:oak_boat":14,"minecraft:redstone_torch":2,"minecraft:cobblestone_slab":159,"minecraft:iron_pickaxe":10,"minecraft:sugar_cane":46,"minecraft:egg":1,"minecraft:furnace":1,"minecraft:stick":127,"minecraft:raw_iron":151,"minecraft:composter":5,"minecraft:copper_ingot":1,"minecraft:torch":58,"minecraft:diorite":50,"minecraft:carrot":580,"minecraft:redstone":371,"minecraft:prismarine_crystals":3,"minecraft:golden_chestplate":1,"minecraft:stone_sword":3,"minecraft:stone_shovel":1,"minecraft:arrow":23,"minecraft:rotten_flesh":18,"minecraft:gold_ingot":19,"minecraft:obsidian":30,"minecraft:cobblestone":625,"minecraft:oxeye_daisy":1,"minecraft:stripped_oak_log":1,"minecraft:water_bucket":1,"minecraft:andesite":70,"minecraft:red_mushroom":3,"minecraft:potato":224,"minecraft:crimson_fungus":2,"minecraft:oak_log":455,"minecraft:ancient_debris":31,"minecraft:golden_boots":1,"minecraft:gunpowder":46,"minecraft:dirt":373,"boh:sirenphone":2,"minecraft:bone":26,"minecraft:apple":7,"minecraft:bow":1,"minecraft:wheat_seeds":410,"minecraft:raw_gold":92,"minecraft:stone_pickaxe":2,"minecraft:rabbit_hide":18,"minecraft:iron_ingot":1,"minecraft:glowstone_dust":49,"minecraft:moss_block":155,"minecraft:oak_planks":280,"minecraft:soul_sand":26,"minecraft:oak_slab":13,"minecraft:quartz":16,"minecraft:dandelion":8,"minecraft:amethyst_shard":1,"minecraft:spruce_sapling":18,"minecraft:spruce_log":33,"minecraft:spider_eye":5,"minecraft:mossy_cobblestone":1,"minecraft:diamond_shovel":3,"minecraft:slime_ball":16,"minecraft:diamond":72,"minecraft:diamond_axe":1,"minecraft:granite":55,"minecraft:baked_potato":4,"minecraft:emerald":71,"minecraft:rooted_dirt":1,"minecraft:oak_sapling":112,"minecraft:netherrack":52,"minecraft:coal":144,"minecraft:diamond_pickaxe":1,"minecraft:ender_pearl":1},"minecraft:used":{"minecraft:oak_trapdoor":3,"minecraft:moss_block":2,"minecraft:stone_sword":11,"minecraft:iron_shovel":38,"minecraft:stone_shovel":96,"minecraft:chest":4,"minecraft:spruce_planks":16,"minecraft:shield":9,"minecraft:wooden_shovel":49,"minecraft:netherrack":58,"minecraft:torch":85,"minecraft:dirt":236,"minecraft:carrot":241,"minecraft:granite":56,"minecraft:azure_bluet":1,"minecraft:iron_hoe":123,"minecraft:wooden_axe":134,"minecraft:lava_bucket":3,"minecraft:iron_axe":450,"minecraft:glowstone":4,"minecraft:oak_sapling":62,"minecraft:furnace":2,"minecraft:egg":1,"minecraft:potato":118,"minecraft:cobbled_deepslate":81,"minecraft:wheat_seeds":212,"minecraft:water_bucket":25,"minecraft:diorite":65,"minecraft:baked_potato":22,"minecraft:stone_pickaxe":321,"minecraft:oak_planks":162,"minecraft:wooden_pickaxe":59,"minecraft:composter":6,"minecraft:sugar_cane":2,"minecraft:diamond_axe":361,"minecraft:cobblestone_slab":199,"minecraft:mossy_cobblestone":1,"minecraft:oak_slab":122,"minecraft:crafting_table":2,"minecraft:spruce_log":5,"minecraft:redstone_torch":1,"minecraft:mud":28,"minecraft:wooden_hoe":59,"minecraft:diamond_pickaxe":1742,"minecraft:apple":4,"minecraft:oxeye_daisy":1,"minecraft:iron_pickaxe":1044,"minecraft:spruce_sapling":3,"minecraft:stone_axe":211,"minecraft:diamond_sword":39,"minecraft:cobblestone":320,"minecraft:pufferfish_bucket":2,"minecraft:smithing_table":1,"weather2:tornado_siren":1,"minecraft:andesite":64,"minecraft:bucket":29,"minecraft:oak_boat":12,"minecraft:dandelion":5,"minecraft:bone_meal":153},"minecraft:broken":{"minecraft:wooden_pickaxe":1,"minecraft:stone_pickaxe":1,"minecraft:iron_axe":1,"minecraft:iron_pickaxe":2,"minecraft:wooden_hoe":1},"minecraft:killed":{"minecraft:spider":13,"minecraft:pufferfish":1,"eyesinthedarkness:eyes":1,"minecraft:skeleton":3,"boh:rat":5,"minecraft:bat":1,"minecraft:creeper":6,"minecraft:zombie":3,"minecraft:enderman":1},"minecraft:dropped":{"minecraft:iron_ingot":1,"minecraft:diamond_axe":2,"minecraft:oak_log":2,"minecraft:diamond":1,"minecraft:cobblestone":61,"minecraft:rooted_dirt":1,"minecraft:copper_ingot":1,"minecraft:emerald":1,"minecraft:dirt":18,"minecraft:wooden_axe":1,"minecraft:iron_axe":4,"minecraft:iron_pickaxe":6,"minecraft:iron_shovel":1,"minecraft:gold_ingot":1,"boh:sirenphone":1,"minecraft:furnace":1,"the_silence:flashlightoff":1,"minecraft:stone_sword":3,"minecraft:carrot":72,"minecraft:cobblestone_slab":66,"minecraft:shield":1,"minecraft:diamond_pickaxe":2,"minecraft:andesite":1,"minecraft:oak_boat":2,"minecraft:stone_pickaxe":4}},"DataVersion":3465}