{"stats":{"minecraft:mined":{"minecraft:nether_gold_ore":1,"minecraft:spruce_planks":3,"minecraft:oak_sapling":2,"minecraft:farmland":1,"minecraft:deepslate_diamond_ore":25,"minecraft:granite":50,"minecraft:grass_block":304,"minecraft:spruce_leaves":50,"minecraft:moss_block":132,"minecraft:oxeye_daisy":1,"minecraft:rooted_dirt":1,"minecraft:redstone_ore":11,"minecraft:spruce_sapling":3,"minecraft:iron_ore":48,"minecraft:andesite":52,"minecraft:deepslate_iron_ore":44,"minecraft:cobblestone_slab":8,"immersive_weathering:loam":5,"minecraft:stone":284,"immersive_weathering:oak_leaf_pile":135,"minecraft:deepslate_redstone_ore":30,"minecraft:oak_slab":1,"minecraft:soul_sand":1,"minecraft:crimson_nylium":1,"immersive_weathering:spruce_leaf_pile":60,"minecraft:clay":32,"minecraft:torch":1,"minecraft:nether_quartz_ore":2,"minecraft:copper_ore":17,"minecraft:tall_grass":43,"minecraft:cobblestone":6,"minecraft:deepslate_coal_ore":46,"minecraft:deepslate_gold_ore":19,"minecraft:oak_planks":1,"minecraft:diorite":38,"minecraft:wall_torch":2,"minecraft:deepslate_copper_ore":24,"minecraft:mud":67,"minecraft:wheat":18,"minecraft:spruce_log":22,"minecraft:grass":174,"minecraft:coal_ore":46,"minecraft:oak_log":94,"minecraft:dirt":16,"minecraft:gold_ore":18,"minecraft:oak_leaves":33,"minecraft:deepslate_emerald_ore":23,"minecraft:deepslate":27},"minecraft:used":{"minecraft:moss_block":2,"minecraft:stone_shovel":96,"minecraft:wooden_shovel":49,"minecraft:torch":10,"minecraft:dirt":179,"minecraft:iron_hoe":2,"minecraft:wooden_axe":134,"minecraft:iron_axe":145,"minecraft:furnace":1,"minecraft:oak_sapling":21,"minecraft:wheat_seeds":66,"minecraft:water_bucket":15,"minecraft:stone_pickaxe":321,"minecraft:oak_planks":3,"minecraft:wooden_pickaxe":59,"minecraft:cobblestone_slab":79,"minecraft:oak_slab":2,"minecraft:crafting_table":1,"minecraft:spruce_log":5,"minecraft:wooden_hoe":59,"minecraft:apple":4,"minecraft:iron_pickaxe":970,"minecraft:spruce_sapling":3,"minecraft:stone_axe":211,"minecraft:cobblestone":23,"minecraft:pufferfish_bucket":2,"weather2:tornado_siren":1,"minecraft:bucket":15,"minecraft:oak_boat":6,"minecraft:bone_meal":66},"minecraft:killed_by":{"minecraft:player":1,"man:managgresive":1,"endofherobrine:villager":1},"minecraft:broken":{"minecraft:wooden_pickaxe":1,"minecraft:stone_pickaxe":1,"minecraft:iron_axe":1,"minecraft:iron_pickaxe":2,"minecraft:wooden_hoe":1},"minecraft:killed":{"minecraft:pufferfish":1,"minecraft:bat":1},"minecraft:custom":{"minecraft:mob_kills":2,"minecraft:interact_with_crafting_table":45,"minecraft:leave_game":1,"minecraft:time_since_death":2614,"minecraft:sprint_one_cm":157057,"minecraft:walk_one_cm":534266,"minecraft:drop":109,"minecraft:talked_to_villager":97,"minecraft:play_time":186985,"minecraft:deaths":24,"minecraft:sneak_time":38424,"minecraft:walk_under_water_one_cm":13619,"minecraft:boat_one_cm":14434,"minecraft:jump":583,"minecraft:walk_on_water_one_cm":9870,"minecraft:total_world_time":186985,"minecraft:interact_with_furnace":41,"minecraft:traded_with_villager":8,"minecraft:time_since_rest":2640,"minecraft:damage_taken":6113,"minecraft:damage_dealt":1186,"minecraft:swim_one_cm":416,"minecraft:fly_one_cm":248227,"minecraft:open_chest":232,"minecraft:crouch_one_cm":71558,"minecraft:fall_one_cm":3600},"minecraft:picked_up":{"minecraft:wooden_axe":1,"minecraft:mud":46,"minecraft:wheat":18,"minecraft:clay_ball":76,"minecraft:raw_copper":48,"minecraft:iron_axe":1,"minecraft:pufferfish":1,"the_silence:flashlightoff":1,"minecraft:gold_nugget":2,"minecraft:cobbled_deepslate":5,"minecraft:oak_boat":7,"minecraft:cobblestone_slab":76,"minecraft:iron_pickaxe":2,"minecraft:furnace":1,"minecraft:stick":55,"minecraft:raw_iron":79,"minecraft:torch":4,"minecraft:diorite":17,"minecraft:redstone":44,"minecraft:stone_shovel":1,"minecraft:gold_ingot":16,"minecraft:cobblestone":152,"minecraft:oxeye_daisy":1,"minecraft:stripped_oak_log":1,"minecraft:andesite":22,"minecraft:oak_log":148,"minecraft:dirt":167,"minecraft:apple":2,"minecraft:wheat_seeds":66,"minecraft:raw_gold":7,"minecraft:stone_pickaxe":2,"minecraft:moss_block":78,"minecraft:oak_planks":20,"minecraft:oak_slab":2,"minecraft:spruce_sapling":17,"minecraft:spruce_log":33,"minecraft:diamond":9,"minecraft:granite":23,"minecraft:emerald":12,"minecraft:rooted_dirt":1,"minecraft:oak_sapling":46,"minecraft:coal":56},"minecraft:crafted":{"minecraft:oak_planks":96,"minecraft:cobblestone_slab":72,"minecraft:stone_shovel":2,"the_silence:flashlightoff":1,"weather2:weather_item":1,"minecraft:furnace":1,"minecraft:pufferfish_bucket":2,"minecraft:bone_meal":225,"minecraft:iron_axe":6,"minecraft:iron_hoe":3,"minecraft:stone_pickaxe":4,"minecraft:cow_spawn_egg":1,"minecraft:oak_slab":6,"minecraft:wooden_shovel":1,"weather2:tornado_siren":1,"minecraft:crafting_table":1,"weather2:tornado_sensor":1,"minecraft:wooden_pickaxe":1,"minecraft:copper_ingot":8,"minecraft:bucket":1,"minecraft:bone":75,"minecraft:stone_axe":3,"minecraft:air":0,"minecraft:oak_boat":5,"minecraft:wooden_hoe":1,"minecraft:stick":60,"minecraft:iron_ingot":101,"minecraft:iron_pickaxe":12,"minecraft:wooden_axe":1,"minecraft:iron_shovel":4,"minecraft:gold_ingot":2,"minecraft:torch":16},"minecraft:dropped":{"minecraft:oak_log":2,"minecraft:cobblestone":10,"minecraft:rooted_dirt":1,"minecraft:dirt":18,"minecraft:wooden_axe":1,"minecraft:iron_axe":2,"minecraft:iron_pickaxe":4,"minecraft:iron_shovel":1,"minecraft:furnace":1,"the_silence:flashlightoff":1,"minecraft:cobblestone_slab":66,"minecraft:oak_boat":2,"minecraft:stone_pickaxe":4}},"DataVersion":3465}