{"stats":{"minecraft:killed_by":{"minecraft:player":1,"minecraft:spider":1,"minecraft:enderman":1,"man:managgresive":1,"sanitydim:sneaking_terror":1,"endofherobrine:villager":1,"minecraft:skeleton":1,"autizmzrake:rake":3,"midnightlurker:midnight_lurker_unprovoked":1},"minecraft:mined":{"minecraft:nether_gold_ore":15,"minecraft:spruce_planks":10,"minecraft:oak_sapling":2,"minecraft:farmland":2,"minecraft:deepslate_diamond_ore":87,"minecraft:sea_lantern":1,"minecraft:obsidian":7,"minecraft:granite":80,"minecraft:grass_block":447,"minecraft:soul_soil":9,"minecraft:spruce_leaves":96,"minecraft:moss_block":186,"minecraft:oxeye_daisy":1,"minecraft:rooted_dirt":1,"minecraft:redstone_ore":11,"minecraft:oak_trapdoor":1,"minecraft:glowstone":16,"minecraft:spruce_sapling":3,"minecraft:carrots":169,"minecraft:iron_ore":48,"minecraft:fire":1,"minecraft:cobbled_deepslate":4,"minecraft:andesite":90,"minecraft:azure_bluet":1,"minecraft:potatoes":59,"minecraft:deepslate_iron_ore":115,"minecraft:cobblestone_slab":26,"immersive_weathering:loam":5,"minecraft:stone":433,"immersive_weathering:oak_leaf_pile":373,"minecraft:deepslate_redstone_ore":76,"minecraft:oak_slab":4,"minecraft:soul_sand":20,"minecraft:blackstone":12,"minecraft:crimson_nylium":16,"immersive_weathering:spruce_leaf_pile":60,"minecraft:dandelion":5,"minecraft:clay":64,"minecraft:torch":8,"minecraft:nether_quartz_ore":17,"minecraft:copper_ore":17,"minecraft:tall_grass":43,"minecraft:cobblestone":186,"minecraft:deepslate_coal_ore":124,"minecraft:deepslate_gold_ore":76,"endofherobrine:mossy_stone_bricks":4,"minecraft:oak_planks":11,"minecraft:sculk":8,"minecraft:diorite":71,"minecraft:wall_torch":4,"minecraft:amethyst_block":12,"minecraft:deepslate_copper_ore":68,"minecraft:warped_nylium":16,"minecraft:mud":109,"minecraft:redstone_torch":1,"minecraft:wheat":162,"minecraft:spruce_log":22,"minecraft:grass":175,"minecraft:oak_log":307,"minecraft:coal_ore":46,"minecraft:dirt":20,"minecraft:cracked_stone_bricks":2,"minecraft:ancient_debris":20,"minecraft:netherrack":26,"minecraft:gold_ore":18,"minecraft:deepslate_emerald_ore":65,"minecraft:oak_leaves":101,"minecraft:deepslate":71},"minecraft:custom":{"minecraft:mob_kills":26,"minecraft:interact_with_crafting_table":73,"minecraft:damage_dealt_resisted":3567,"minecraft:leave_game":11,"minecraft:time_since_death":23842,"minecraft:sprint_one_cm":574274,"minecraft:walk_one_cm":1525340,"minecraft:damage_blocked_by_shield":585,"minecraft:drop":176,"minecraft:talked_to_villager":182,"minecraft:play_time":552378,"minecraft:sneak_time":85793,"minecraft:deaths":48,"minecraft:walk_under_water_one_cm":79425,"minecraft:boat_one_cm":72656,"minecraft:jump":1577,"minecraft:walk_on_water_one_cm":40434,"minecraft:total_world_time":552378,"minecraft:interact_with_furnace":55,"minecraft:traded_with_villager":10,"minecraft:time_since_rest":23866,"minecraft:damage_taken":13351,"minecraft:damage_dealt":7442,"minecraft:swim_one_cm":1191,"minecraft:fly_one_cm":397083,"minecraft:open_chest":606,"minecraft:crouch_one_cm":299215,"minecraft:fall_one_cm":7656},"minecraft:crafted":{"minecraft:oak_planks":472,"minecraft:cobblestone_slab":198,"minecraft:stone_shovel":2,"the_silence:flashlightoff":1,"weather2:weather_item":1,"minecraft:furnace":2,"minecraft:pufferfish_bucket":2,"minecraft:bone_meal":225,"minecraft:potato":5,"minecraft:iron_axe":6,"minecraft:iron_hoe":3,"minecraft:stone_pickaxe":4,"minecraft:chest":4,"minecraft:cow_spawn_egg":1,"minecraft:oak_slab":132,"minecraft:diamond_sword":2,"minecraft:wooden_shovel":1,"weather2:tornado_siren":1,"minecraft:diamond_axe":2,"minecraft:crafting_table":1,"weather2:tornado_sensor":1,"minecraft:wooden_pickaxe":1,"minecraft:baked_potato":30,"minecraft:copper_ingot":8,"minecraft:bucket":3,"minecraft:bone":75,"minecraft:stone_axe":3,"minecraft:glowstone":4,"minecraft:air":0,"minecraft:oak_boat":5,"minecraft:wooden_hoe":1,"minecraft:diamond_pickaxe":2,"minecraft:shield":5,"minecraft:stick":68,"minecraft:iron_ingot":136,"minecraft:iron_pickaxe":12,"minecraft:wooden_axe":1,"minecraft:stone_sword":1,"minecraft:iron_shovel":4,"minecraft:gold_ingot":2,"minecraft:torch":156,"minecraft:carrot":5},"minecraft:picked_up":{"minecraft:wooden_axe":1,"minecraft:mud":73,"minecraft:wheat":129,"minecraft:azure_bluet":1,"minecraft:diamond_sword":1,"minecraft:clay_ball":204,"minecraft:brown_mushroom":4,"minecraft:shield":2,"minecraft:amethyst_block":12,"minecraft:string":22,"minecraft:oak_trapdoor":1,"minecraft:wayfinder_armor_trim_smithing_template":1,"minecraft:soul_soil":8,"minecraft:raw_copper":169,"minecraft:iron_axe":4,"minecraft:pufferfish":1,"minecraft:blackstone":12,"the_silence:flashlightoff":1,"minecraft:cobbled_deepslate":40,"minecraft:gold_nugget":42,"minecraft:bucket":1,"minecraft:spruce_planks":1,"minecraft:oak_boat":14,"minecraft:redstone_torch":2,"minecraft:cobblestone_slab":153,"minecraft:iron_pickaxe":4,"minecraft:sugar_cane":4,"minecraft:furnace":1,"minecraft:stick":126,"minecraft:raw_iron":131,"minecraft:copper_ingot":1,"minecraft:torch":58,"minecraft:diorite":44,"minecraft:carrot":562,"minecraft:redstone":212,"minecraft:prismarine_crystals":3,"minecraft:golden_chestplate":1,"minecraft:stone_sword":2,"minecraft:stone_shovel":1,"minecraft:arrow":23,"minecraft:rotten_flesh":6,"minecraft:gold_ingot":17,"minecraft:obsidian":9,"minecraft:cobblestone":439,"minecraft:oxeye_daisy":1,"minecraft:stripped_oak_log":1,"minecraft:water_bucket":1,"minecraft:andesite":48,"minecraft:red_mushroom":3,"minecraft:potato":215,"minecraft:oak_log":367,"minecraft:ancient_debris":13,"minecraft:gunpowder":10,"minecraft:dirt":317,"boh:sirenphone":1,"minecraft:bone":21,"minecraft:apple":7,"minecraft:bow":1,"minecraft:wheat_seeds":396,"minecraft:raw_gold":46,"minecraft:stone_pickaxe":2,"minecraft:rabbit_hide":12,"minecraft:iron_ingot":1,"minecraft:glowstone_dust":27,"minecraft:moss_block":120,"minecraft:oak_planks":103,"minecraft:soul_sand":16,"minecraft:oak_slab":8,"minecraft:quartz":13,"minecraft:dandelion":6,"minecraft:amethyst_shard":1,"minecraft:spruce_sapling":17,"minecraft:spruce_log":33,"minecraft:spider_eye":5,"minecraft:diamond_shovel":1,"minecraft:slime_ball":10,"minecraft:diamond":58,"minecraft:diamond_axe":1,"minecraft:granite":48,"minecraft:baked_potato":4,"minecraft:emerald":41,"minecraft:rooted_dirt":1,"minecraft:oak_sapling":110,"minecraft:netherrack":33,"minecraft:coal":116,"minecraft:diamond_pickaxe":1,"minecraft:ender_pearl":1},"minecraft:used":{"minecraft:oak_trapdoor":1,"minecraft:moss_block":2,"minecraft:stone_sword":10,"minecraft:iron_shovel":38,"minecraft:stone_shovel":96,"minecraft:chest":4,"minecraft:spruce_planks":16,"minecraft:shield":9,"minecraft:wooden_shovel":49,"minecraft:netherrack":58,"minecraft:torch":60,"minecraft:dirt":233,"minecraft:carrot":241,"minecraft:granite":56,"minecraft:azure_bluet":1,"minecraft:iron_hoe":123,"minecraft:wooden_axe":134,"minecraft:lava_bucket":2,"minecraft:iron_axe":430,"minecraft:glowstone":4,"minecraft:oak_sapling":48,"minecraft:furnace":2,"minecraft:potato":118,"minecraft:cobbled_deepslate":81,"minecraft:wheat_seeds":212,"minecraft:water_bucket":25,"minecraft:diorite":65,"minecraft:baked_potato":21,"minecraft:stone_pickaxe":321,"minecraft:oak_planks":161,"minecraft:wooden_pickaxe":59,"minecraft:sugar_cane":2,"minecraft:diamond_axe":287,"minecraft:cobblestone_slab":182,"minecraft:oak_slab":121,"minecraft:crafting_table":1,"minecraft:spruce_log":5,"minecraft:redstone_torch":1,"minecraft:mud":28,"minecraft:wooden_hoe":59,"minecraft:diamond_pickaxe":1393,"minecraft:apple":4,"minecraft:oxeye_daisy":1,"minecraft:iron_pickaxe":1014,"minecraft:spruce_sapling":3,"minecraft:stone_axe":211,"minecraft:diamond_sword":39,"minecraft:cobblestone":297,"minecraft:pufferfish_bucket":2,"weather2:tornado_siren":1,"minecraft:andesite":63,"minecraft:bucket":27,"minecraft:oak_boat":12,"minecraft:dandelion":5,"minecraft:bone_meal":153},"minecraft:broken":{"minecraft:wooden_pickaxe":1,"minecraft:stone_pickaxe":1,"minecraft:iron_axe":1,"minecraft:iron_pickaxe":2,"minecraft:wooden_hoe":1},"minecraft:killed":{"minecraft:spider":12,"minecraft:pufferfish":1,"eyesinthedarkness:eyes":1,"minecraft:skeleton":2,"boh:rat":4,"minecraft:bat":1,"minecraft:creeper":2,"minecraft:zombie":1,"minecraft:enderman":1},"minecraft:dropped":{"minecraft:iron_ingot":1,"minecraft:diamond_axe":2,"minecraft:oak_log":2,"minecraft:diamond":1,"minecraft:cobblestone":61,"minecraft:rooted_dirt":1,"minecraft:copper_ingot":1,"minecraft:emerald":1,"minecraft:dirt":18,"minecraft:wooden_axe":1,"minecraft:iron_axe":4,"minecraft:iron_pickaxe":5,"minecraft:iron_shovel":1,"minecraft:gold_ingot":1,"minecraft:furnace":1,"the_silence:flashlightoff":1,"minecraft:stone_sword":2,"minecraft:cobblestone_slab":66,"minecraft:shield":1,"minecraft:diamond_pickaxe":2,"minecraft:andesite":1,"minecraft:oak_boat":2,"minecraft:stone_pickaxe":4}},"DataVersion":3465}