{"stats":{"minecraft:used":{"minecraft:wheat_seeds":6,"minecraft:moss_block":36,"minecraft:oak_fence":18,"minecraft:water_bucket":5,"minecraft:stone_shovel":111,"minecraft:stone_pickaxe":239,"minecraft:oak_planks":64,"minecraft:spruce_planks":16,"minecraft:chest":1,"minecraft:wooden_pickaxe":116,"minecraft:cauldron":1,"minecraft:wooden_shovel":27,"minecraft:stone_hoe":82,"minecraft:cooked_chicken":8,"minecraft:oak_door":6,"minecraft:torch":14,"minecraft:dirt":288,"minecraft:oak_slab":200,"minecraft:crafting_table":4,"minecraft:oak_fence_gate":1,"minecraft:wooden_axe":43,"minecraft:oak_stairs":2,"minecraft:spruce_sapling":10,"minecraft:melon_seeds":5,"minecraft:stone_axe":195,"minecraft:oak_sapling":3,"minecraft:furnace":2,"minecraft:bucket":3,"minecraft:oak_boat":10,"minecraft:egg":7,"minecraft:potato":6},"minecraft:crafted":{"minecraft:oak_door":6,"minecraft:oak_slab":192,"minecraft:oak_planks":364,"minecraft:raw_iron":7,"minecraft:wooden_shovel":3,"minecraft:stone_shovel":3,"minecraft:cauldron":1,"minecraft:crafting_table":3,"minecraft:spruce_planks":84,"minecraft:wooden_pickaxe":2,"minecraft:cooked_chicken":24,"minecraft:wheat_seeds":6,"minecraft:bone_meal":3,"minecraft:stone_axe":2,"minecraft:potato":4,"minecraft:egg":3,"minecraft:air":0,"minecraft:oak_fence_gate":1,"minecraft:oak_boat":5,"minecraft:melon_seeds":8,"minecraft:stick":36,"minecraft:iron_ingot":22,"minecraft:oak_stairs":4,"minecraft:stone_pickaxe":4,"minecraft:wooden_axe":2,"minecraft:chest":1,"minecraft:oak_button":1,"minecraft:water_bucket":1,"minecraft:torch":12,"minecraft:stone_hoe":1,"minecraft:oak_fence":18},"minecraft:custom":{"minecraft:interact_with_furnace":17,"minecraft:traded_with_villager":24,"minecraft:interact_with_crafting_table":43,"minecraft:leave_game":1,"minecraft:time_since_death":58312,"minecraft:time_since_rest":58346,"minecraft:sprint_one_cm":81616,"minecraft:damage_taken":886,"minecraft:walk_one_cm":347656,"minecraft:drop":37,"minecraft:damage_dealt":376,"minecraft:talked_to_villager":60,"minecraft:fly_one_cm":16786,"minecraft:open_chest":83,"minecraft:crouch_one_cm":84586,"minecraft:play_time":113266,"minecraft:deaths":2,"minecraft:sneak_time":36123,"minecraft:boat_one_cm":104607,"minecraft:jump":192,"minecraft:walk_on_water_one_cm":287,"minecraft:total_world_time":113266,"minecraft:fall_one_cm":1705},"minecraft:picked_up":{"minecraft:mud":28,"minecraft:crafting_table":2,"minecraft:water_bucket":1,"minecraft:andesite":8,"minecraft:clay_ball":16,"minecraft:potato":2,"minecraft:oak_log":50,"minecraft:dirt":196,"minecraft:apple":1,"minecraft:wheat_seeds":1,"minecraft:raw_gold":1,"minecraft:iron_ingot":2,"minecraft:cooked_chicken":4,"minecraft:oak_boat":5,"minecraft:stone_hoe":1,"minecraft:moss_block":92,"minecraft:oak_planks":17,"minecraft:egg":4,"minecraft:furnace":2,"minecraft:oak_slab":12,"minecraft:stick":25,"minecraft:raw_iron":30,"minecraft:oak_door":1,"minecraft:oak_fence":3,"minecraft:torch":2,"minecraft:spruce_sapling":28,"minecraft:diorite":3,"minecraft:spruce_log":51,"minecraft:stone_shovel":1,"minecraft:stone_axe":1,"minecraft:granite":5,"minecraft:rooted_dirt":1,"minecraft:oak_sapling":15,"minecraft:coal":23,"minecraft:cobblestone":63},"minecraft:killed_by":{"endofherobrine:villager":1},"minecraft:broken":{"minecraft:stone_pickaxe":1,"minecraft:stone_axe":1,"minecraft:wooden_pickaxe":1},"minecraft:dropped":{"minecraft:stone_hoe":1,"minecraft:stone_axe":1,"minecraft:cooked_chicken":10,"minecraft:stone_shovel":1,"minecraft:cobblestone":7,"minecraft:rooted_dirt":1,"minecraft:dirt":2,"minecraft:oak_button":1,"minecraft:wooden_axe":1,"minecraft:oak_sapling":8,"minecraft:wooden_shovel":2,"minecraft:stone_pickaxe":1,"minecraft:spruce_sapling":9},"minecraft:mined":{"minecraft:oak_slab":8,"minecraft:oak_sapling":5,"minecraft:farmland":1,"minecraft:oak_door":1,"immersive_weathering:spruce_leaf_pile":63,"minecraft:clay":10,"minecraft:oak_fence":3,"minecraft:crafting_table":3,"minecraft:torch":2,"minecraft:granite":1,"minecraft:grass_block":136,"minecraft:spruce_leaves":53,"minecraft:moss_block":179,"minecraft:oak_planks":13,"minecraft:diorite":4,"minecraft:rooted_dirt":1,"minecraft:spruce_sapling":5,"minecraft:furnace":2,"minecraft:mud":51,"minecraft:iron_ore":8,"minecraft:spruce_log":51,"minecraft:andesite":3,"minecraft:potatoes":1,"minecraft:oak_log":10,"minecraft:coal_ore":3,"minecraft:dirt":14,"minecraft:stone":124,"minecraft:oak_leaves":16,"immersive_weathering:oak_leaf_pile":26}},"DataVersion":3465}