{"stats":{"minecraft:dropped":{"minecraft:iron_sword":2,"minecraft:wheat_seeds":3,"minecraft:stripped_birch_wood":1,"minecraft:chainmail_helmet":1,"minecraft:dirt":4,"minecraft:milk_bucket":2,"minecraft:iron_leggings":1,"minecraft:iron_axe":1,"minecraft:iron_pickaxe":1,"minecraft:iron_shovel":1,"minecraft:iron_boots":1,"minecraft:iron_chestplate":1,"minecraft:jungle_log":1,"minecraft:yellow_bed":2,"comforts:sleeping_bag_white":1,"minecraft:end_stone_bricks":2,"minecraft:wooden_pickaxe":1,"minecraft:egg":1},"minecraft:killed":{"minecraft:phantom":1,"minecraft:skeleton":4,"minecraft:chicken":7,"minecraft:drowned":1,"artifacts:mimic":1,"minecraft:hoglin":1,"minecraft:sheep":6,"minecraft:zombie":6},"minecraft:crafted":{"minecraft:furnace":3,"minecraft:cooked_mutton":12,"minecraft:iron_boots":1,"minecraft:iron_axe":2,"minecraft:cooked_porkchop":8,"minecraft:crafting_table":1,"minecraft:wooden_pickaxe":1,"minecraft:iron_helmet":1,"minecraft:iron_sword":2,"minecraft:air":0,"minecraft:jungle_planks":44,"minecraft:iron_chestplate":1,"minecraft:shield":1,"minecraft:stick":28,"minecraft:iron_ingot":52,"minecraft:iron_pickaxe":1,"minecraft:wooden_axe":1,"minecraft:iron_shovel":2,"minecraft:iron_leggings":2,"minecraft:torch":36},"minecraft:mined":{"minecraft:deepslate_diamond_ore":2,"minecraft:gray_stained_glass_pane":4,"minecraft:grass_block":1,"minecraft:jungle_planks":6,"minecraft:jungle_log":11,"minecraft:moss_block":1,"minecraft:large_fern":1,"minecraft:furnace":1,"minecraft:fire":1,"minecraft:iron_ore":23,"minecraft:cobbled_deepslate":3,"minecraft:pumpkin":6,"minecraft:vine":5,"minecraft:deepslate_iron_ore":30,"minecraft:cave_vines":2,"minecraft:stone":83,"spelunkers_charm:rock_pile_1":1,"minecraft:spruce_slab":1,"minecraft:red_bed":5,"minecraft:crafting_table":4,"minecraft:torch":4,"minecraft:melon":1,"minecraft:copper_ore":6,"minecraft:cobblestone":6,"minecraft:deepslate_coal_ore":4,"minecraft:oak_planks":4,"minecraft:wall_torch":2,"minecraft:purple_bed":3,"minecraft:yellow_bed":1,"minecraft:stone_brick_stairs":2,"minecraft:grass":17,"minecraft:coal_ore":27,"minecraft:sand":100,"minecraft:dirt":22,"minecraft:small_dripleaf":1,"minecraft:deepslate":13,"minecraft:fern":5},"minecraft:custom":{"minecraft:interact_with_anvil":1,"minecraft:mob_kills":27,"minecraft:interact_with_crafting_table":12,"minecraft:open_barrel":16,"minecraft:eat_cake_slice":3,"minecraft:leave_game":3,"minecraft:time_since_death":6109,"minecraft:climb_one_cm":51829,"minecraft:sprint_one_cm":339394,"minecraft:walk_one_cm":275294,"minecraft:damage_blocked_by_shield":60,"minecraft:drop":21,"minecraft:talked_to_villager":8,"minecraft:play_time":118966,"minecraft:deaths":7,"minecraft:sneak_time":1976,"minecraft:walk_under_water_one_cm":5170,"minecraft:jump":1941,"minecraft:interact_with_blast_furnace":3,"minecraft:walk_on_water_one_cm":34911,"minecraft:total_world_time":118966,"minecraft:interact_with_furnace":37,"tombstone:raider_killed":1,"minecraft:interact_with_loom":1,"minecraft:sleep_in_bed":7,"minecraft:time_since_rest":5223,"minecraft:damage_taken":5955,"minecraft:damage_absorbed":80,"minecraft:damage_dealt":4796,"minecraft:swim_one_cm":19684,"minecraft:fly_one_cm":296378,"minecraft:open_chest":25,"minecraft:crouch_one_cm":3266,"tombstone:undead_killed":12,"minecraft:interact_with_smoker":3,"minecraft:fall_one_cm":52066},"minecraft:picked_up":{"minecraft:end_stone_bricks":2,"minecraft:crafting_table":4,"minecraft:chicken":6,"minecraft:wooden_pickaxe":1,"minecraft:oak_stairs":2,"minecraft:potion":1,"minecraft:stone_brick_stairs":2,"minecraft:red_bed":5,"minecraft:moss_carpet":1,"minecraft:raw_copper":18,"minecraft:flint_and_steel":1,"minecraft:shroomlight":1,"minecraft:cobbled_deepslate":16,"comforts:sleeping_bag_white":2,"minecraft:spruce_planks":26,"minecraft:jungle_sapling":3,"minecraft:iron_pickaxe":1,"minecraft:spruce_slab":1,"minecraft:melon_slice":11,"minecraft:furnace":1,"minecraft:egg":5,"minecraft:stick":8,"minecraft:raw_iron":52,"minecraft:torch":15,"minecraft:porkchop":5,"tombstone:grave_dust":2,"minecraft:carrot":10,"minecraft:arrow":6,"minecraft:rotten_flesh":8,"minecraft:stripped_birch_wood":2,"minecraft:glow_berries":1,"minecraft:mutton":8,"minecraft:white_wool":10,"minecraft:cobblestone":86,"minecraft:feather":11,"minecraft:glow_ink_sac":2,"minecraft:jungle_log":12,"minecraft:yellow_bed":2,"minecraft:dirt":12,"minecraft:bone":11,"minecraft:wheat_seeds":6,"minecraft:moss_block":7,"minecraft:iron_sword":1,"minecraft:oak_planks":5,"minecraft:black_candle":1,"minecraft:pumpkin":3,"minecraft:gravel":1,"minecraft:sand":95,"minecraft:jungle_planks":10,"minecraft:purple_bed":4,"minecraft:diamond":2,"minecraft:golden_apple":2,"minecraft:gray_wool":1,"minecraft:black_wool":1,"minecraft:coal":33},"minecraft:used":{"minecraft:writable_book":1,"minecraft:iron_shovel":124,"minecraft:flint_and_steel":1,"minecraft:spruce_planks":26,"minecraft:shield":1,"minecraft:iron_sword":60,"minecraft:rotten_flesh":5,"minecraft:torch":35,"minecraft:mutton":1,"minecraft:jungle_planks":24,"minecraft:carrot":6,"minecraft:milk_bucket":1,"minecraft:wooden_axe":35,"minecraft:iron_axe":84,"minecraft:furnace":4,"comforts:sleeping_bag_white":1,"minecraft:cooked_beef":10,"minecraft:cobbled_deepslate":3,"minecraft:cooked_mutton":12,"minecraft:water_bucket":11,"minecraft:oak_planks":37,"minecraft:golden_apple":2,"minecraft:glow_item_frame":2,"minecraft:sand":95,"minecraft:tnt":1,"minecraft:crafting_table":4,"minecraft:red_bed":5,"minecraft:painting":5,"minecraft:diamond_pickaxe":185,"minecraft:apple":5,"minecraft:melon_slice":19,"minecraft:chicken":8,"minecraft:bread":4,"minecraft:iron_pickaxe":20,"minecraft:cobblestone":42,"minecraft:potion":1,"minecraft:purple_bed":4,"minecraft:cooked_porkchop":8,"minecraft:porkchop":1,"minecraft:bucket":12},"minecraft:killed_by":{"minecraft:wither_skeleton":1,"whisperwoods:zotzpyre":1,"minecraft:hoglin":2,"minecraft:zombie":1}},"DataVersion":3120}