{"stats":{"minecraft:used":{"minecraft:moss_block":36,"minecraft:oak_fence":8,"minecraft:water_bucket":1,"minecraft:stone_shovel":34,"minecraft:stone_pickaxe":157,"minecraft:oak_planks":18,"minecraft:chest":1,"minecraft:wooden_pickaxe":116,"minecraft:wooden_shovel":27,"minecraft:stone_hoe":27,"minecraft:cooked_chicken":5,"minecraft:oak_door":3,"minecraft:torch":12,"minecraft:dirt":140,"minecraft:oak_slab":73,"minecraft:crafting_table":3,"minecraft:wooden_axe":43,"minecraft:oak_stairs":2,"minecraft:spruce_sapling":1,"minecraft:stone_axe":26,"minecraft:furnace":2,"minecraft:oak_boat":5,"minecraft:egg":3,"minecraft:potato":4},"minecraft:crafted":{"minecraft:oak_door":3,"minecraft:oak_slab":66,"minecraft:oak_planks":204,"minecraft:raw_iron":7,"minecraft:wooden_shovel":3,"minecraft:stone_shovel":3,"minecraft:crafting_table":2,"minecraft:wooden_pickaxe":2,"minecraft:cooked_chicken":14,"minecraft:bone_meal":3,"minecraft:stone_axe":2,"minecraft:potato":4,"minecraft:egg":3,"minecraft:air":0,"minecraft:oak_boat":4,"minecraft:stick":36,"minecraft:iron_ingot":5,"minecraft:oak_stairs":4,"minecraft:stone_pickaxe":4,"minecraft:wooden_axe":2,"minecraft:chest":1,"minecraft:oak_button":1,"minecraft:water_bucket":1,"minecraft:torch":12,"minecraft:stone_hoe":1,"minecraft:oak_fence":9},"minecraft:custom":{"minecraft:interact_with_furnace":14,"minecraft:traded_with_villager":14,"minecraft:interact_with_crafting_table":35,"minecraft:leave_game":1,"minecraft:time_since_death":10312,"minecraft:time_since_rest":10346,"minecraft:sprint_one_cm":43921,"minecraft:damage_taken":815,"minecraft:walk_one_cm":162170,"minecraft:drop":26,"minecraft:damage_dealt":316,"minecraft:talked_to_villager":43,"minecraft:fly_one_cm":13817,"minecraft:open_chest":55,"minecraft:crouch_one_cm":49683,"minecraft:play_time":65266,"minecraft:deaths":2,"minecraft:sneak_time":23478,"minecraft:boat_one_cm":12054,"minecraft:jump":134,"minecraft:total_world_time":65266,"minecraft:fall_one_cm":1225},"minecraft:picked_up":{"minecraft:mud":17,"minecraft:crafting_table":2,"minecraft:oak_log":20,"minecraft:dirt":136,"minecraft:iron_ingot":2,"minecraft:cooked_chicken":3,"minecraft:oak_boat":2,"minecraft:moss_block":65,"minecraft:oak_planks":11,"minecraft:furnace":2,"minecraft:oak_slab":11,"minecraft:stick":5,"minecraft:raw_iron":11,"minecraft:spruce_sapling":6,"minecraft:spruce_log":7,"minecraft:stone_axe":1,"minecraft:coal":8,"minecraft:cobblestone":45},"minecraft:broken":{"minecraft:wooden_pickaxe":1},"minecraft:killed_by":{"endofherobrine:villager":1},"minecraft:dropped":{"minecraft:stone_axe":1,"minecraft:cooked_chicken":10,"minecraft:stone_shovel":1,"minecraft:cobblestone":7,"minecraft:dirt":2,"minecraft:oak_button":1,"minecraft:wooden_axe":1,"minecraft:wooden_shovel":2,"minecraft:stone_pickaxe":1},"minecraft:mined":{"minecraft:oak_slab":7,"immersive_weathering:spruce_leaf_pile":14,"minecraft:crafting_table":3,"minecraft:grass_block":93,"minecraft:spruce_leaves":1,"minecraft:moss_block":114,"minecraft:oak_planks":6,"minecraft:furnace":2,"minecraft:mud":37,"minecraft:iron_ore":1,"minecraft:spruce_log":7,"minecraft:dirt":12,"minecraft:stone":102,"minecraft:oak_leaves":4}},"DataVersion":3465}