{"stats":{"minecraft:used":{"minecraft:moss_block":30,"minecraft:dirt":26,"minecraft:oak_slab":21,"minecraft:crafting_table":2,"minecraft:oak_door":3},"minecraft:crafted":{"minecraft:oak_door":3,"minecraft:oak_slab":18,"minecraft:oak_planks":20,"minecraft:wooden_shovel":2,"minecraft:crafting_table":1,"minecraft:stick":8,"minecraft:wooden_axe":1},"minecraft:picked_up":{"minecraft:oak_slab":7,"minecraft:mud":2,"minecraft:crafting_table":1,"minecraft:oak_log":5,"minecraft:moss_block":39,"minecraft:oak_planks":2,"minecraft:dirt":34},"minecraft:custom":{"minecraft:open_chest":2,"minecraft:time_since_rest":9678,"minecraft:crouch_one_cm":12568,"minecraft:play_time":11266,"minecraft:walk_one_cm":21804,"minecraft:damage_taken":270,"minecraft:deaths":1,"minecraft:sneak_time":4098,"minecraft:drop":3,"minecraft:jump":29,"minecraft:damage_dealt":42,"minecraft:leave_game":1,"minecraft:time_since_death":9645,"minecraft:total_world_time":11266,"minecraft:sprint_one_cm":722,"minecraft:talked_to_villager":2,"minecraft:interact_with_crafting_table":5,"minecraft:fly_one_cm":786},"minecraft:dropped":{"minecraft:wooden_axe":1,"minecraft:wooden_shovel":2},"minecraft:mined":{"minecraft:oak_slab":6,"minecraft:grass_block":18,"minecraft:dirt":1,"minecraft:moss_block":14,"minecraft:crafting_table":1}},"DataVersion":3465}