{"stats":{"minecraft:mined":{"minecraft:oak_slab":1,"minecraft:spruce_planks":3,"minecraft:oak_sapling":1,"immersive_weathering:spruce_leaf_pile":26,"minecraft:clay":16,"minecraft:torch":1,"minecraft:granite":21,"minecraft:grass_block":250,"minecraft:copper_ore":13,"minecraft:cobblestone":6,"minecraft:spruce_leaves":23,"minecraft:oak_planks":1,"minecraft:moss_block":105,"minecraft:diorite":19,"minecraft:wall_torch":2,"minecraft:redstone_ore":10,"minecraft:mud":56,"minecraft:iron_ore":40,"minecraft:spruce_log":6,"minecraft:andesite":22,"minecraft:oak_log":33,"minecraft:coal_ore":39,"minecraft:cobblestone_slab":7,"immersive_weathering:loam":4,"minecraft:dirt":14,"minecraft:stone":205,"minecraft:gold_ore":14,"minecraft:oak_leaves":15,"immersive_weathering:oak_leaf_pile":40},"minecraft:used":{"minecraft:moss_block":2,"minecraft:water_bucket":5,"minecraft:stone_shovel":96,"minecraft:stone_pickaxe":321,"minecraft:oak_planks":2,"minecraft:wooden_pickaxe":59,"minecraft:wooden_shovel":49,"minecraft:cobblestone_slab":78,"minecraft:torch":10,"minecraft:dirt":45,"minecraft:oak_slab":2,"minecraft:crafting_table":1,"minecraft:spruce_log":5,"minecraft:wooden_axe":46,"minecraft:iron_axe":5,"minecraft:iron_pickaxe":400,"minecraft:spruce_sapling":2,"minecraft:stone_axe":211,"minecraft:cobblestone":23,"minecraft:pufferfish_bucket":2,"minecraft:oak_sapling":6,"minecraft:furnace":1,"minecraft:bucket":5,"minecraft:oak_boat":1},"minecraft:killed_by":{"man:managgresive":1,"minecraft:player":1,"endofherobrine:villager":1},"minecraft:broken":{"minecraft:stone_pickaxe":1,"minecraft:wooden_pickaxe":1},"minecraft:killed":{"minecraft:pufferfish":1},"minecraft:custom":{"minecraft:interact_with_furnace":17,"minecraft:mob_kills":1,"minecraft:traded_with_villager":2,"minecraft:interact_with_crafting_table":28,"minecraft:leave_game":1,"minecraft:time_since_death":6806,"minecraft:time_since_rest":6835,"minecraft:sprint_one_cm":38092,"minecraft:walk_one_cm":248038,"minecraft:damage_taken":4453,"minecraft:drop":44,"minecraft:damage_dealt":923,"minecraft:talked_to_villager":41,"minecraft:fly_one_cm":216283,"minecraft:open_chest":106,"minecraft:crouch_one_cm":37116,"minecraft:play_time":96985,"minecraft:deaths":17,"minecraft:sneak_time":30595,"minecraft:walk_under_water_one_cm":5988,"minecraft:boat_one_cm":12915,"minecraft:jump":361,"minecraft:walk_on_water_one_cm":2865,"minecraft:total_world_time":96985,"minecraft:fall_one_cm":1716},"minecraft:picked_up":{"minecraft:wooden_axe":1,"minecraft:mud":41,"minecraft:clay_ball":44,"minecraft:andesite":15,"minecraft:oak_log":80,"minecraft:dirt":135,"minecraft:raw_copper":2,"minecraft:pufferfish":1,"minecraft:apple":1,"minecraft:raw_gold":1,"minecraft:stone_pickaxe":2,"minecraft:oak_boat":2,"minecraft:cobblestone_slab":20,"minecraft:moss_block":60,"minecraft:oak_planks":20,"minecraft:oak_slab":2,"minecraft:stick":33,"minecraft:raw_iron":61,"minecraft:torch":4,"minecraft:spruce_sapling":7,"minecraft:diorite":8,"minecraft:spruce_log":17,"minecraft:redstone":16,"minecraft:stone_shovel":1,"minecraft:granite":13,"minecraft:oak_sapling":27,"minecraft:coal":45,"minecraft:cobblestone":129},"minecraft:crafted":{"minecraft:oak_slab":6,"minecraft:oak_planks":84,"minecraft:wooden_shovel":1,"minecraft:cobblestone_slab":72,"minecraft:stone_shovel":2,"minecraft:crafting_table":1,"minecraft:wooden_pickaxe":1,"minecraft:furnace":1,"minecraft:pufferfish_bucket":2,"minecraft:bucket":1,"minecraft:stone_axe":3,"minecraft:air":0,"minecraft:oak_boat":3,"minecraft:iron_axe":1,"minecraft:stick":24,"minecraft:iron_ingot":65,"minecraft:iron_pickaxe":7,"minecraft:stone_pickaxe":4,"minecraft:wooden_axe":1,"minecraft:torch":16},"minecraft:dropped":{"minecraft:oak_log":2,"minecraft:cobblestone":10,"minecraft:dirt":18,"minecraft:cobblestone_slab":11,"minecraft:wooden_axe":1,"minecraft:stone_pickaxe":4,"minecraft:iron_pickaxe":2}},"DataVersion":3465}