{"stats":{"minecraft:used":{"minecraft:moss_block":4,"minecraft:cherry_sapling":14,"minecraft:iron_shovel":228,"minecraft:chest":41,"minecraft:shield":31,"minecraft:soul_sand":5,"lights_out:ban_hammer":7,"minecraft:carrot":382,"minecraft:azure_bluet":1,"minecraft:lava_bucket":39,"minecraft:mossy_cobblestone_slab":18,"minecraft:written_book":1,"minecraft:oak_sapling":62,"minecraft:furnace":2,"minecraft:egg":61,"minecraft:potato":292,"minecraft:diorite":79,"minecraft:diamond_boots":1,"minecraft:stone_pickaxe":321,"minecraft:oak_planks":270,"minecraft:blackstone":27,"minecraft:wooden_pickaxe":59,"minecraft:composter":6,"minecraft:sugar_cane":17,"minecraft:diamond_axe":1394,"minecraft:oak_leaves":13,"minecraft:white_wool":2,"minecraft:shears":16,"minecraft:redstone_torch":1,"minecraft:melon_slice":7,"minecraft:bread":12,"minecraft:stone_button":1,"minecraft:golden_helmet":9,"minecraft:diamond_sword":244,"minecraft:fire_charge":2,"minecraft:pufferfish_bucket":2,"weather2:tornado_siren":1,"minecraft:smithing_table":1,"minecraft:andesite":136,"minecraft:oak_boat":21,"minecraft:oak_fence":101,"minecraft:bone_meal":199,"minecraft:oak_trapdoor":52,"minecraft:stone_sword":11,"minecraft:stone_shovel":96,"minecraft:spruce_planks":16,"minecraft:wooden_shovel":49,"minecraft:netherrack":58,"minecraft:torch":482,"minecraft:dirt":793,"minecraft:hopper":8,"minecraft:diamond_helmet":1,"minecraft:granite":65,"minecraft:oak_fence_gate":8,"minecraft:iron_hoe":387,"minecraft:wooden_axe":134,"minecraft:bookshelf":28,"minecraft:iron_axe":450,"minecraft:iron_boots":1,"minecraft:melon_seeds":4,"minecraft:diamond_chestplate":1,"minecraft:glowstone":16,"endofherobrine:herobrine_head":4,"minecraft:cobbled_deepslate":195,"boh:killer_knife":36,"minecraft:wheat_seeds":476,"minecraft:water_bucket":73,"minecraft:baked_potato":50,"minecraft:sniffer_egg":3,"minecraft:cobblestone_slab":1936,"minecraft:mossy_cobblestone":22,"minecraft:oak_slab":144,"minecraft:crafting_table":10,"minecraft:white_bed":11,"minecraft:spruce_log":5,"minecraft:smoker":1,"minecraft:oak_log":2,"minecraft:mud":28,"minecraft:wooden_hoe":60,"minecraft:diamond_pickaxe":7366,"minecraft:apple":4,"minecraft:oxeye_daisy":1,"minecraft:diamond_shovel":86,"minecraft:iron_pickaxe":1086,"minecraft:spruce_sapling":3,"minecraft:stone_axe":229,"minecraft:cobblestone":2081,"minecraft:porkchop":3,"minecraft:bucket":111,"minecraft:dandelion":5,"the_silence:sad_satan":113,"minecraft:diamond_leggings":1},"minecraft:crafted":{"minecraft:oak_planks":1920,"minecraft:cobblestone_slab":1758,"weather2:weather_item":1,"minecraft:diamond_shovel":2,"minecraft:bookshelf":28,"minecraft:potato":5,"minecraft:hopper":8,"minecraft:cow_spawn_egg":1,"minecraft:chest":38,"minecraft:oak_fence":168,"minecraft:oak_slab":186,"minecraft:wooden_shovel":1,"minecraft:diamond_axe":13,"minecraft:crafting_table":7,"weather2:tornado_sensor":1,"minecraft:wooden_pickaxe":1,"minecraft:baked_potato":89,"minecraft:copper_ingot":8,"minecraft:diamond_pickaxe":19,"minecraft:book":76,"minecraft:wooden_hoe":2,"minecraft:paper":351,"minecraft:charcoal":2,"minecraft:shield":6,"minecraft:stick":600,"minecraft:iron_ingot":176,"minecraft:iron_pickaxe":12,"minecraft:stone_sword":1,"minecraft:gold_ingot":128,"minecraft:composter":1,"minecraft:shears":2,"minecraft:cherry_planks":240,"minecraft:stone_shovel":2,"the_silence:flashlightoff":1,"minecraft:furnace":2,"minecraft:pufferfish_bucket":2,"minecraft:cherry_sapling":2,"minecraft:bone_meal":270,"minecraft:oak_trapdoor":110,"minecraft:leather":76,"minecraft:iron_axe":6,"minecraft:iron_hoe":5,"minecraft:stone_pickaxe":4,"minecraft:golden_helmet":5,"minecraft:diamond_sword":3,"weather2:tornado_siren":1,"minecraft:sniffer_egg":2,"minecraft:bucket":5,"minecraft:bone":75,"minecraft:stone_axe":4,"minecraft:glowstone":16,"minecraft:bread":21,"minecraft:air":0,"minecraft:oak_fence_gate":10,"minecraft:oak_boat":9,"minecraft:wooden_axe":1,"minecraft:iron_shovel":5,"minecraft:white_bed":9,"minecraft:torch":820,"minecraft:carrot":5},"minecraft:dropped":{"minecraft:clay":1,"minecraft:iron_sword":1,"minecraft:moss_block":4,"minecraft:diamond_axe":7,"minecraft:oak_log":2,"minecraft:baked_potato":1,"minecraft:diamond":1,"minecraft:pitcher_pod":1,"minecraft:leather":2,"minecraft:rooted_dirt":1,"minecraft:emerald":1,"minecraft:dirt":23,"minecraft:bone_meal":44,"minecraft:iron_pickaxe":7,"minecraft:gold_ingot":131,"boh:sirenphone":1,"minecraft:cobbled_deepslate":1,"boh:wf_pistol":2,"minecraft:glowstone_dust":24,"minecraft:white_bed":6,"minecraft:carrot":110,"minecraft:chainmail_chestplate":1,"minecraft:rabbit_hide":2,"minecraft:leather_chestplate":1,"boh:the_great_knife":1,"minecraft:written_book":1,"minecraft:egg":1,"minecraft:iron_ingot":1,"minecraft:water_bucket":1,"minecraft:bread":7,"minecraft:wheat_seeds":1,"minecraft:golden_helmet":3,"minecraft:mossy_cobblestone":1,"minecraft:cobblestone":267,"minecraft:granite":2,"minecraft:burn_pottery_sherd":1,"minecraft:copper_ingot":1,"minecraft:mossy_cobblestone_slab":2,"minecraft:torch":69,"minecraft:wooden_hoe":1,"minecraft:wooden_axe":1,"lights_out:ban_hammer":3,"minecraft:fire_charge":4,"minecraft:iron_axe":4,"minecraft:iron_shovel":2,"minecraft:bucket":1,"minecraft:furnace":1,"minecraft:soul_soil":1,"minecraft:oak_trapdoor":34,"the_silence:flashlightoff":1,"minecraft:stone_sword":3,"minecraft:shears":1,"minecraft:diamond_sword":1,"minecraft:potato":30,"minecraft:cobblestone_slab":359,"minecraft:shield":1,"minecraft:diamond_pickaxe":9,"minecraft:andesite":1,"minecraft:oak_boat":2,"minecraft:redstone_torch":1,"minecraft:bow":27,"minecraft:stone_pickaxe":4},"minecraft:killed":{"endofherobrine:silverfish":6,"minecraft:witch":8,"minecraft:zombified_piglin":5,"minecraft:spider":16,"minecraft:pufferfish":1,"minecraft:skeleton":13,"minecraft:chicken":3,"boh:rat":6,"boh:simonhenriksson":3,"minecraft:creeper":11,"minecraft:trader_llama":1,"minecraft:pillager":1,"minecraft:zombie":22,"endofherobrine:chicken":2,"minecraft:blaze":1,"midnightlurker:void_hands":1,"eyesinthedarkness:eyes":1,"midnightlurker:midnight_lurker_runaway":1,"minecraft:bat":4,"minecraft:hoglin":1,"the_anomaly:anomaly_attack":2,"boh:jeff_the_killer":1,"minecraft:enderman":1},"minecraft:killed_by":{"the_silence:the_silence_principal":3,"midnightlurker:midnight_lurker_backturned":2,"boh:siren_head":1,"minecraft:zombified_piglin":6,"the_anomaly:anomaly_attack_crawl":4,"minecraft:creeper":4,"the_anomaly:anomaly_attack":3,"cartoon_cat:cartoon_cat_chase":6,"sanitydim:rotting_stalker":7,"endofherobrine:chicken":1,"shut_your_eyes:agony":15,"midnightlurker:void_hands":4,"man:managgresive":2,"sanitydim:sneaking_terror":11,"minecraft:blaze":1,"minecraft:witch":5,"minecraft:player":11,"minecraft:spider":1,"minecraft:enderman":1,"endofherobrine:villager":1,"minecraft:skeleton":7,"autizmzrake:rake":9,"midnightlurker:midnight_lurker_unprovoked":5},"minecraft:picked_up":{"minecraft:wooden_axe":1,"minecraft:wheat":347,"minecraft:chainmail_boots":3,"minecraft:smithing_table":1,"minecraft:diamond_sword":6,"minecraft:potion":2,"minecraft:enchanted_book":2,"minecraft:nether_brick":74,"minecraft:amethyst_block":92,"minecraft:string":71,"minecraft:wayfinder_armor_trim_smithing_template":1,"minecraft:soul_soil":33,"minecraft:raw_copper":529,"minecraft:pufferfish":1,"minecraft:oak_sign":5,"minecraft:gold_nugget":188,"minecraft:cobbled_deepslate":190,"minecraft:bucket":10,"minecraft:spruce_planks":17,"minecraft:written_book":1,"minecraft:redstone_torch":4,"minecraft:cobblestone_slab":1034,"minecraft:iron_pickaxe":12,"minecraft:melon_slice":47,"minecraft:iron_boots":3,"minecraft:furnace":1,"minecraft:golden_helmet":6,"minecraft:stick":397,"minecraft:composter":5,"minecraft:oak_fence":77,"minecraft:torch":768,"minecraft:porkchop":4,"minecraft:cherry_log":95,"minecraft:diorite":120,"minecraft:golden_chestplate":1,"minecraft:sniffer_egg":1,"minecraft:stone_sword":3,"minecraft:rotten_flesh":112,"endofherobrine:herobrine_head":4,"minecraft:obsidian":113,"minecraft:cobblestone":4157,"minecraft:mossy_cobblestone_slab":22,"minecraft:feather":3,"minecraft:raiser_armor_trim_smithing_template":1,"minecraft:water_bucket":7,"minecraft:andesite":132,"minecraft:smoker":1,"boh:wf_pistol":2,"minecraft:potato":575,"minecraft:dirt":1264,"immersive_weathering:exposed_iron_door":2,"minecraft:bone":72,"minecraft:bow":1,"minecraft:wheat_seeds":1240,"minecraft:raw_gold":184,"minecraft:glowstone_dust":124,"minecraft:moss_block":303,"minecraft:pitcher_pod":1,"minecraft:oak_planks":607,"immersive_weathering:tallow":6,"minecraft:poisonous_potato":4,"minecraft:spectral_arrow":144,"minecraft:mossy_cobblestone":37,"minecraft:iron_hoe":4,"minecraft:sugar":3,"minecraft:diamond":171,"minecraft:granite":110,"minecraft:emerald":146,"minecraft:rooted_dirt":1,"minecraft:oak_sapling":124,"minecraft:netherrack":128,"minecraft:oak_leaves":24,"minecraft:diamond_pickaxe":44,"minecraft:mud":189,"minecraft:charcoal":2,"minecraft:crafting_table":4,"minecraft:azure_bluet":1,"minecraft:splash_potion":2,"minecraft:chicken":3,"minecraft:clay_ball":488,"minecraft:brown_mushroom":20,"minecraft:brick":1,"minecraft:shield":10,"minecraft:oak_trapdoor":27,"minecraft:moss_carpet":5,"minecraft:iron_axe":6,"minecraft:iron_shovel":3,"the_silence:flashlightoff":1,"minecraft:blackstone":110,"minecraft:oak_boat":21,"minecraft:iron_nugget":28,"minecraft:sugar_cane":98,"minecraft:chest":15,"minecraft:egg":75,"minecraft:raw_iron":259,"minecraft:copper_ingot":1,"minecraft:fire_charge":22,"the_silence:sad_satan":675,"minecraft:stone_button":1,"minecraft:carrot":944,"minecraft:redstone":785,"minecraft:prismarine_crystals":5,"minecraft:purple_candle":1,"minecraft:arrow":78,"minecraft:stone_shovel":1,"minecraft:shears":3,"minecraft:gold_ingot":73,"minecraft:white_wool":24,"minecraft:oxeye_daisy":1,"minecraft:stripped_oak_log":1,"the_silence:flashlight":3,"minecraft:burn_pottery_sherd":1,"minecraft:leather":98,"minecraft:red_mushroom":11,"minecraft:crimson_fungus":3,"minecraft:oak_log":717,"minecraft:chainmail_chestplate":1,"minecraft:ancient_debris":54,"minecraft:golden_boots":1,"minecraft:gunpowder":121,"minecraft:wooden_hoe":1,"boh:sirenphone":3,"minecraft:apple":8,"boh:the_great_knife":1,"minecraft:rabbit_hide":104,"minecraft:iron_ingot":59,"minecraft:oak_fence_gate":2,"minecraft:stone_pickaxe":2,"minecraft:flowering_azalea":1,"minecraft:soul_sand":134,"minecraft:book":9,"minecraft:oak_slab":74,"minecraft:warped_fungus":4,"lights_out:ban_hammer":3,"minecraft:quartz":148,"minecraft:dandelion":8,"boh:killer_knife":6,"minecraft:torchflower_seeds":1,"minecraft:gravel":104,"minecraft:lava_bucket":1,"minecraft:amethyst_shard":1,"minecraft:spruce_sapling":22,"minecraft:white_bed":7,"minecraft:spruce_log":33,"minecraft:crying_obsidian":37,"minecraft:spider_eye":8,"minecraft:diamond_shovel":9,"minecraft:pumpkin_seeds":1,"minecraft:slime_ball":24,"minecraft:diamond_axe":48,"minecraft:cherry_sapling":30,"minecraft:baked_potato":98,"minecraft:melon_seeds":1,"minecraft:coal":269,"minecraft:hopper":4,"minecraft:ender_pearl":26},"minecraft:custom":{"minecraft:animals_bred":34,"minecraft:interact_with_crafting_table":222,"minecraft:leave_game":35,"minecraft:time_since_death":4513,"minecraft:sprint_one_cm":2511296,"minecraft:damage_blocked_by_shield":1838,"minecraft:drop":757,"minecraft:talked_to_villager":273,"minecraft:play_time":1756647,"minecraft:deaths":232,"minecraft:jump":7529,"minecraft:interact_with_brewingstand":2,"minecraft:walk_on_water_one_cm":233467,"minecraft:interact_with_furnace":91,"minecraft:traded_with_villager":14,"minecraft:sleep_in_bed":74,"minecraft:damage_dealt":40301,"minecraft:player_kills":9,"minecraft:crouch_one_cm":881371,"minecraft:interact_with_smithing_table":2,"minecraft:horse_one_cm":418,"minecraft:mob_kills":119,"minecraft:inspect_hopper":1,"minecraft:damage_dealt_resisted":27398,"minecraft:walk_one_cm":4968253,"minecraft:sneak_time":246302,"minecraft:walk_under_water_one_cm":425498,"minecraft:boat_one_cm":207953,"minecraft:interact_with_blast_furnace":24,"minecraft:total_world_time":1756647,"minecraft:time_since_rest":4548,"minecraft:damage_taken":235119,"minecraft:swim_one_cm":29092,"minecraft:fly_one_cm":3775326,"minecraft:open_chest":1967,"minecraft:fall_one_cm":60190},"minecraft:mined":{"minecraft:spruce_planks":10,"minecraft:oak_sapling":2,"minecraft:white_bed":3,"minecraft:farmland":12,"endofherobrine:herobrine_head":3,"minecraft:cherry_log":107,"the_silence:sad_satan":437,"minecraft:obsidian":79,"minecraft:granite":133,"minecraft:grass_block":807,"minecraft:soul_soil":24,"minecraft:composter":5,"minecraft:hopper":4,"minecraft:oxeye_daisy":1,"immersive_weathering:exposed_iron_door":2,"minecraft:mossy_cobblestone_slab":19,"minecraft:glowstone":37,"minecraft:iron_ore":48,"minecraft:cobbled_deepslate":12,"minecraft:fire":7,"minecraft:moss_carpet":5,"immersive_weathering:charred_planks":1,"minecraft:azure_bluet":1,"immersive_weathering:loam":5,"minecraft:azalea":1,"immersive_weathering:oak_leaf_pile":382,"minecraft:deepslate_redstone_ore":166,"minecraft:blackstone":50,"minecraft:melon_stem":1,"minecraft:crimson_nylium":39,"immersive_weathering:spruce_leaf_pile":60,"minecraft:clay":112,"minecraft:torch":28,"minecraft:melon":9,"minecraft:chest":15,"minecraft:nether_quartz_ore":50,"minecraft:cobblestone":3282,"minecraft:oak_planks":123,"minecraft:sugar_cane":8,"minecraft:sniffer_egg":1,"minecraft:wall_torch":13,"minecraft:amethyst_block":77,"minecraft:deepslate_copper_ore":152,"minecraft:warped_nylium":45,"minecraft:mud":176,"minecraft:wheat":381,"minecraft:grass":186,"minecraft:oak_log":462,"minecraft:oak_fence_gate":2,"minecraft:dirt":169,"minecraft:netherrack":50,"minecraft:ancient_debris":44,"minecraft:oak_leaves":182,"minecraft:deepslate":143,"minecraft:nether_gold_ore":40,"minecraft:mossy_cobblestone":38,"minecraft:deepslate_diamond_ore":181,"minecraft:cherry_sapling":1,"minecraft:sea_lantern":3,"minecraft:stone_button":1,"minecraft:spruce_leaves":157,"minecraft:moss_block":428,"minecraft:rooted_dirt":1,"minecraft:redstone_ore":11,"minecraft:oak_trapdoor":5,"minecraft:spruce_sapling":3,"minecraft:carrots":269,"immersive_weathering:charred_log":1,"minecraft:andesite":158,"minecraft:bookshelf":3,"minecraft:potatoes":148,"minecraft:deepslate_iron_ore":244,"minecraft:cobblestone_slab":431,"minecraft:stone":663,"minecraft:white_wool":2,"minecraft:smithing_table":1,"minecraft:oak_slab":27,"minecraft:soul_sand":43,"minecraft:dandelion":5,"minecraft:oak_fence":16,"minecraft:crafting_table":4,"immersive_weathering:soot":3,"minecraft:copper_ore":17,"minecraft:tall_grass":45,"endofherobrine:glowing_obsidian":1,"minecraft:deepslate_coal_ore":239,"minecraft:deepslate_gold_ore":174,"endofherobrine:mossy_stone_bricks":6,"minecraft:sculk":67,"minecraft:diorite":130,"immersive_weathering:cherry_leaf_pile":171,"minecraft:redstone_torch":1,"minecraft:spruce_log":22,"minecraft:coal_ore":46,"minecraft:cracked_stone_bricks":2,"minecraft:gold_ore":18,"minecraft:deepslate_emerald_ore":158},"minecraft:broken":{"minecraft:iron_shovel":1,"minecraft:diamond_helmet":1,"minecraft:stone_pickaxe":1,"minecraft:diamond_boots":1,"minecraft:diamond_chestplate":1,"minecraft:diamond_leggings":1,"minecraft:wooden_pickaxe":1,"minecraft:iron_axe":1,"minecraft:iron_pickaxe":3,"minecraft:wooden_hoe":1}},"DataVersion":3465}