{"stats":{"minecraft:crafted":{"minecraft:oak_door":6,"minecraft:oak_planks":408,"minecraft:raw_iron":7,"minecraft:stone_shovel":3,"minecraft:cobblestone_slab":156,"minecraft:cooked_chicken":24,"minecraft:bone_meal":3,"minecraft:potato":4,"minecraft:iron_axe":3,"minecraft:melon_seeds":9,"minecraft:iron_hoe":2,"minecraft:stone_pickaxe":4,"minecraft:chest":5,"minecraft:oak_button":1,"minecraft:water_bucket":1,"minecraft:stone_hoe":1,"minecraft:oak_fence":33,"minecraft:oak_slab":192,"minecraft:wooden_shovel":3,"minecraft:cauldron":1,"minecraft:crafting_table":4,"minecraft:spruce_planks":84,"minecraft:wooden_pickaxe":2,"minecraft:baked_potato":7,"minecraft:wheat_seeds":6,"minecraft:lava_bucket":3,"minecraft:sheep_spawn_egg":3,"minecraft:stone_axe":2,"minecraft:air":0,"minecraft:egg":3,"minecraft:oak_fence_gate":1,"minecraft:oak_boat":9,"minecraft:diamond_pickaxe":1,"minecraft:shield":1,"minecraft:stick":80,"minecraft:gunpowder":28,"minecraft:iron_ingot":22,"minecraft:iron_pickaxe":3,"minecraft:oak_stairs":4,"minecraft:wooden_axe":2,"minecraft:iron_shovel":2,"minecraft:torch":60},"minecraft:custom":{"minecraft:mob_kills":5,"minecraft:animals_bred":2,"minecraft:interact_with_crafting_table":63,"minecraft:bell_ring":16,"minecraft:damage_dealt_resisted":5700,"minecraft:leave_game":2,"minecraft:time_since_death":4585,"minecraft:sprint_one_cm":330017,"minecraft:walk_one_cm":849304,"minecraft:drop":59,"minecraft:talked_to_villager":185,"minecraft:raid_win":1,"minecraft:play_time":264268,"minecraft:sneak_time":55656,"minecraft:deaths":12,"minecraft:walk_under_water_one_cm":7766,"minecraft:boat_one_cm":148406,"minecraft:jump":685,"minecraft:walk_on_water_one_cm":1424,"minecraft:total_world_time":264268,"minecraft:interact_with_furnace":27,"minecraft:traded_with_villager":34,"minecraft:raid_trigger":2,"minecraft:time_since_rest":4622,"minecraft:damage_taken":3978,"minecraft:damage_dealt":3481,"minecraft:fly_one_cm":172262,"minecraft:open_chest":223,"minecraft:crouch_one_cm":129098,"minecraft:fall_one_cm":5305},"minecraft:mined":{"minecraft:nether_gold_ore":3,"minecraft:oak_sapling":6,"minecraft:farmland":2,"minecraft:mossy_cobblestone":14,"minecraft:deepslate_diamond_ore":26,"minecraft:oak_door":1,"minecraft:granite":19,"minecraft:grass_block":198,"minecraft:soul_soil":2,"minecraft:spruce_leaves":92,"minecraft:moss_block":210,"minecraft:rooted_dirt":1,"minecraft:spruce_sapling":10,"minecraft:glowstone":3,"minecraft:furnace":2,"minecraft:iron_ore":8,"minecraft:fire":3,"minecraft:andesite":20,"minecraft:potatoes":57,"minecraft:deepslate_iron_ore":39,"minecraft:cobblestone_slab":23,"minecraft:stone":199,"immersive_weathering:oak_leaf_pile":32,"minecraft:deepslate_redstone_ore":19,"minecraft:oak_slab":8,"minecraft:soul_sand":8,"minecraft:melon_stem":4,"minecraft:crimson_nylium":4,"immersive_weathering:spruce_leaf_pile":79,"minecraft:oak_fence":29,"minecraft:clay":24,"minecraft:crafting_table":3,"minecraft:torch":4,"minecraft:melon":25,"minecraft:chest":4,"minecraft:nether_quartz_ore":1,"minecraft:tall_grass":11,"minecraft:cobblestone":225,"minecraft:deepslate_coal_ore":43,"minecraft:deepslate_gold_ore":34,"minecraft:oak_planks":34,"minecraft:diorite":19,"minecraft:wall_torch":1,"minecraft:deepslate_copper_ore":19,"minecraft:warped_nylium":4,"minecraft:mud":69,"minecraft:wheat":28,"minecraft:spruce_log":105,"minecraft:grass":81,"minecraft:oak_log":24,"minecraft:coal_ore":3,"minecraft:oak_fence_gate":2,"minecraft:dirt":16,"minecraft:netherrack":8,"minecraft:ancient_debris":4,"minecraft:oak_leaves":67,"minecraft:deepslate_emerald_ore":30,"minecraft:deepslate":26},"minecraft:killed_by":{"man:managgresive":1,"endofherobrine:villager":1,"boh:light_head":6},"minecraft:broken":{"minecraft:wooden_pickaxe":1,"minecraft:stone_pickaxe":1,"minecraft:stone_axe":1,"minecraft:iron_pickaxe":1},"minecraft:killed":{"minecraft:spider":2,"endofherobrine:villager":2,"minecraft:pillager":1},"minecraft:used":{"minecraft:oak_fence":47,"minecraft:moss_block":36,"minecraft:iron_shovel":21,"minecraft:stone_shovel":111,"minecraft:chest":7,"minecraft:spruce_planks":16,"minecraft:cooked_chicken":8,"minecraft:wooden_shovel":27,"minecraft:stone_hoe":90,"minecraft:oak_door":6,"minecraft:torch":39,"minecraft:dirt":368,"minecraft:oak_fence_gate":3,"minecraft:iron_hoe":47,"minecraft:wooden_axe":43,"minecraft:lava_bucket":4,"minecraft:iron_axe":273,"minecraft:oak_stairs":2,"minecraft:melon_seeds":10,"minecraft:oak_sapling":18,"minecraft:furnace":2,"minecraft:egg":8,"minecraft:potato":109,"minecraft:wheat_seeds":55,"minecraft:water_bucket":21,"minecraft:stone_pickaxe":240,"minecraft:baked_potato":3,"minecraft:oak_planks":112,"minecraft:wooden_pickaxe":116,"minecraft:cauldron":1,"minecraft:cobblestone_slab":171,"minecraft:diamond_axe":21,"minecraft:oak_slab":200,"minecraft:crafting_table":5,"minecraft:diamond_pickaxe":404,"minecraft:melon_slice":30,"minecraft:iron_pickaxe":450,"minecraft:spruce_sapling":10,"minecraft:stone_axe":202,"minecraft:cobblestone":147,"minecraft:bucket":23,"minecraft:oak_boat":15,"minecraft:bone_meal":117},"minecraft:dropped":{"minecraft:stone_hoe":1,"minecraft:poisonous_potato":5,"minecraft:cobblestone":7,"minecraft:rooted_dirt":1,"minecraft:dirt":2,"minecraft:wooden_axe":1,"minecraft:melon_slice":16,"minecraft:spruce_sapling":9,"minecraft:stone_axe":1,"minecraft:cooked_chicken":10,"minecraft:stone_shovel":1,"minecraft:shield":1,"minecraft:oak_button":1,"minecraft:wooden_shovel":2,"minecraft:oak_sapling":8,"minecraft:stone_pickaxe":1},"minecraft:picked_up":{"minecraft:mud":42,"minecraft:crafting_table":2,"minecraft:wheat":22,"minecraft:clay_ball":80,"minecraft:lead":2,"minecraft:shield":3,"minecraft:string":3,"minecraft:raw_copper":44,"minecraft:soul_soil":2,"minecraft:iron_axe":2,"minecraft:iron_shovel":2,"minecraft:gold_nugget":6,"minecraft:cobbled_deepslate":18,"minecraft:oak_boat":8,"minecraft:cobblestone_slab":152,"minecraft:iron_pickaxe":2,"minecraft:melon_slice":175,"minecraft:chest":4,"minecraft:furnace":2,"minecraft:egg":5,"minecraft:stick":32,"minecraft:raw_iron":52,"minecraft:oak_door":1,"minecraft:oak_fence":29,"minecraft:torch":4,"minecraft:diorite":16,"minecraft:redstone":69,"minecraft:stone_shovel":1,"minecraft:white_wool":7,"minecraft:cobblestone":285,"minecraft:water_bucket":1,"minecraft:andesite":20,"minecraft:potato":199,"minecraft:oak_log":72,"minecraft:ancient_debris":6,"minecraft:dirt":238,"minecraft:apple":1,"minecraft:wheat_seeds":92,"minecraft:raw_gold":30,"minecraft:oak_fence_gate":2,"minecraft:iron_ingot":2,"minecraft:cooked_chicken":4,"minecraft:glowstone_dust":12,"minecraft:moss_block":115,"minecraft:stone_hoe":1,"minecraft:oak_planks":31,"minecraft:soul_sand":7,"minecraft:oak_slab":12,"minecraft:quartz":2,"minecraft:poisonous_potato":6,"minecraft:spruce_sapling":42,"minecraft:spruce_log":102,"minecraft:mossy_cobblestone":12,"minecraft:spider_eye":1,"minecraft:iron_hoe":1,"minecraft:slime_ball":2,"minecraft:diamond":18,"minecraft:stone_axe":1,"minecraft:diamond_axe":1,"minecraft:granite":14,"minecraft:bone_meal":57,"minecraft:emerald":16,"minecraft:rooted_dirt":1,"minecraft:baked_potato":3,"minecraft:oak_sapling":18,"minecraft:netherrack":8,"minecraft:melon_seeds":1,"minecraft:coal":51}},"DataVersion":3465}