{"stats":{"minecraft:mined":{"minecraft:oak_slab":1,"minecraft:mud":23,"minecraft:coal_ore":1,"minecraft:grass_block":131,"minecraft:oak_log":3,"minecraft:dirt":1,"minecraft:cobblestone":1,"minecraft:stone":32,"minecraft:moss_block":38},"minecraft:used":{"minecraft:moss_block":1,"minecraft:wooden_axe":46,"minecraft:stone_shovel":27,"minecraft:stone_pickaxe":10,"minecraft:wooden_pickaxe":59,"minecraft:wooden_shovel":49,"minecraft:stone_axe":55,"minecraft:dirt":5,"minecraft:oak_slab":2,"minecraft:crafting_table":1},"minecraft:killed_by":{"man:managgresive":1,"minecraft:player":1},"minecraft:broken":{"minecraft:wooden_pickaxe":1},"minecraft:picked_up":{"minecraft:oak_slab":2,"minecraft:mud":9,"minecraft:oak_log":11,"minecraft:dirt":46,"minecraft:moss_block":17,"minecraft:cobblestone":20},"minecraft:custom":{"minecraft:time_since_rest":16004,"minecraft:damage_taken":3078,"minecraft:walk_one_cm":37146,"minecraft:drop":19,"minecraft:damage_dealt":752,"minecraft:interact_with_crafting_table":9,"minecraft:talked_to_villager":12,"minecraft:fly_one_cm":3630,"minecraft:open_chest":12,"minecraft:crouch_one_cm":12294,"minecraft:play_time":24985,"minecraft:deaths":12,"minecraft:sneak_time":12479,"minecraft:jump":163,"minecraft:leave_game":1,"minecraft:time_since_death":15980,"minecraft:total_world_time":24985},"minecraft:crafted":{"minecraft:oak_slab":6,"minecraft:oak_planks":40,"minecraft:wooden_shovel":1,"minecraft:stone_shovel":1,"minecraft:crafting_table":1,"minecraft:stick":20,"minecraft:wooden_pickaxe":1,"minecraft:stone_pickaxe":2,"minecraft:wooden_axe":1,"minecraft:furnace":1,"minecraft:stone_axe":1},"minecraft:dropped":{"minecraft:dirt":18,"minecraft:stone_pickaxe":1}},"DataVersion":3465}