{"stats":{"minecraft:mined":{"minecraft:oak_slab":1,"minecraft:grass_block":59,"minecraft:mud":3,"minecraft:dirt":1,"minecraft:moss_block":17},"minecraft:used":{"minecraft:moss_block":1,"minecraft:wooden_axe":9,"minecraft:dirt":5,"minecraft:oak_slab":2,"minecraft:crafting_table":1,"minecraft:wooden_shovel":14},"minecraft:killed_by":{"man:managgresive":1,"minecraft:player":1},"minecraft:picked_up":{"minecraft:oak_slab":2,"minecraft:oak_log":4,"minecraft:moss_block":9,"minecraft:dirt":24},"minecraft:custom":{"minecraft:time_since_rest":4004,"minecraft:crouch_one_cm":9763,"minecraft:play_time":12985,"minecraft:walk_one_cm":26471,"minecraft:damage_taken":3068,"minecraft:deaths":12,"minecraft:sneak_time":4830,"minecraft:drop":3,"minecraft:jump":158,"minecraft:damage_dealt":752,"minecraft:leave_game":1,"minecraft:time_since_death":3980,"minecraft:total_world_time":12985,"minecraft:talked_to_villager":1,"minecraft:interact_with_crafting_table":2,"minecraft:fly_one_cm":3590},"minecraft:crafted":{"minecraft:oak_slab":6,"minecraft:oak_planks":16,"minecraft:wooden_shovel":1,"minecraft:crafting_table":1,"minecraft:stick":4,"minecraft:wooden_axe":1},"minecraft:dropped":{"minecraft:dirt":3}},"DataVersion":3465}