{"stats":{"minecraft:killed":{"minecraft:skeleton":2,"minecraft:sheep":3,"minecraft:zombie":5,"minecraft:chicken":6},"minecraft:mined":{"minecraft:red_bed":4,"minecraft:deepslate_diamond_ore":2,"minecraft:gray_stained_glass_pane":4,"minecraft:crafting_table":2,"minecraft:torch":3,"minecraft:melon":1,"minecraft:jungle_log":11,"minecraft:deepslate_coal_ore":4,"minecraft:moss_block":1,"minecraft:wall_torch":2,"minecraft:furnace":1,"minecraft:cobbled_deepslate":2,"minecraft:fire":1,"minecraft:pumpkin":2,"minecraft:stone_brick_stairs":2,"minecraft:grass":13,"minecraft:cave_vines":2,"minecraft:deepslate_iron_ore":21,"minecraft:vine":1,"minecraft:spruce_slab":1,"minecraft:deepslate":13,"minecraft:fern":4},"minecraft:crafted":{"minecraft:crafting_table":1,"minecraft:wooden_pickaxe":1,"minecraft:iron_sword":1,"minecraft:jungle_planks":44,"minecraft:iron_axe":1,"minecraft:stick":20,"minecraft:wooden_axe":1,"minecraft:iron_shovel":1,"minecraft:torch":28},"minecraft:used":{"minecraft:water_bucket":1,"minecraft:writable_book":1,"minecraft:iron_shovel":1,"minecraft:iron_sword":26,"minecraft:torch":34,"minecraft:glow_item_frame":2,"minecraft:mutton":1,"minecraft:crafting_table":2,"minecraft:red_bed":3,"minecraft:jungle_planks":4,"minecraft:painting":5,"minecraft:milk_bucket":1,"minecraft:wooden_axe":35,"minecraft:diamond_pickaxe":27,"minecraft:chicken":6,"minecraft:iron_axe":10,"minecraft:melon_slice":15,"minecraft:iron_pickaxe":20,"minecraft:furnace":1,"minecraft:bucket":2,"minecraft:cooked_beef":9,"minecraft:cobbled_deepslate":2},"minecraft:dropped":{"minecraft:wheat_seeds":3,"minecraft:jungle_log":1,"minecraft:wooden_pickaxe":1},"minecraft:custom":{"minecraft:interact_with_furnace":6,"minecraft:interact_with_anvil":1,"minecraft:mob_kills":15,"minecraft:interact_with_crafting_table":3,"minecraft:open_barrel":13,"minecraft:interact_with_loom":1,"minecraft:eat_cake_slice":3,"minecraft:leave_game":1,"minecraft:time_since_death":41513,"minecraft:climb_one_cm":4553,"minecraft:sleep_in_bed":2,"minecraft:time_since_rest":13802,"minecraft:sprint_one_cm":108897,"minecraft:damage_taken":1040,"minecraft:walk_one_cm":114382,"minecraft:drop":3,"minecraft:damage_dealt":1839,"minecraft:swim_one_cm":5343,"minecraft:talked_to_villager":6,"minecraft:fly_one_cm":78317,"minecraft:open_chest":16,"minecraft:crouch_one_cm":2369,"minecraft:play_time":41513,"tombstone:undead_killed":7,"minecraft:sneak_time":735,"minecraft:walk_under_water_one_cm":1126,"minecraft:jump":481,"minecraft:interact_with_blast_furnace":3,"minecraft:walk_on_water_one_cm":9830,"minecraft:total_world_time":41513,"minecraft:interact_with_smoker":2,"minecraft:fall_one_cm":11129},"minecraft:picked_up":{"minecraft:crafting_table":2,"minecraft:feather":8,"minecraft:chicken":6,"minecraft:glow_ink_sac":2,"minecraft:jungle_log":12,"minecraft:wooden_pickaxe":1,"minecraft:stone_brick_stairs":2,"minecraft:red_bed":4,"minecraft:moss_carpet":1,"minecraft:bone":3,"minecraft:wheat_seeds":6,"minecraft:cobbled_deepslate":15,"minecraft:jungle_sapling":3,"minecraft:spruce_slab":1,"minecraft:melon_slice":11,"minecraft:moss_block":7,"minecraft:egg":1,"minecraft:furnace":1,"minecraft:stick":8,"minecraft:raw_iron":21,"minecraft:black_candle":1,"minecraft:pumpkin":2,"minecraft:torch":6,"minecraft:gravel":1,"minecraft:arrow":3,"minecraft:rotten_flesh":6,"minecraft:diamond":2,"minecraft:glow_berries":1,"minecraft:black_wool":1,"minecraft:mutton":4,"minecraft:coal":4,"minecraft:white_wool":2}},"DataVersion":3120}