{"stats":{"minecraft:used":{"minecraft:moss_block":2,"minecraft:iron_shovel":222,"minecraft:chest":11,"minecraft:shield":9,"minecraft:carrot":266,"minecraft:azure_bluet":1,"minecraft:lava_bucket":11,"minecraft:mossy_cobblestone_slab":2,"minecraft:furnace":2,"minecraft:oak_sapling":62,"minecraft:egg":9,"minecraft:potato":145,"minecraft:diorite":65,"minecraft:stone_pickaxe":321,"minecraft:oak_planks":167,"minecraft:wooden_pickaxe":59,"minecraft:composter":6,"minecraft:diamond_axe":404,"minecraft:sugar_cane":6,"minecraft:oak_leaves":2,"minecraft:shears":14,"minecraft:redstone_torch":1,"minecraft:diamond_sword":39,"minecraft:pufferfish_bucket":2,"minecraft:smithing_table":1,"weather2:tornado_siren":1,"minecraft:andesite":64,"minecraft:oak_boat":12,"minecraft:bone_meal":153,"minecraft:oak_trapdoor":4,"minecraft:oak_fence":54,"minecraft:stone_sword":11,"minecraft:stone_shovel":96,"minecraft:spruce_planks":16,"minecraft:wooden_shovel":49,"minecraft:netherrack":58,"minecraft:torch":187,"minecraft:dirt":388,"minecraft:granite":65,"minecraft:oak_fence_gate":2,"minecraft:iron_hoe":267,"minecraft:wooden_axe":134,"minecraft:iron_axe":450,"minecraft:glowstone":4,"minecraft:cobbled_deepslate":89,"minecraft:wheat_seeds":270,"minecraft:water_bucket":50,"minecraft:baked_potato":25,"minecraft:cobblestone_slab":723,"minecraft:mossy_cobblestone":1,"minecraft:oak_slab":122,"minecraft:crafting_table":5,"minecraft:white_bed":1,"minecraft:smoker":1,"minecraft:spruce_log":5,"minecraft:oak_log":1,"minecraft:mud":28,"minecraft:wooden_hoe":60,"minecraft:diamond_pickaxe":2348,"minecraft:apple":4,"minecraft:oxeye_daisy":1,"minecraft:diamond_shovel":14,"minecraft:iron_pickaxe":1044,"minecraft:spruce_sapling":3,"minecraft:stone_axe":211,"minecraft:cobblestone":345,"minecraft:bucket":58,"minecraft:dandelion":5,"the_silence:sad_satan":1},"minecraft:crafted":{"minecraft:oak_planks":1096,"minecraft:cobblestone_slab":816,"weather2:weather_item":1,"minecraft:diamond_shovel":1,"minecraft:potato":5,"minecraft:chest":8,"minecraft:cow_spawn_egg":1,"minecraft:oak_fence":168,"minecraft:oak_slab":132,"minecraft:wooden_shovel":1,"minecraft:diamond_axe":7,"minecraft:crafting_table":5,"minecraft:baked_potato":30,"weather2:tornado_sensor":1,"minecraft:wooden_pickaxe":1,"minecraft:copper_ingot":8,"minecraft:wooden_hoe":2,"minecraft:diamond_pickaxe":6,"minecraft:shield":5,"minecraft:stick":504,"minecraft:iron_ingot":136,"minecraft:iron_pickaxe":12,"minecraft:stone_sword":1,"minecraft:gold_ingot":2,"minecraft:composter":1,"minecraft:shears":1,"minecraft:stone_shovel":2,"the_silence:flashlightoff":1,"minecraft:furnace":2,"minecraft:pufferfish_bucket":2,"minecraft:bone_meal":225,"minecraft:oak_trapdoor":4,"minecraft:iron_axe":6,"minecraft:iron_hoe":4,"minecraft:stone_pickaxe":4,"minecraft:diamond_sword":2,"weather2:tornado_siren":1,"minecraft:bucket":3,"minecraft:bone":75,"minecraft:stone_axe":3,"minecraft:glowstone":4,"minecraft:air":0,"minecraft:oak_fence_gate":7,"minecraft:oak_boat":5,"minecraft:wooden_axe":1,"minecraft:iron_shovel":4,"minecraft:white_bed":3,"minecraft:torch":436,"minecraft:carrot":5},"minecraft:dropped":{"minecraft:moss_block":1,"minecraft:diamond_axe":2,"minecraft:oak_log":2,"minecraft:diamond":1,"minecraft:rooted_dirt":1,"minecraft:emerald":1,"minecraft:dirt":19,"minecraft:iron_pickaxe":6,"minecraft:gold_ingot":1,"boh:sirenphone":1,"minecraft:cobbled_deepslate":1,"minecraft:white_bed":6,"minecraft:carrot":72,"minecraft:iron_ingot":1,"minecraft:cobblestone":61,"minecraft:copper_ingot":1,"minecraft:wooden_axe":1,"minecraft:iron_axe":4,"minecraft:iron_shovel":1,"minecraft:furnace":1,"minecraft:soul_soil":1,"minecraft:oak_trapdoor":12,"the_silence:flashlightoff":1,"minecraft:stone_sword":3,"minecraft:shears":1,"minecraft:cobblestone_slab":130,"minecraft:shield":1,"minecraft:diamond_pickaxe":2,"minecraft:andesite":1,"minecraft:oak_boat":2,"minecraft:stone_pickaxe":4},"minecraft:killed":{"minecraft:spider":13,"minecraft:pufferfish":1,"minecraft:skeleton":3,"boh:rat":5,"minecraft:creeper":6,"minecraft:zombie":3,"eyesinthedarkness:eyes":1,"minecraft:bat":1,"the_anomaly:anomaly_attack":1,"minecraft:enderman":1},"minecraft:killed_by":{"the_silence:the_silence_principal":1,"boh:siren_head":1,"minecraft:zombified_piglin":2,"the_anomaly:anomaly_attack_crawl":3,"minecraft:creeper":1,"cartoon_cat:cartoon_cat_chase":1,"shut_your_eyes:agony":4,"man:managgresive":1,"sanitydim:sneaking_terror":1,"minecraft:player":4,"minecraft:spider":1,"minecraft:enderman":1,"endofherobrine:villager":1,"minecraft:skeleton":2,"autizmzrake:rake":3,"midnightlurker:midnight_lurker_unprovoked":4},"minecraft:picked_up":{"minecraft:wooden_axe":1,"minecraft:wheat":134,"minecraft:smithing_table":1,"minecraft:diamond_sword":1,"minecraft:amethyst_block":47,"minecraft:string":38,"minecraft:wayfinder_armor_trim_smithing_template":1,"minecraft:soul_soil":18,"minecraft:raw_copper":358,"minecraft:pufferfish":1,"minecraft:oak_sign":5,"minecraft:gold_nugget":86,"minecraft:cobbled_deepslate":148,"minecraft:bucket":3,"minecraft:spruce_planks":17,"minecraft:redstone_torch":2,"minecraft:cobblestone_slab":333,"minecraft:iron_pickaxe":10,"minecraft:furnace":1,"minecraft:stick":147,"minecraft:composter":5,"minecraft:oak_fence":8,"minecraft:torch":140,"minecraft:diorite":76,"minecraft:golden_chestplate":1,"minecraft:stone_sword":3,"minecraft:rotten_flesh":21,"minecraft:obsidian":52,"minecraft:cobblestone":877,"minecraft:mossy_cobblestone_slab":2,"minecraft:water_bucket":6,"minecraft:andesite":87,"minecraft:smoker":1,"minecraft:potato":224,"minecraft:dirt":675,"minecraft:bone":26,"minecraft:bow":1,"minecraft:wheat_seeds":410,"minecraft:raw_gold":107,"minecraft:glowstone_dust":67,"minecraft:moss_block":190,"minecraft:oak_planks":451,"minecraft:mossy_cobblestone":1,"minecraft:iron_hoe":2,"minecraft:diamond":98,"minecraft:granite":71,"minecraft:emerald":84,"minecraft:rooted_dirt":1,"minecraft:oak_sapling":115,"minecraft:netherrack":73,"minecraft:oak_leaves":24,"minecraft:diamond_pickaxe":6,"minecraft:mud":115,"minecraft:charcoal":2,"minecraft:azure_bluet":1,"minecraft:clay_ball":320,"minecraft:brown_mushroom":7,"minecraft:shield":2,"minecraft:oak_trapdoor":19,"minecraft:iron_axe":6,"the_silence:flashlightoff":1,"minecraft:blackstone":36,"minecraft:oak_boat":14,"minecraft:sugar_cane":46,"minecraft:chest":3,"minecraft:egg":10,"minecraft:raw_iron":176,"minecraft:copper_ingot":1,"the_silence:sad_satan":1,"minecraft:carrot":580,"minecraft:redstone":518,"minecraft:prismarine_crystals":3,"minecraft:arrow":23,"minecraft:stone_shovel":1,"minecraft:shears":3,"minecraft:gold_ingot":19,"minecraft:white_wool":4,"minecraft:oxeye_daisy":1,"minecraft:stripped_oak_log":1,"minecraft:red_mushroom":3,"minecraft:crimson_fungus":2,"minecraft:oak_log":481,"minecraft:ancient_debris":42,"minecraft:golden_boots":1,"minecraft:gunpowder":71,"boh:sirenphone":3,"minecraft:apple":7,"minecraft:iron_ingot":59,"minecraft:rabbit_hide":22,"minecraft:stone_pickaxe":2,"minecraft:soul_sand":31,"minecraft:oak_slab":13,"minecraft:quartz":27,"minecraft:dandelion":8,"minecraft:amethyst_shard":1,"minecraft:spruce_sapling":18,"minecraft:white_bed":3,"minecraft:spruce_log":33,"minecraft:spider_eye":5,"minecraft:diamond_shovel":8,"minecraft:slime_ball":16,"minecraft:diamond_axe":7,"minecraft:baked_potato":14,"minecraft:coal":169,"minecraft:ender_pearl":1},"minecraft:custom":{"minecraft:animals_bred":2,"minecraft:interact_with_crafting_table":114,"minecraft:leave_game":16,"minecraft:time_since_death":3596,"minecraft:sprint_one_cm":999328,"minecraft:damage_blocked_by_shield":585,"minecraft:drop":338,"minecraft:talked_to_villager":214,"minecraft:play_time":837741,"minecraft:deaths":86,"minecraft:jump":2919,"minecraft:walk_on_water_one_cm":85510,"minecraft:interact_with_furnace":65,"minecraft:traded_with_villager":10,"minecraft:sleep_in_bed":4,"minecraft:damage_dealt":13113,"minecraft:player_kills":3,"minecraft:crouch_one_cm":517588,"minecraft:interact_with_smithing_table":1,"minecraft:mob_kills":37,"minecraft:damage_dealt_resisted":4496,"minecraft:walk_one_cm":2387578,"minecraft:sneak_time":141813,"minecraft:walk_under_water_one_cm":151325,"minecraft:boat_one_cm":75792,"minecraft:total_world_time":837741,"minecraft:time_since_rest":3624,"minecraft:damage_taken":28579,"minecraft:swim_one_cm":4563,"minecraft:fly_one_cm":1476671,"minecraft:open_chest":869,"minecraft:fall_one_cm":17436},"minecraft:mined":{"minecraft:spruce_planks":10,"minecraft:oak_sapling":2,"minecraft:farmland":4,"minecraft:obsidian":29,"minecraft:granite":96,"minecraft:grass_block":625,"minecraft:soul_soil":11,"minecraft:composter":5,"minecraft:oxeye_daisy":1,"minecraft:mossy_cobblestone_slab":3,"minecraft:glowstone":20,"minecraft:iron_ore":48,"minecraft:cobbled_deepslate":6,"minecraft:fire":1,"minecraft:azure_bluet":1,"immersive_weathering:loam":5,"immersive_weathering:oak_leaf_pile":378,"minecraft:deepslate_redstone_ore":109,"minecraft:blackstone":24,"minecraft:crimson_nylium":23,"immersive_weathering:spruce_leaf_pile":60,"minecraft:clay":72,"minecraft:torch":13,"minecraft:chest":3,"minecraft:nether_quartz_ore":27,"minecraft:cobblestone":421,"minecraft:oak_planks":12,"minecraft:wall_torch":5,"minecraft:amethyst_block":40,"minecraft:deepslate_copper_ore":96,"minecraft:warped_nylium":25,"minecraft:mud":126,"minecraft:wheat":162,"minecraft:grass":175,"minecraft:oak_log":387,"minecraft:dirt":57,"minecraft:netherrack":37,"minecraft:ancient_debris":32,"minecraft:oak_leaves":132,"minecraft:deepslate":101,"minecraft:nether_gold_ore":22,"minecraft:deepslate_diamond_ore":115,"minecraft:sea_lantern":1,"minecraft:spruce_leaves":110,"minecraft:moss_block":210,"minecraft:rooted_dirt":1,"minecraft:redstone_ore":11,"minecraft:oak_trapdoor":1,"minecraft:spruce_sapling":3,"minecraft:carrots":169,"immersive_weathering:charred_log":1,"minecraft:andesite":113,"minecraft:potatoes":59,"minecraft:deepslate_iron_ore":154,"minecraft:cobblestone_slab":79,"minecraft:stone":513,"minecraft:smithing_table":1,"minecraft:oak_slab":5,"minecraft:soul_sand":27,"minecraft:dandelion":5,"minecraft:oak_fence":4,"minecraft:tall_grass":43,"minecraft:copper_ore":17,"minecraft:deepslate_coal_ore":164,"minecraft:deepslate_gold_ore":106,"endofherobrine:mossy_stone_bricks":4,"minecraft:sculk":22,"minecraft:diorite":90,"minecraft:redstone_torch":1,"minecraft:spruce_log":22,"minecraft:coal_ore":46,"minecraft:cracked_stone_bricks":2,"minecraft:gold_ore":18,"minecraft:deepslate_emerald_ore":97},"minecraft:broken":{"minecraft:iron_shovel":1,"minecraft:stone_pickaxe":1,"minecraft:wooden_pickaxe":1,"minecraft:iron_axe":1,"minecraft:iron_pickaxe":2,"minecraft:wooden_hoe":1}},"DataVersion":3465}