{"stats":{"minecraft:killed_by":{"the_silence:the_silence_principal":1,"minecraft:player":4,"boh:siren_head":1,"minecraft:zombified_piglin":2,"minecraft:creeper":1,"minecraft:spider":1,"minecraft:enderman":1,"shut_your_eyes:agony":4,"man:managgresive":1,"sanitydim:sneaking_terror":1,"endofherobrine:villager":1,"minecraft:skeleton":2,"autizmzrake:rake":3,"midnightlurker:midnight_lurker_unprovoked":2},"minecraft:mined":{"minecraft:nether_gold_ore":22,"minecraft:spruce_planks":10,"minecraft:oak_sapling":2,"minecraft:farmland":2,"minecraft:deepslate_diamond_ore":111,"minecraft:sea_lantern":1,"minecraft:obsidian":21,"minecraft:granite":88,"minecraft:grass_block":604,"minecraft:soul_soil":11,"minecraft:spruce_leaves":107,"minecraft:composter":5,"minecraft:moss_block":196,"minecraft:oxeye_daisy":1,"minecraft:rooted_dirt":1,"minecraft:redstone_ore":11,"minecraft:oak_trapdoor":1,"minecraft:glowstone":19,"minecraft:spruce_sapling":3,"minecraft:carrots":169,"minecraft:iron_ore":48,"minecraft:fire":1,"minecraft:cobbled_deepslate":5,"minecraft:andesite":112,"minecraft:azure_bluet":1,"minecraft:potatoes":59,"minecraft:deepslate_iron_ore":145,"minecraft:cobblestone_slab":35,"immersive_weathering:loam":5,"minecraft:stone":490,"immersive_weathering:oak_leaf_pile":378,"minecraft:smithing_table":1,"minecraft:deepslate_redstone_ore":99,"minecraft:oak_slab":5,"minecraft:soul_sand":25,"minecraft:blackstone":19,"minecraft:crimson_nylium":20,"immersive_weathering:spruce_leaf_pile":60,"minecraft:dandelion":5,"minecraft:clay":68,"minecraft:torch":12,"minecraft:chest":1,"minecraft:nether_quartz_ore":22,"minecraft:copper_ore":17,"minecraft:tall_grass":43,"minecraft:cobblestone":203,"minecraft:deepslate_coal_ore":155,"minecraft:deepslate_gold_ore":99,"endofherobrine:mossy_stone_bricks":4,"minecraft:oak_planks":12,"minecraft:sculk":17,"minecraft:diorite":86,"minecraft:wall_torch":4,"minecraft:amethyst_block":32,"minecraft:deepslate_copper_ore":90,"minecraft:warped_nylium":22,"minecraft:mud":118,"minecraft:redstone_torch":1,"minecraft:wheat":162,"minecraft:spruce_log":22,"minecraft:grass":175,"minecraft:oak_log":377,"minecraft:coal_ore":46,"minecraft:dirt":57,"minecraft:cracked_stone_bricks":2,"minecraft:ancient_debris":29,"minecraft:netherrack":36,"minecraft:gold_ore":18,"minecraft:deepslate_emerald_ore":93,"minecraft:oak_leaves":110,"minecraft:deepslate":91},"minecraft:custom":{"minecraft:mob_kills":36,"minecraft:animals_bred":2,"minecraft:interact_with_crafting_table":91,"minecraft:damage_dealt_resisted":4269,"minecraft:leave_game":12,"minecraft:time_since_death":552,"minecraft:sprint_one_cm":838249,"minecraft:walk_one_cm":2022772,"minecraft:damage_blocked_by_shield":585,"minecraft:drop":338,"minecraft:talked_to_villager":207,"minecraft:play_time":731546,"minecraft:sneak_time":120611,"minecraft:deaths":77,"minecraft:walk_under_water_one_cm":144392,"minecraft:boat_one_cm":75792,"minecraft:jump":2375,"minecraft:walk_on_water_one_cm":77832,"minecraft:total_world_time":731546,"minecraft:interact_with_furnace":60,"minecraft:traded_with_villager":10,"minecraft:time_since_rest":580,"minecraft:damage_taken":25917,"minecraft:damage_dealt":9954,"minecraft:player_kills":3,"minecraft:swim_one_cm":2733,"minecraft:fly_one_cm":1403819,"minecraft:open_chest":743,"minecraft:crouch_one_cm":442583,"minecraft:fall_one_cm":17018,"minecraft:interact_with_smithing_table":1},"minecraft:crafted":{"minecraft:oak_planks":640,"minecraft:cobblestone_slab":414,"minecraft:stone_shovel":2,"the_silence:flashlightoff":1,"weather2:weather_item":1,"minecraft:furnace":2,"minecraft:pufferfish_bucket":2,"minecraft:bone_meal":225,"minecraft:potato":5,"minecraft:oak_trapdoor":2,"minecraft:iron_axe":6,"minecraft:iron_hoe":3,"minecraft:stone_pickaxe":4,"minecraft:chest":6,"minecraft:cow_spawn_egg":1,"minecraft:oak_slab":132,"minecraft:diamond_sword":2,"minecraft:wooden_shovel":1,"weather2:tornado_siren":1,"minecraft:diamond_axe":3,"minecraft:crafting_table":3,"weather2:tornado_sensor":1,"minecraft:wooden_pickaxe":1,"minecraft:baked_potato":30,"minecraft:copper_ingot":8,"minecraft:bucket":3,"minecraft:bone":75,"minecraft:stone_axe":3,"minecraft:glowstone":4,"minecraft:air":0,"minecraft:oak_boat":5,"minecraft:wooden_hoe":1,"minecraft:diamond_pickaxe":4,"minecraft:shield":5,"minecraft:stick":164,"minecraft:iron_ingot":136,"minecraft:iron_pickaxe":12,"minecraft:wooden_axe":1,"minecraft:stone_sword":1,"minecraft:iron_shovel":4,"minecraft:gold_ingot":2,"minecraft:white_bed":3,"minecraft:composter":1,"minecraft:torch":344,"minecraft:carrot":5},"minecraft:picked_up":{"minecraft:wooden_axe":1,"minecraft:mud":102,"minecraft:wheat":134,"minecraft:azure_bluet":1,"minecraft:smithing_table":1,"minecraft:diamond_sword":1,"minecraft:clay_ball":296,"minecraft:brown_mushroom":7,"minecraft:shield":2,"minecraft:amethyst_block":33,"minecraft:string":38,"minecraft:oak_trapdoor":18,"minecraft:wayfinder_armor_trim_smithing_template":1,"minecraft:soul_soil":18,"minecraft:raw_copper":326,"minecraft:iron_axe":6,"minecraft:pufferfish":1,"minecraft:blackstone":26,"the_silence:flashlightoff":1,"minecraft:oak_sign":5,"minecraft:cobbled_deepslate":132,"minecraft:gold_nugget":74,"minecraft:bucket":2,"minecraft:spruce_planks":17,"minecraft:oak_boat":14,"minecraft:redstone_torch":2,"minecraft:cobblestone_slab":261,"minecraft:iron_pickaxe":10,"minecraft:chest":1,"minecraft:sugar_cane":46,"minecraft:egg":4,"minecraft:furnace":1,"minecraft:stick":127,"minecraft:raw_iron":161,"minecraft:composter":5,"minecraft:copper_ingot":1,"minecraft:torch":84,"minecraft:diorite":69,"minecraft:carrot":580,"minecraft:redstone":437,"minecraft:prismarine_crystals":3,"minecraft:golden_chestplate":1,"minecraft:stone_sword":3,"minecraft:stone_shovel":1,"minecraft:arrow":23,"minecraft:rotten_flesh":18,"minecraft:shears":2,"minecraft:gold_ingot":19,"minecraft:obsidian":35,"minecraft:white_wool":4,"minecraft:cobblestone":641,"minecraft:oxeye_daisy":1,"minecraft:stripped_oak_log":1,"minecraft:water_bucket":3,"minecraft:andesite":85,"minecraft:smoker":1,"minecraft:red_mushroom":3,"minecraft:potato":224,"minecraft:crimson_fungus":2,"minecraft:oak_log":461,"minecraft:ancient_debris":37,"minecraft:golden_boots":1,"minecraft:gunpowder":71,"minecraft:dirt":632,"boh:sirenphone":3,"minecraft:bone":26,"minecraft:apple":7,"minecraft:bow":1,"minecraft:wheat_seeds":410,"minecraft:raw_gold":96,"minecraft:stone_pickaxe":2,"minecraft:rabbit_hide":18,"minecraft:iron_ingot":59,"minecraft:glowstone_dust":55,"minecraft:moss_block":167,"minecraft:oak_planks":291,"minecraft:soul_sand":28,"minecraft:oak_slab":13,"minecraft:quartz":19,"minecraft:dandelion":8,"minecraft:amethyst_shard":1,"minecraft:spruce_sapling":18,"minecraft:white_bed":3,"minecraft:spruce_log":33,"minecraft:spider_eye":5,"minecraft:mossy_cobblestone":1,"minecraft:diamond_shovel":4,"minecraft:slime_ball":16,"minecraft:diamond":89,"minecraft:diamond_axe":2,"minecraft:granite":58,"minecraft:baked_potato":4,"minecraft:emerald":76,"minecraft:rooted_dirt":1,"minecraft:oak_sapling":113,"minecraft:netherrack":64,"minecraft:coal":151,"minecraft:diamond_pickaxe":2,"minecraft:ender_pearl":1},"minecraft:used":{"minecraft:oak_trapdoor":3,"minecraft:moss_block":2,"minecraft:stone_sword":11,"minecraft:iron_shovel":222,"minecraft:stone_shovel":96,"minecraft:chest":7,"minecraft:spruce_planks":16,"minecraft:shield":9,"minecraft:wooden_shovel":49,"minecraft:netherrack":58,"minecraft:torch":128,"minecraft:dirt":373,"minecraft:carrot":241,"minecraft:granite":65,"minecraft:azure_bluet":1,"minecraft:iron_hoe":123,"minecraft:wooden_axe":134,"minecraft:lava_bucket":3,"minecraft:iron_axe":450,"minecraft:glowstone":4,"minecraft:oak_sapling":62,"minecraft:furnace":2,"minecraft:egg":4,"minecraft:potato":118,"minecraft:cobbled_deepslate":81,"minecraft:wheat_seeds":212,"minecraft:water_bucket":25,"minecraft:diorite":65,"minecraft:baked_potato":22,"minecraft:stone_pickaxe":321,"minecraft:oak_planks":162,"minecraft:wooden_pickaxe":59,"minecraft:composter":6,"minecraft:sugar_cane":2,"minecraft:diamond_axe":362,"minecraft:cobblestone_slab":491,"minecraft:mossy_cobblestone":1,"minecraft:oak_slab":122,"minecraft:crafting_table":3,"minecraft:smoker":1,"minecraft:spruce_log":5,"minecraft:redstone_torch":1,"minecraft:mud":28,"minecraft:wooden_hoe":59,"minecraft:diamond_pickaxe":1883,"minecraft:apple":4,"minecraft:oxeye_daisy":1,"minecraft:iron_pickaxe":1044,"minecraft:spruce_sapling":3,"minecraft:stone_axe":211,"minecraft:diamond_sword":39,"minecraft:cobblestone":320,"minecraft:pufferfish_bucket":2,"minecraft:smithing_table":1,"weather2:tornado_siren":1,"minecraft:andesite":64,"minecraft:bucket":29,"minecraft:oak_boat":12,"minecraft:dandelion":5,"minecraft:bone_meal":153},"minecraft:killed":{"minecraft:spider":13,"minecraft:pufferfish":1,"eyesinthedarkness:eyes":1,"minecraft:skeleton":3,"boh:rat":5,"minecraft:bat":1,"minecraft:creeper":6,"minecraft:zombie":3,"minecraft:enderman":1},"minecraft:broken":{"minecraft:iron_shovel":1,"minecraft:wooden_pickaxe":1,"minecraft:stone_pickaxe":1,"minecraft:iron_axe":1,"minecraft:iron_pickaxe":2,"minecraft:wooden_hoe":1},"minecraft:dropped":{"minecraft:iron_ingot":1,"minecraft:moss_block":1,"minecraft:diamond_axe":2,"minecraft:oak_log":2,"minecraft:diamond":1,"minecraft:cobblestone":61,"minecraft:rooted_dirt":1,"minecraft:copper_ingot":1,"minecraft:emerald":1,"minecraft:dirt":19,"minecraft:wooden_axe":1,"minecraft:iron_axe":4,"minecraft:iron_pickaxe":6,"minecraft:iron_shovel":1,"minecraft:gold_ingot":1,"boh:sirenphone":1,"minecraft:furnace":1,"minecraft:oak_trapdoor":12,"minecraft:soul_soil":1,"the_silence:flashlightoff":1,"minecraft:cobbled_deepslate":1,"minecraft:stone_sword":3,"minecraft:white_bed":6,"minecraft:shears":1,"minecraft:carrot":72,"minecraft:cobblestone_slab":130,"minecraft:shield":1,"minecraft:diamond_pickaxe":2,"minecraft:andesite":1,"minecraft:oak_boat":2,"minecraft:stone_pickaxe":4}},"DataVersion":3465}