{"stats":{"minecraft:killed":{"minecraft:sheep":3,"minecraft:chicken":6},"minecraft:mined":{"minecraft:furnace":1,"minecraft:red_bed":2,"minecraft:pumpkin":2,"minecraft:stone_brick_stairs":2,"minecraft:gray_stained_glass_pane":4,"minecraft:crafting_table":2,"minecraft:grass":13,"minecraft:melon":1,"minecraft:vine":1,"minecraft:jungle_log":11,"minecraft:deepslate_coal_ore":4,"minecraft:spruce_slab":1,"minecraft:fern":4},"minecraft:crafted":{"minecraft:crafting_table":1,"minecraft:stick":12,"minecraft:wooden_pickaxe":1,"minecraft:wooden_axe":1,"minecraft:jungle_planks":44},"minecraft:used":{"minecraft:wooden_axe":35,"minecraft:chicken":6,"minecraft:iron_pickaxe":7,"minecraft:mutton":1,"minecraft:crafting_table":2,"minecraft:red_bed":1,"minecraft:jungle_planks":4,"minecraft:bucket":1,"minecraft:cooked_beef":2,"minecraft:milk_bucket":1},"minecraft:dropped":{"minecraft:jungle_log":1},"minecraft:picked_up":{"minecraft:stick":1,"minecraft:crafting_table":2,"minecraft:black_candle":1,"minecraft:feather":8,"minecraft:chicken":6,"minecraft:pumpkin":2,"minecraft:jungle_log":12,"minecraft:stone_brick_stairs":2,"minecraft:red_bed":2,"minecraft:wheat_seeds":3,"minecraft:jungle_sapling":3,"minecraft:spruce_slab":1,"minecraft:melon_slice":11,"minecraft:black_wool":1,"minecraft:mutton":4,"minecraft:coal":4,"minecraft:white_wool":2,"minecraft:furnace":1,"minecraft:egg":1},"minecraft:custom":{"minecraft:time_since_rest":5153,"minecraft:interact_with_furnace":1,"minecraft:sprint_one_cm":66219,"minecraft:damage_taken":241,"minecraft:walk_one_cm":63623,"minecraft:mob_kills":9,"minecraft:drop":1,"minecraft:damage_dealt":649,"minecraft:talked_to_villager":6,"minecraft:interact_with_crafting_table":2,"minecraft:fly_one_cm":45942,"minecraft:open_barrel":1,"minecraft:open_chest":11,"minecraft:crouch_one_cm":1366,"minecraft:interact_with_loom":1,"minecraft:play_time":17791,"minecraft:sneak_time":474,"minecraft:jump":244,"minecraft:eat_cake_slice":3,"minecraft:interact_with_blast_furnace":1,"minecraft:time_since_death":17791,"minecraft:sleep_in_bed":1,"minecraft:interact_with_smoker":2,"minecraft:climb_one_cm":4422,"minecraft:total_world_time":17791,"minecraft:fall_one_cm":6889}},"DataVersion":3120}