{"stats":{"minecraft:crafted":{"minecraft:oak_door":6,"minecraft:oak_planks":480,"minecraft:raw_iron":7,"minecraft:stone_shovel":3,"minecraft:cobblestone_slab":282,"minecraft:cooked_chicken":24,"minecraft:bone_meal":3,"minecraft:potato":4,"minecraft:iron_axe":4,"minecraft:melon_seeds":9,"minecraft:iron_hoe":3,"minecraft:stone_pickaxe":4,"minecraft:chest":5,"minecraft:oak_button":1,"minecraft:water_bucket":1,"minecraft:stone_hoe":1,"minecraft:oak_fence":33,"minecraft:oak_slab":216,"minecraft:wooden_shovel":3,"minecraft:cauldron":1,"minecraft:diamond_axe":1,"minecraft:crafting_table":4,"minecraft:spruce_planks":84,"minecraft:wooden_pickaxe":2,"minecraft:baked_potato":104,"minecraft:wheat_seeds":6,"minecraft:lava_bucket":3,"minecraft:sheep_spawn_egg":3,"minecraft:stone_axe":2,"minecraft:air":0,"minecraft:egg":3,"minecraft:oak_fence_gate":1,"minecraft:oak_boat":9,"minecraft:diamond_pickaxe":2,"minecraft:shield":1,"minecraft:stick":96,"minecraft:gunpowder":28,"minecraft:oak_stairs":4,"minecraft:iron_ingot":22,"minecraft:iron_pickaxe":4,"minecraft:wooden_axe":2,"minecraft:iron_shovel":3,"minecraft:gold_ingot":1,"minecraft:torch":60},"minecraft:custom":{"minecraft:mob_kills":5,"minecraft:animals_bred":4,"minecraft:interact_with_crafting_table":70,"minecraft:bell_ring":16,"minecraft:damage_dealt_resisted":5866,"minecraft:leave_game":3,"minecraft:time_since_death":4171,"minecraft:sprint_one_cm":363375,"minecraft:walk_one_cm":941231,"minecraft:drop":61,"minecraft:talked_to_villager":186,"minecraft:raid_win":1,"minecraft:play_time":294885,"minecraft:sneak_time":59621,"minecraft:deaths":14,"minecraft:walk_under_water_one_cm":21931,"minecraft:boat_one_cm":152096,"minecraft:jump":769,"minecraft:walk_on_water_one_cm":4762,"minecraft:total_world_time":294885,"minecraft:interact_with_furnace":41,"minecraft:traded_with_villager":34,"minecraft:raid_trigger":2,"minecraft:time_since_rest":4204,"minecraft:damage_taken":4499,"minecraft:damage_dealt":3523,"minecraft:fly_one_cm":373878,"minecraft:open_chest":258,"minecraft:crouch_one_cm":136668,"minecraft:fall_one_cm":7627},"minecraft:mined":{"minecraft:nether_gold_ore":4,"minecraft:attached_melon_stem":1,"minecraft:oak_sapling":6,"minecraft:farmland":2,"minecraft:mossy_cobblestone":14,"minecraft:deepslate_diamond_ore":29,"minecraft:oak_door":1,"minecraft:granite":22,"minecraft:grass_block":212,"minecraft:soul_soil":4,"minecraft:spruce_leaves":99,"minecraft:moss_block":214,"minecraft:rooted_dirt":1,"minecraft:mossy_cobblestone_slab":1,"minecraft:spruce_sapling":10,"minecraft:glowstone":4,"minecraft:furnace":2,"minecraft:iron_ore":8,"minecraft:fire":3,"minecraft:andesite":27,"minecraft:potatoes":89,"minecraft:deepslate_iron_ore":44,"minecraft:cobblestone_slab":33,"minecraft:stone":217,"immersive_weathering:oak_leaf_pile":32,"minecraft:deepslate_redstone_ore":22,"minecraft:oak_slab":10,"minecraft:soul_sand":10,"minecraft:melon_stem":4,"minecraft:crimson_nylium":6,"immersive_weathering:spruce_leaf_pile":79,"minecraft:oak_fence":29,"minecraft:clay":26,"minecraft:crafting_table":3,"minecraft:torch":6,"minecraft:melon":33,"minecraft:chest":4,"minecraft:nether_quartz_ore":2,"minecraft:tall_grass":11,"minecraft:cobblestone":225,"minecraft:deepslate_coal_ore":49,"minecraft:deepslate_gold_ore":37,"minecraft:oak_planks":34,"minecraft:diorite":23,"minecraft:wall_torch":1,"minecraft:deepslate_copper_ore":19,"minecraft:warped_nylium":5,"minecraft:mud":77,"minecraft:wheat":44,"minecraft:spruce_log":105,"minecraft:grass":81,"minecraft:oak_log":28,"minecraft:coal_ore":3,"minecraft:oak_fence_gate":2,"minecraft:dirt":18,"minecraft:netherrack":10,"minecraft:ancient_debris":4,"minecraft:oak_leaves":121,"minecraft:deepslate_emerald_ore":33,"minecraft:deepslate":29},"minecraft:killed_by":{"man:managgresive":1,"endofherobrine:villager":1,"boh:light_head":6},"minecraft:broken":{"minecraft:wooden_pickaxe":1,"minecraft:stone_pickaxe":1,"minecraft:stone_axe":1,"minecraft:iron_pickaxe":2},"minecraft:killed":{"minecraft:spider":2,"endofherobrine:villager":2,"minecraft:pillager":1},"minecraft:used":{"minecraft:oak_fence":47,"minecraft:moss_block":36,"minecraft:iron_shovel":22,"minecraft:stone_shovel":114,"minecraft:chest":7,"minecraft:spruce_planks":16,"minecraft:cooked_chicken":8,"minecraft:wooden_shovel":27,"minecraft:stone_hoe":90,"minecraft:oak_door":6,"minecraft:torch":53,"minecraft:dirt":415,"minecraft:oak_fence_gate":3,"minecraft:iron_hoe":47,"minecraft:wooden_axe":43,"minecraft:lava_bucket":4,"minecraft:iron_axe":283,"minecraft:oak_stairs":2,"minecraft:melon_seeds":11,"minecraft:oak_sapling":18,"minecraft:furnace":2,"minecraft:egg":8,"minecraft:potato":141,"minecraft:wheat_seeds":71,"minecraft:water_bucket":24,"minecraft:stone_pickaxe":240,"minecraft:baked_potato":4,"minecraft:oak_planks":132,"minecraft:wooden_pickaxe":116,"minecraft:cauldron":1,"minecraft:cobblestone_slab":272,"minecraft:diamond_axe":24,"minecraft:oak_leaves":8,"minecraft:oak_slab":208,"minecraft:crafting_table":5,"minecraft:shears":8,"minecraft:diamond_pickaxe":432,"minecraft:melon_slice":33,"minecraft:iron_pickaxe":547,"minecraft:spruce_sapling":10,"minecraft:stone_axe":202,"minecraft:cobblestone":147,"minecraft:andesite":1,"minecraft:bucket":27,"minecraft:oak_boat":15,"minecraft:bone_meal":117},"minecraft:dropped":{"minecraft:stone_hoe":1,"minecraft:poisonous_potato":7,"minecraft:cobblestone":7,"minecraft:rooted_dirt":1,"minecraft:dirt":2,"minecraft:wooden_axe":1,"minecraft:melon_slice":16,"minecraft:spruce_sapling":9,"minecraft:stone_axe":1,"minecraft:cooked_chicken":10,"minecraft:stone_shovel":1,"minecraft:shield":1,"minecraft:oak_button":1,"minecraft:oak_sapling":8,"minecraft:wooden_shovel":2,"minecraft:stone_pickaxe":1},"minecraft:picked_up":{"minecraft:mud":50,"minecraft:crafting_table":2,"minecraft:wheat":36,"minecraft:clay_ball":88,"minecraft:lead":2,"minecraft:shield":3,"minecraft:string":3,"minecraft:raw_copper":47,"minecraft:soul_soil":4,"minecraft:iron_axe":2,"minecraft:iron_shovel":2,"minecraft:gold_nugget":10,"minecraft:cobbled_deepslate":21,"minecraft:oak_boat":9,"minecraft:cobblestone_slab":163,"minecraft:iron_pickaxe":2,"minecraft:melon_slice":208,"minecraft:chest":4,"minecraft:furnace":2,"minecraft:egg":5,"minecraft:stick":35,"minecraft:raw_iron":57,"minecraft:oak_door":1,"minecraft:oak_fence":29,"minecraft:torch":8,"minecraft:diorite":20,"minecraft:redstone":81,"minecraft:stone_shovel":1,"minecraft:white_wool":11,"minecraft:cobblestone":303,"minecraft:mossy_cobblestone_slab":1,"minecraft:water_bucket":1,"minecraft:andesite":27,"minecraft:potato":335,"minecraft:oak_log":79,"minecraft:ancient_debris":6,"minecraft:dirt":254,"minecraft:apple":1,"minecraft:wheat_seeds":136,"minecraft:raw_gold":33,"minecraft:oak_fence_gate":2,"minecraft:iron_ingot":2,"minecraft:cooked_chicken":4,"minecraft:glowstone_dust":16,"minecraft:moss_block":119,"minecraft:stone_hoe":1,"minecraft:oak_planks":31,"minecraft:soul_sand":9,"minecraft:oak_slab":14,"minecraft:quartz":3,"minecraft:poisonous_potato":8,"minecraft:spruce_sapling":42,"minecraft:spruce_log":102,"minecraft:spider_eye":1,"minecraft:mossy_cobblestone":12,"minecraft:iron_hoe":1,"minecraft:slime_ball":2,"minecraft:diamond":24,"minecraft:stone_axe":1,"minecraft:granite":17,"minecraft:diamond_axe":1,"minecraft:bone_meal":57,"minecraft:emerald":20,"minecraft:rooted_dirt":1,"minecraft:baked_potato":3,"minecraft:oak_sapling":19,"minecraft:netherrack":13,"minecraft:melon_seeds":5,"minecraft:coal":60,"minecraft:oak_leaves":8}},"DataVersion":3465}