{"stats":{"minecraft:mined":{"minecraft:deepslate_redstone_ore":11,"minecraft:oak_slab":1,"minecraft:spruce_planks":3,"minecraft:oak_sapling":1,"minecraft:deepslate_diamond_ore":9,"immersive_weathering:spruce_leaf_pile":27,"minecraft:clay":22,"minecraft:torch":1,"minecraft:granite":33,"minecraft:grass_block":273,"minecraft:copper_ore":17,"minecraft:cobblestone":6,"minecraft:deepslate_coal_ore":19,"minecraft:spruce_leaves":24,"minecraft:deepslate_gold_ore":7,"minecraft:oak_planks":1,"minecraft:moss_block":115,"minecraft:rooted_dirt":1,"minecraft:diorite":28,"minecraft:wall_torch":2,"minecraft:deepslate_copper_ore":6,"minecraft:redstone_ore":11,"minecraft:mud":62,"minecraft:iron_ore":48,"minecraft:spruce_log":6,"minecraft:andesite":38,"minecraft:oak_log":34,"minecraft:coal_ore":46,"minecraft:deepslate_iron_ore":16,"minecraft:cobblestone_slab":8,"immersive_weathering:loam":4,"minecraft:dirt":14,"minecraft:stone":245,"minecraft:gold_ore":18,"minecraft:deepslate_emerald_ore":10,"minecraft:oak_leaves":20,"minecraft:deepslate":8,"immersive_weathering:oak_leaf_pile":40},"minecraft:used":{"minecraft:moss_block":2,"minecraft:water_bucket":5,"minecraft:stone_shovel":96,"minecraft:stone_pickaxe":321,"minecraft:oak_planks":3,"minecraft:wooden_pickaxe":59,"minecraft:wooden_shovel":49,"minecraft:cobblestone_slab":79,"minecraft:torch":10,"minecraft:dirt":45,"minecraft:oak_slab":2,"minecraft:crafting_table":1,"minecraft:spruce_log":5,"minecraft:wooden_axe":46,"minecraft:iron_axe":5,"minecraft:iron_pickaxe":640,"minecraft:spruce_sapling":2,"minecraft:stone_axe":211,"minecraft:cobblestone":23,"minecraft:pufferfish_bucket":2,"minecraft:oak_sapling":6,"minecraft:furnace":1,"minecraft:bucket":5,"minecraft:oak_boat":3},"minecraft:killed_by":{"man:managgresive":1,"minecraft:player":1,"endofherobrine:villager":1},"minecraft:broken":{"minecraft:stone_pickaxe":1,"minecraft:wooden_pickaxe":1},"minecraft:killed":{"minecraft:pufferfish":1},"minecraft:custom":{"minecraft:interact_with_furnace":19,"minecraft:mob_kills":1,"minecraft:traded_with_villager":2,"minecraft:interact_with_crafting_table":32,"minecraft:leave_game":1,"minecraft:time_since_death":17172,"minecraft:time_since_rest":17247,"minecraft:sprint_one_cm":52051,"minecraft:walk_one_cm":280317,"minecraft:damage_taken":4643,"minecraft:drop":102,"minecraft:damage_dealt":923,"minecraft:swim_one_cm":283,"minecraft:talked_to_villager":53,"minecraft:fly_one_cm":217224,"minecraft:open_chest":122,"minecraft:crouch_one_cm":37649,"minecraft:play_time":114985,"minecraft:deaths":18,"minecraft:sneak_time":30791,"minecraft:walk_under_water_one_cm":6970,"minecraft:boat_one_cm":12915,"minecraft:jump":384,"minecraft:walk_on_water_one_cm":4583,"minecraft:total_world_time":114985,"minecraft:fall_one_cm":2496},"minecraft:picked_up":{"minecraft:wooden_axe":1,"minecraft:mud":42,"minecraft:clay_ball":52,"minecraft:andesite":15,"minecraft:oak_log":87,"minecraft:dirt":151,"minecraft:raw_copper":19,"minecraft:pufferfish":1,"minecraft:apple":1,"minecraft:raw_gold":6,"minecraft:stone_pickaxe":2,"minecraft:oak_boat":2,"minecraft:cobblestone_slab":76,"minecraft:moss_block":71,"minecraft:oak_planks":20,"minecraft:furnace":1,"minecraft:oak_slab":2,"minecraft:stick":33,"minecraft:raw_iron":70,"minecraft:torch":4,"minecraft:spruce_sapling":7,"minecraft:diorite":10,"minecraft:spruce_log":17,"minecraft:redstone":20,"minecraft:diamond":1,"minecraft:stone_shovel":1,"minecraft:granite":19,"minecraft:gold_ingot":16,"minecraft:emerald":9,"minecraft:rooted_dirt":1,"minecraft:oak_sapling":27,"minecraft:coal":51,"minecraft:cobblestone":141},"minecraft:crafted":{"minecraft:oak_slab":6,"minecraft:oak_planks":96,"minecraft:wooden_shovel":1,"minecraft:cobblestone_slab":72,"minecraft:stone_shovel":2,"minecraft:crafting_table":1,"minecraft:wooden_pickaxe":1,"minecraft:furnace":1,"minecraft:pufferfish_bucket":2,"minecraft:bucket":1,"minecraft:stone_axe":3,"minecraft:air":0,"minecraft:oak_boat":4,"minecraft:iron_axe":2,"minecraft:stick":32,"minecraft:iron_ingot":85,"minecraft:iron_pickaxe":8,"minecraft:stone_pickaxe":4,"minecraft:wooden_axe":1,"minecraft:torch":16},"minecraft:dropped":{"minecraft:furnace":1,"minecraft:oak_log":2,"minecraft:cobblestone":10,"minecraft:rooted_dirt":1,"minecraft:dirt":18,"minecraft:cobblestone_slab":66,"minecraft:wooden_axe":1,"minecraft:iron_axe":1,"minecraft:stone_pickaxe":4,"minecraft:iron_pickaxe":2}},"DataVersion":3465}