{"stats":{"minecraft:killed_by":{"the_silence:the_silence_principal":2,"minecraft:player":2,"the_anomaly:anomaly_attack_crawl":1,"cartoon_cat:cartoon_cat_chase":1,"shut_your_eyes:agony":1,"midnightlurker:void_hands":2,"man:managgresive":1,"autizmzrake:rake":3},"minecraft:mined":{"minecraft:nether_gold_ore":8,"minecraft:spruce_planks":4,"minecraft:oak_sapling":4,"minecraft:mossy_cobblestone":11,"minecraft:deepslate_diamond_ore":47,"minecraft:oak_door":4,"minecraft:sea_lantern":2,"minecraft:obsidian":22,"minecraft:granite":55,"minecraft:grass_block":303,"minecraft:soul_soil":13,"minecraft:spruce_leaves":67,"minecraft:moss_block":105,"minecraft:redstone_ore":9,"minecraft:oak_trapdoor":10,"minecraft:mossy_cobblestone_slab":23,"minecraft:spruce_sapling":1,"minecraft:glowstone":15,"minecraft:furnace":1,"minecraft:iron_ore":14,"minecraft:cobbled_deepslate":31,"minecraft:andesite":59,"minecraft:cobblestone_slab":247,"minecraft:deepslate_iron_ore":69,"minecraft:oak_sign":2,"immersive_weathering:loam":4,"minecraft:stripped_oak_log":1,"minecraft:stone":255,"minecraft:smithing_table":1,"immersive_weathering:oak_leaf_pile":37,"minecraft:deepslate_redstone_ore":48,"minecraft:oak_slab":8,"minecraft:blackstone":7,"minecraft:soul_sand":25,"minecraft:smoker":1,"minecraft:crimson_nylium":12,"immersive_weathering:spruce_leaf_pile":6,"minecraft:clay":47,"minecraft:crafting_table":6,"minecraft:torch":17,"minecraft:chest":12,"endofherobrine:glowing_obsidian":3,"minecraft:nether_quartz_ore":16,"minecraft:copper_ore":4,"minecraft:cobblestone":150,"minecraft:deepslate_coal_ore":65,"minecraft:deepslate_gold_ore":42,"minecraft:oak_planks":6,"endofherobrine:mossy_stone_bricks":1,"minecraft:sculk":7,"minecraft:diorite":54,"minecraft:iron_door":1,"minecraft:wall_torch":7,"minecraft:amethyst_block":12,"minecraft:deepslate_copper_ore":41,"minecraft:warped_nylium":9,"minecraft:mud":73,"minecraft:spruce_log":8,"minecraft:oak_log":82,"minecraft:coal_ore":5,"minecraft:dirt":89,"minecraft:netherrack":19,"minecraft:ancient_debris":13,"minecraft:oak_leaves":67,"minecraft:gold_ore":3,"minecraft:deepslate_emerald_ore":53,"minecraft:deepslate":50},"minecraft:crafted":{"minecraft:oak_door":3,"minecraft:oak_planks":176,"minecraft:cobblestone_slab":690,"weather2:weather_item":8,"minecraft:oak_trapdoor":4,"minecraft:pig_spawn_egg":1,"minecraft:slime_ball":15,"minecraft:stone_pickaxe":2,"minecraft:chest":13,"minecraft:oak_slab":12,"minecraft:crafting_table":6,"minecraft:spruce_planks":28,"weather2:wind_vane":1,"minecraft:bucket":10,"minecraft:bone":103,"minecraft:stone_axe":1,"minecraft:air":0,"minecraft:diamond_pickaxe":2,"minecraft:cobblestone":206,"minecraft:stick":16,"minecraft:iron_ingot":83,"minecraft:iron_pickaxe":3,"minecraft:oak_stairs":4,"minecraft:wooden_axe":2,"minecraft:gold_ingot":42,"minecraft:redstone_torch":2,"minecraft:torch":16},"minecraft:custom":{"minecraft:interact_with_smithing_table":1,"minecraft:mob_kills":26,"minecraft:animals_bred":2,"minecraft:interact_with_crafting_table":94,"minecraft:damage_dealt_resisted":249,"minecraft:leave_game":2,"minecraft:time_since_death":3034,"minecraft:sprint_one_cm":451492,"minecraft:walk_one_cm":1379199,"minecraft:damage_blocked_by_shield":1380,"minecraft:drop":74,"minecraft:talked_to_villager":121,"minecraft:play_time":414597,"minecraft:deaths":72,"minecraft:sneak_time":95116,"minecraft:walk_under_water_one_cm":67682,"minecraft:jump":1512,"minecraft:walk_on_water_one_cm":28105,"minecraft:total_world_time":414597,"minecraft:interact_with_furnace":75,"minecraft:traded_with_villager":20,"minecraft:sleep_in_bed":6,"minecraft:time_since_rest":2811,"minecraft:damage_taken":19213,"minecraft:damage_dealt":4960,"minecraft:swim_one_cm":945,"minecraft:fly_one_cm":226545,"minecraft:player_kills":5,"minecraft:open_chest":761,"minecraft:crouch_one_cm":430791,"minecraft:interact_with_smoker":1,"minecraft:fall_one_cm":22703,"minecraft:horse_one_cm":14},"minecraft:picked_up":{"minecraft:wooden_axe":3,"minecraft:mud":109,"minecraft:crafting_table":6,"minecraft:wheat":19,"minecraft:clay_ball":236,"minecraft:smithing_table":1,"minecraft:shield":1,"minecraft:amethyst_block":13,"minecraft:oak_trapdoor":9,"minecraft:raw_copper":212,"minecraft:soul_soil":14,"minecraft:iron_axe":1,"minecraft:iron_shovel":2,"minecraft:pufferfish":1,"the_silence:flashlightoff":1,"minecraft:blackstone":7,"minecraft:oak_sign":1,"minecraft:gold_nugget":46,"minecraft:cobbled_deepslate":92,"minecraft:bucket":1,"minecraft:spruce_planks":7,"minecraft:beef":2,"minecraft:oak_boat":7,"minecraft:cobblestone_slab":362,"minecraft:iron_pickaxe":4,"minecraft:chest":13,"minecraft:egg":4,"minecraft:furnace":5,"minecraft:stick":59,"minecraft:raw_iron":118,"minecraft:oak_door":4,"minecraft:torch":39,"minecraft:diorite":59,"minecraft:redstone":302,"minecraft:prismarine_crystals":7,"immersive_weathering:oak_bark":2,"minecraft:arrow":4,"minecraft:rotten_flesh":11,"minecraft:gold_ingot":16,"minecraft:obsidian":22,"minecraft:cobblestone":589,"minecraft:stripped_oak_log":1,"minecraft:mossy_cobblestone_slab":21,"minecraft:iron_door":1,"the_silence:flashlight":1,"minecraft:andesite":128,"minecraft:leather":1,"minecraft:smoker":1,"minecraft:oak_log":197,"minecraft:ancient_debris":20,"minecraft:wooden_hoe":1,"minecraft:dirt":630,"minecraft:bone":3,"minecraft:raw_gold":68,"minecraft:rabbit_hide":3,"minecraft:stone_pickaxe":3,"minecraft:glowstone_dust":68,"minecraft:moss_block":186,"minecraft:soul_sand":29,"minecraft:oak_planks":14,"minecraft:oak_slab":7,"minecraft:quartz":22,"minecraft:spruce_sapling":29,"minecraft:spruce_log":9,"minecraft:mossy_cobblestone":4,"minecraft:diamond":69,"minecraft:stone_axe":2,"minecraft:granite":69,"minecraft:emerald":73,"minecraft:oak_sapling":53,"minecraft:melon_seeds":4,"minecraft:netherrack":55,"minecraft:coal":169,"minecraft:diamond_pickaxe":2},"minecraft:used":{"minecraft:oak_trapdoor":14,"minecraft:moss_block":1,"minecraft:oak_sign":1,"minecraft:chest":23,"minecraft:spruce_planks":7,"minecraft:shield":29,"minecraft:netherrack":3,"minecraft:oak_door":4,"minecraft:torch":57,"minecraft:dirt":643,"minecraft:carrot":3,"minecraft:granite":1,"minecraft:obsidian":71,"minecraft:wooden_axe":52,"minecraft:iron_axe":81,"minecraft:mossy_cobblestone_slab":15,"minecraft:oak_sapling":8,"minecraft:furnace":5,"minecraft:egg":4,"minecraft:cobbled_deepslate":35,"minecraft:diorite":41,"minecraft:stone_pickaxe":136,"minecraft:oak_planks":2,"minecraft:wooden_pickaxe":5,"minecraft:diamond_axe":37,"minecraft:cobblestone_slab":940,"minecraft:mossy_cobblestone":4,"minecraft:crafting_table":9,"minecraft:white_bed":2,"minecraft:redstone_torch":2,"minecraft:oak_log":1,"minecraft:mud":165,"minecraft:diamond_pickaxe":1461,"minecraft:diamond_shovel":80,"minecraft:iron_pickaxe":513,"minecraft:spruce_sapling":4,"minecraft:stone_axe":9,"minecraft:diamond_sword":4,"minecraft:cobblestone":167,"minecraft:smithing_table":2,"minecraft:andesite":63,"minecraft:bucket":11,"minecraft:oak_boat":4},"minecraft:broken":{"minecraft:stone_pickaxe":1},"minecraft:killed":{"endofherobrine:silverfish":22,"minecraft:bat":1,"minecraft:zombie":3},"minecraft:dropped":{"minecraft:moss_block":42,"weather2:wind_vane":1,"minecraft:oak_log":1,"minecraft:crafting_table":3,"minecraft:cobblestone":16,"minecraft:prismarine_crystals":2,"minecraft:granite":2,"minecraft:stick":2,"minecraft:dirt":58,"minecraft:wooden_hoe":2,"minecraft:wooden_axe":2,"minecraft:mud":6,"minecraft:iron_pickaxe":2,"minecraft:iron_shovel":1,"minecraft:spruce_sapling":1,"minecraft:gold_ingot":16,"minecraft:oak_door":3,"weather2:weather_item":3,"minecraft:stone_axe":2,"the_silence:flashlightoff":1,"minecraft:cobbled_deepslate":1,"minecraft:raw_copper":43,"minecraft:clay_ball":12,"minecraft:diamond_sword":1,"minecraft:diamond_pickaxe":1,"minecraft:andesite":5,"minecraft:oak_sapling":4,"minecraft:stone_pickaxe":1}},"DataVersion":3465}