{"stats":{"minecraft:used":{"minecraft:moss_block":131,"minecraft:oak_fence":5,"minecraft:stone_shovel":79,"minecraft:chest":1,"minecraft:wooden_shovel":37,"minecraft:bell":1,"minecraft:cooked_chicken":11,"minecraft:netherrack":26,"minecraft:oak_door":6,"minecraft:torch":8,"minecraft:dirt":119,"minecraft:granite":68,"minecraft:obsidian":4,"minecraft:wooden_axe":54,"minecraft:lava_bucket":1,"minecraft:iron_axe":58,"minecraft:oak_sapling":25,"minecraft:furnace":4,"minecraft:egg":3,"minecraft:potato":3,"minecraft:cobbled_deepslate":51,"minecraft:diorite":53,"minecraft:stone_pickaxe":135,"minecraft:baked_potato":2,"minecraft:oak_planks":125,"minecraft:diamond_axe":69,"minecraft:oak_slab":102,"minecraft:crafting_table":2,"minecraft:mud":65,"minecraft:melon_slice":5,"minecraft:iron_pickaxe":458,"minecraft:spruce_sapling":73,"minecraft:stone_axe":386,"minecraft:cobblestone":241,"minecraft:andesite":65,"minecraft:oak_boat":6,"minecraft:bone_meal":3},"minecraft:crafted":{"minecraft:obsidian":4,"minecraft:oak_planks":172,"minecraft:furnace":3,"minecraft:iron_axe":3,"minecraft:water_bucket":1,"minecraft:magma_block":8,"minecraft:oak_slab":66,"minecraft:wooden_shovel":1,"minecraft:diamond_axe":1,"minecraft:wooden_pickaxe":1,"minecraft:bell":1,"minecraft:copper_ingot":64,"minecraft:lava_bucket":1,"minecraft:stone_axe":1,"minecraft:air":0,"minecraft:beetroot_seeds":4,"minecraft:stick":16,"minecraft:gunpowder":7,"minecraft:iron_ingot":89,"minecraft:iron_pickaxe":4,"minecraft:gold_ingot":32,"minecraft:shears":1},"minecraft:custom":{"minecraft:mob_kills":4,"minecraft:interact_with_crafting_table":40,"minecraft:damage_dealt_resisted":63,"minecraft:leave_game":4,"minecraft:time_since_death":2730,"minecraft:sprint_one_cm":409386,"minecraft:walk_one_cm":913570,"minecraft:drop":30,"minecraft:talked_to_villager":242,"minecraft:raid_win":1,"minecraft:play_time":222169,"minecraft:deaths":19,"minecraft:sneak_time":43927,"minecraft:walk_under_water_one_cm":15519,"minecraft:boat_one_cm":114437,"minecraft:jump":1193,"minecraft:walk_on_water_one_cm":6015,"minecraft:total_world_time":222169,"minecraft:interact_with_furnace":72,"minecraft:traded_with_villager":14,"minecraft:time_since_rest":2754,"minecraft:damage_taken":4815,"minecraft:damage_dealt":1140,"minecraft:swim_one_cm":63,"minecraft:fly_one_cm":347547,"minecraft:open_chest":287,"minecraft:crouch_one_cm":141075,"minecraft:fall_one_cm":18889,"minecraft:horse_one_cm":76},"minecraft:picked_up":{"minecraft:wooden_axe":1,"minecraft:mud":56,"minecraft:crafting_table":2,"minecraft:clay_ball":36,"minecraft:lead":3,"minecraft:raw_copper":4,"minecraft:cobbled_deepslate":8,"minecraft:bucket":2,"minecraft:spruce_planks":20,"minecraft:oak_boat":8,"minecraft:wooden_shovel":1,"minecraft:melon_slice":9,"minecraft:chest":1,"minecraft:furnace":1,"minecraft:egg":3,"minecraft:stick":85,"minecraft:raw_iron":19,"minecraft:oak_door":7,"minecraft:oak_fence":20,"minecraft:torch":8,"minecraft:diorite":4,"minecraft:redstone":22,"minecraft:stone_shovel":4,"minecraft:white_wool":9,"minecraft:cobblestone":202,"minecraft:water_bucket":1,"minecraft:andesite":8,"minecraft:potato":2,"minecraft:oak_log":94,"minecraft:dirt":161,"minecraft:white_banner":1,"minecraft:wheat_seeds":2,"minecraft:raw_gold":8,"minecraft:iron_ingot":19,"minecraft:stone_pickaxe":4,"minecraft:cooked_chicken":10,"minecraft:moss_block":70,"minecraft:oak_planks":117,"minecraft:stone_hoe":1,"minecraft:oak_slab":43,"minecraft:spruce_sapling":108,"minecraft:spruce_log":105,"minecraft:mossy_cobblestone":1,"minecraft:diamond":6,"minecraft:stone_axe":2,"minecraft:granite":11,"minecraft:emerald":4,"minecraft:oak_sapling":33,"minecraft:netherrack":2,"minecraft:coal":29},"minecraft:broken":{"minecraft:stone_axe":1,"minecraft:iron_pickaxe":1,"minecraft:wooden_axe":1},"minecraft:killed_by":{"minecraft:pillager":2,"minecraft:ravager":1},"minecraft:killed":{"minecraft:bat":1,"minecraft:pillager":1},"minecraft:dropped":{"minecraft:water_bucket":1,"minecraft:moss_block":10,"man:cassette_1safetyinstructions":1,"minecraft:wooden_axe":1,"minecraft:white_banner":1,"minecraft:iron_axe":2,"minecraft:mud":1,"minecraft:iron_pickaxe":1,"minecraft:spruce_sapling":1,"minecraft:cooked_chicken":2,"minecraft:stone_shovel":1,"minecraft:clay_ball":4,"minecraft:oak_planks":2,"minecraft:wooden_shovel":1,"minecraft:wooden_pickaxe":2},"minecraft:mined":{"minecraft:oak_sapling":10,"minecraft:farmland":2,"minecraft:mossy_cobblestone":1,"minecraft:oak_door":6,"minecraft:granite":30,"minecraft:grass_block":145,"minecraft:soul_soil":3,"minecraft:spruce_leaves":42,"minecraft:moss_block":100,"minecraft:spruce_sapling":40,"minecraft:glowstone":1,"minecraft:furnace":1,"minecraft:andesite":20,"minecraft:potatoes":1,"minecraft:stone":120,"immersive_weathering:oak_leaf_pile":59,"minecraft:podzol":1,"minecraft:oak_slab":40,"immersive_weathering:spruce_leaf_pile":225,"minecraft:crafting_table":4,"minecraft:oak_fence":5,"minecraft:clay":14,"minecraft:torch":7,"minecraft:chest":1,"minecraft:cobblestone":63,"minecraft:oak_planks":64,"minecraft:diorite":21,"minecraft:wall_torch":1,"minecraft:mud":36,"minecraft:wheat":1,"minecraft:spruce_log":58,"minecraft:oak_log":37,"minecraft:coal_ore":1,"minecraft:dirt":72,"minecraft:oak_leaves":71}},"DataVersion":3465}