{"stats":{"minecraft:mined":{"minecraft:oak_slab":8,"minecraft:oak_sapling":4,"minecraft:oak_door":1,"immersive_weathering:spruce_leaf_pile":1,"minecraft:clay":4,"minecraft:crafting_table":2,"minecraft:granite":1,"minecraft:grass_block":99,"minecraft:cobblestone":12,"minecraft:spruce_leaves":5,"minecraft:oak_planks":4,"minecraft:moss_block":31,"minecraft:diorite":2,"minecraft:wall_torch":3,"minecraft:spruce_sapling":1,"minecraft:mud":20,"minecraft:andesite":5,"minecraft:oak_log":3,"minecraft:cobblestone_slab":7,"immersive_weathering:loam":3,"minecraft:dirt":64,"minecraft:stone":67,"minecraft:oak_leaves":11,"immersive_weathering:oak_leaf_pile":28},"minecraft:used":{"minecraft:moss_block":1,"minecraft:stone_pickaxe":136,"minecraft:oak_planks":1,"minecraft:chest":3,"minecraft:wooden_pickaxe":5,"minecraft:cobblestone_slab":149,"minecraft:oak_door":4,"minecraft:torch":11,"minecraft:dirt":226,"minecraft:crafting_table":1,"minecraft:mud":99,"minecraft:wooden_axe":22,"minecraft:iron_pickaxe":40,"minecraft:spruce_sapling":2,"minecraft:stone_axe":9,"minecraft:cobblestone":80,"minecraft:oak_sapling":7,"minecraft:andesite":2,"minecraft:bucket":1},"minecraft:killed_by":{"man:managgresive":1},"minecraft:broken":{"minecraft:stone_pickaxe":1},"minecraft:custom":{"minecraft:interact_with_furnace":4,"minecraft:interact_with_crafting_table":24,"minecraft:time_since_death":11196,"minecraft:time_since_rest":11220,"minecraft:sprint_one_cm":82340,"minecraft:damage_taken":6415,"minecraft:walk_one_cm":298977,"minecraft:drop":43,"minecraft:damage_dealt":817,"minecraft:talked_to_villager":14,"minecraft:fly_one_cm":28383,"minecraft:player_kills":1,"minecraft:open_chest":84,"minecraft:crouch_one_cm":120554,"minecraft:play_time":89879,"minecraft:deaths":25,"minecraft:sneak_time":31346,"minecraft:walk_under_water_one_cm":1786,"minecraft:jump":388,"minecraft:walk_on_water_one_cm":2052,"minecraft:total_world_time":89879,"minecraft:fall_one_cm":2191},"minecraft:picked_up":{"minecraft:wooden_axe":1,"minecraft:mud":39,"minecraft:crafting_table":2,"minecraft:andesite":7,"minecraft:clay_ball":20,"minecraft:oak_log":100,"minecraft:wooden_hoe":1,"minecraft:dirt":329,"minecraft:stone_pickaxe":3,"minecraft:cobblestone_slab":29,"minecraft:iron_pickaxe":2,"minecraft:moss_block":53,"minecraft:oak_planks":11,"minecraft:raw_iron":8,"minecraft:oak_slab":7,"minecraft:stick":15,"minecraft:oak_door":1,"minecraft:torch":6,"minecraft:spruce_sapling":3,"minecraft:diorite":3,"minecraft:spruce_log":1,"minecraft:stone_axe":2,"minecraft:granite":4,"minecraft:oak_sapling":9,"minecraft:coal":7,"minecraft:cobblestone":264},"minecraft:crafted":{"minecraft:oak_door":3,"minecraft:oak_slab":12,"minecraft:oak_planks":60,"minecraft:cobblestone_slab":132,"minecraft:crafting_table":1,"minecraft:stone_axe":1,"minecraft:stick":8,"minecraft:wooden_axe":1,"minecraft:stone_pickaxe":2,"minecraft:oak_stairs":4,"minecraft:chest":3},"minecraft:dropped":{"minecraft:moss_block":1,"minecraft:stone_axe":2,"minecraft:oak_log":1,"minecraft:crafting_table":2,"minecraft:cobblestone":16,"minecraft:clay_ball":12,"minecraft:granite":2,"minecraft:dirt":18,"minecraft:wooden_hoe":2,"minecraft:andesite":4,"minecraft:oak_sapling":1,"minecraft:mud":5,"minecraft:stone_pickaxe":1}},"DataVersion":3465}