{"stats":{"minecraft:used":{"minecraft:oak_fence":1,"minecraft:moss_block":131,"minecraft:stone_shovel":79,"minecraft:stone_pickaxe":126,"minecraft:oak_planks":104,"minecraft:chest":1,"minecraft:wooden_shovel":37,"minecraft:cooked_chicken":6,"minecraft:oak_door":6,"minecraft:torch":5,"minecraft:dirt":115,"minecraft:oak_slab":93,"minecraft:crafting_table":1,"minecraft:mud":13,"minecraft:wooden_axe":54,"minecraft:spruce_sapling":17,"minecraft:stone_axe":153,"minecraft:cobblestone":62,"minecraft:furnace":2,"minecraft:oak_sapling":11,"minecraft:oak_boat":1,"minecraft:egg":1,"minecraft:bone_meal":3},"minecraft:crafted":{"minecraft:oak_planks":100,"minecraft:oak_slab":54,"minecraft:wooden_shovel":1,"minecraft:wooden_pickaxe":1,"minecraft:furnace":1,"minecraft:air":0,"minecraft:stick":8,"minecraft:iron_ingot":30},"minecraft:custom":{"minecraft:interact_with_furnace":14,"minecraft:interact_with_crafting_table":21,"minecraft:leave_game":3,"minecraft:time_since_death":22602,"minecraft:time_since_rest":22650,"minecraft:sprint_one_cm":133181,"minecraft:damage_taken":2282,"minecraft:walk_one_cm":362053,"minecraft:drop":12,"minecraft:damage_dealt":260,"minecraft:talked_to_villager":43,"minecraft:fly_one_cm":65521,"minecraft:open_chest":73,"minecraft:crouch_one_cm":78454,"minecraft:play_time":78267,"minecraft:deaths":9,"minecraft:sneak_time":21436,"minecraft:boat_one_cm":28692,"minecraft:jump":400,"minecraft:total_world_time":78267,"minecraft:fall_one_cm":7025},"minecraft:picked_up":{"minecraft:wooden_axe":1,"minecraft:mud":46,"minecraft:crafting_table":1,"minecraft:andesite":1,"minecraft:water_bucket":1,"minecraft:oak_log":60,"minecraft:dirt":107,"minecraft:stone_pickaxe":3,"minecraft:cooked_chicken":10,"minecraft:oak_boat":1,"minecraft:wooden_shovel":1,"minecraft:moss_block":58,"minecraft:chest":1,"minecraft:oak_planks":108,"minecraft:egg":1,"minecraft:furnace":1,"minecraft:raw_iron":7,"minecraft:oak_slab":43,"minecraft:stick":26,"minecraft:oak_door":7,"minecraft:oak_fence":2,"minecraft:torch":5,"minecraft:spruce_sapling":10,"minecraft:spruce_log":22,"minecraft:stone_shovel":3,"minecraft:stone_axe":2,"minecraft:oak_sapling":9,"minecraft:coal":21,"minecraft:cobblestone":126},"minecraft:broken":{"minecraft:wooden_axe":1},"minecraft:dropped":{"minecraft:moss_block":9,"minecraft:oak_planks":2,"man:cassette_1safetyinstructions":1,"minecraft:mud":1},"minecraft:mined":{"minecraft:oak_slab":40,"minecraft:oak_sapling":1,"minecraft:oak_door":6,"immersive_weathering:spruce_leaf_pile":30,"minecraft:oak_fence":1,"minecraft:crafting_table":3,"minecraft:torch":5,"minecraft:grass_block":90,"minecraft:chest":1,"minecraft:cobblestone":54,"minecraft:spruce_leaves":5,"minecraft:oak_planks":60,"minecraft:moss_block":76,"minecraft:spruce_sapling":3,"minecraft:furnace":1,"minecraft:mud":11,"minecraft:spruce_log":7,"minecraft:oak_log":15,"minecraft:dirt":46,"minecraft:stone":18,"minecraft:oak_leaves":56,"immersive_weathering:oak_leaf_pile":27}},"DataVersion":3465}