{"stats":{"minecraft:mined":{"minecraft:deepslate_redstone_ore":5,"minecraft:oak_slab":8,"minecraft:oak_sapling":4,"minecraft:deepslate_diamond_ore":6,"minecraft:oak_door":3,"immersive_weathering:spruce_leaf_pile":6,"minecraft:clay":6,"minecraft:crafting_table":3,"minecraft:granite":7,"minecraft:grass_block":114,"minecraft:chest":2,"minecraft:copper_ore":4,"minecraft:cobblestone":15,"minecraft:deepslate_coal_ore":4,"minecraft:spruce_leaves":33,"minecraft:deepslate_gold_ore":5,"minecraft:oak_planks":6,"minecraft:moss_block":40,"minecraft:diorite":12,"minecraft:wall_torch":3,"minecraft:deepslate_copper_ore":2,"minecraft:redstone_ore":9,"minecraft:oak_trapdoor":4,"minecraft:spruce_sapling":1,"minecraft:furnace":1,"minecraft:mud":25,"minecraft:iron_ore":14,"minecraft:spruce_log":8,"minecraft:andesite":18,"minecraft:coal_ore":5,"minecraft:oak_log":6,"minecraft:deepslate_iron_ore":4,"minecraft:oak_sign":1,"minecraft:cobblestone_slab":46,"immersive_weathering:loam":3,"minecraft:dirt":65,"minecraft:stone":105,"minecraft:gold_ore":3,"minecraft:deepslate_emerald_ore":8,"minecraft:oak_leaves":16,"minecraft:deepslate":4,"immersive_weathering:oak_leaf_pile":33},"minecraft:used":{"minecraft:oak_trapdoor":6,"minecraft:moss_block":1,"minecraft:stone_pickaxe":136,"minecraft:oak_planks":2,"minecraft:oak_sign":1,"minecraft:spruce_planks":3,"minecraft:chest":13,"minecraft:wooden_pickaxe":5,"minecraft:cobblestone_slab":377,"minecraft:oak_door":4,"minecraft:torch":12,"minecraft:dirt":258,"minecraft:crafting_table":3,"minecraft:mud":164,"minecraft:wooden_axe":52,"minecraft:iron_pickaxe":270,"minecraft:spruce_sapling":4,"minecraft:stone_axe":9,"minecraft:cobblestone":81,"minecraft:furnace":5,"minecraft:oak_sapling":8,"minecraft:andesite":2,"minecraft:bucket":1},"minecraft:killed_by":{"man:managgresive":1},"minecraft:broken":{"minecraft:stone_pickaxe":1},"minecraft:custom":{"minecraft:interact_with_furnace":32,"minecraft:interact_with_crafting_table":50,"minecraft:time_since_death":1112,"minecraft:time_since_rest":1139,"minecraft:sprint_one_cm":116583,"minecraft:damage_taken":7060,"minecraft:walk_one_cm":473380,"minecraft:drop":59,"minecraft:damage_dealt":821,"minecraft:talked_to_villager":14,"minecraft:fly_one_cm":34873,"minecraft:player_kills":1,"minecraft:open_chest":216,"minecraft:crouch_one_cm":178474,"minecraft:play_time":143879,"minecraft:deaths":28,"minecraft:sneak_time":42696,"minecraft:walk_under_water_one_cm":11448,"minecraft:jump":466,"minecraft:walk_on_water_one_cm":6132,"minecraft:total_world_time":143879,"minecraft:fall_one_cm":3211},"minecraft:picked_up":{"minecraft:wooden_axe":1,"minecraft:mud":42,"minecraft:crafting_table":3,"minecraft:andesite":10,"minecraft:clay_ball":24,"minecraft:oak_log":110,"minecraft:oak_trapdoor":4,"minecraft:wooden_hoe":1,"minecraft:dirt":343,"minecraft:raw_copper":15,"minecraft:oak_sign":1,"minecraft:cobbled_deepslate":2,"minecraft:raw_gold":7,"minecraft:spruce_planks":3,"minecraft:stone_pickaxe":3,"minecraft:oak_boat":1,"minecraft:cobblestone_slab":183,"minecraft:iron_pickaxe":3,"minecraft:moss_block":63,"minecraft:chest":2,"minecraft:oak_planks":13,"minecraft:furnace":5,"minecraft:raw_iron":12,"minecraft:oak_slab":7,"minecraft:stick":19,"minecraft:oak_door":3,"minecraft:torch":8,"minecraft:spruce_sapling":6,"minecraft:diorite":6,"minecraft:spruce_log":9,"minecraft:redstone":19,"minecraft:diamond":3,"minecraft:stone_axe":2,"minecraft:granite":6,"minecraft:emerald":2,"minecraft:gold_ingot":16,"minecraft:oak_sapling":13,"minecraft:coal":70,"minecraft:cobblestone":316},"minecraft:crafted":{"minecraft:oak_door":3,"minecraft:oak_slab":12,"minecraft:oak_planks":168,"minecraft:cobblestone_slab":258,"weather2:weather_item":8,"minecraft:crafting_table":3,"minecraft:spruce_planks":28,"weather2:wind_vane":1,"minecraft:stone_axe":1,"minecraft:air":0,"minecraft:oak_trapdoor":2,"minecraft:stick":12,"minecraft:iron_pickaxe":3,"minecraft:iron_ingot":83,"minecraft:wooden_axe":2,"minecraft:stone_pickaxe":2,"minecraft:oak_stairs":4,"minecraft:chest":11,"minecraft:gold_ingot":18},"minecraft:dropped":{"weather2:weather_item":3,"minecraft:moss_block":4,"minecraft:stone_axe":2,"weather2:wind_vane":1,"minecraft:oak_log":1,"minecraft:cobbled_deepslate":1,"minecraft:crafting_table":3,"minecraft:cobblestone":16,"minecraft:clay_ball":12,"minecraft:granite":2,"minecraft:stick":1,"minecraft:dirt":26,"minecraft:wooden_hoe":2,"minecraft:andesite":4,"minecraft:oak_sapling":3,"minecraft:mud":6,"minecraft:stone_pickaxe":1,"minecraft:iron_pickaxe":2,"minecraft:spruce_sapling":1,"minecraft:gold_ingot":16,"minecraft:oak_door":2}},"DataVersion":3465}