{"stats":{"minecraft:mined":{"minecraft:grass_block":16,"minecraft:dirt":4,"minecraft:moss_block":9,"minecraft:crafting_table":2},"minecraft:used":{"minecraft:dirt":47,"minecraft:crafting_table":1},"minecraft:killed_by":{"man:managgresive":1},"minecraft:picked_up":{"minecraft:mud":1,"minecraft:crafting_table":2,"minecraft:oak_log":22,"minecraft:moss_block":9,"minecraft:dirt":49},"minecraft:custom":{"minecraft:time_since_rest":2993,"minecraft:crouch_one_cm":41772,"minecraft:play_time":17879,"minecraft:sprint_one_cm":3439,"minecraft:walk_one_cm":42160,"minecraft:damage_taken":4425,"minecraft:deaths":17,"minecraft:sneak_time":8163,"minecraft:drop":2,"minecraft:jump":132,"minecraft:damage_dealt":807,"minecraft:time_since_death":2858,"minecraft:total_world_time":17879,"minecraft:talked_to_villager":1,"minecraft:interact_with_crafting_table":1,"minecraft:fly_one_cm":3519,"minecraft:player_kills":1},"minecraft:crafted":{"minecraft:oak_planks":20,"minecraft:crafting_table":1,"minecraft:oak_stairs":4},"minecraft:dropped":{"minecraft:crafting_table":2}},"DataVersion":3465}