{"stats":{"minecraft:broken":{"minecraft:stone_axe":2,"minecraft:wooden_axe":1},"minecraft:mined":{"minecraft:spruce_planks":7,"minecraft:jungle_leaves":19,"minecraft:ladder":3,"minecraft:grass_block":15,"minecraft:jungle_planks":112,"minecraft:jungle_log":124,"minecraft:acacia_slab":2,"minecraft:moss_block":3,"minecraft:large_fern":1,"minecraft:fire":5,"minecraft:barrel":1,"minecraft:vine":12,"minecraft:end_stone_bricks":2,"minecraft:stone":23,"minecraft:spruce_slab":1,"minecraft:podzol":7,"minecraft:scaffolding":3,"minecraft:dandelion":2,"minecraft:crafting_table":4,"minecraft:poppy":5,"minecraft:melon":2,"twilightforest:twilight_oak_log":15,"minecraft:dead_bush":7,"minecraft:tall_grass":1,"minecraft:cobblestone":2,"farmersdelight:wild_tomatoes":2,"minecraft:oak_planks":21,"minecraft:coarse_dirt":4,"minecraft:yellow_bed":3,"minecraft:grass":22,"minecraft:coal_ore":10,"minecraft:dirt":5,"minecraft:stripped_birch_wood":4,"minecraft:terracotta":2,"minecraft:stripped_acacia_wood":1,"minecraft:oak_leaves":9,"minecraft:fern":6},"minecraft:killed_by":{"minecraft:wither_skeleton":4,"minecraft:creeper":1,"whisperwoods:zotzpyre":2,"minecraft:hoglin":3,"minecraft:phantom":2,"minecraft:zombie":1},"minecraft:picked_up":{"minecraft:end_stone_bricks":2,"minecraft:coarse_dirt":4,"minecraft:cocoa_beans":10,"minecraft:crafting_table":4,"minecraft:iron_chestplate":1,"minecraft:ladder":3,"minecraft:oak_stairs":2,"minecraft:iron_leggings":1,"comforts:sleeping_bag_white":1,"minecraft:spruce_planks":22,"minecraft:jungle_sapling":1,"minecraft:poppy":11,"minecraft:spruce_slab":1,"minecraft:sugar_cane":5,"minecraft:melon_slice":10,"minecraft:chest":1,"minecraft:phantom_membrane":1,"minecraft:egg":1,"minecraft:iron_boots":1,"minecraft:stick":11,"farmersdelight:tomato_seeds":2,"tombstone:grave_dust":1,"minecraft:arrow":8,"minecraft:stripped_birch_wood":4,"minecraft:mutton":11,"minecraft:bone_block":1,"minecraft:white_wool":8,"minecraft:cobblestone":46,"twilightforest:twilight_oak_log":14,"minecraft:jungle_log":123,"minecraft:leather":1,"minecraft:yellow_bed":3,"minecraft:dirt":28,"minecraft:paper":4,"minecraft:bone":9,"minecraft:wheat_seeds":4,"minecraft:moss_block":4,"minecraft:acacia_sapling":1,"minecraft:oak_planks":34,"minecraft:book":1,"minecraft:scaffolding":8,"minecraft:milk_bucket":2,"minecraft:cooked_porkchop":2,"minecraft:pumpkin":46,"minecraft:dandelion":11,"minecraft:stripped_acacia_wood":7,"minecraft:jungle_planks":112,"minecraft:barrel":1,"minecraft:spider_eye":1,"minecraft:painting":2,"minecraft:gray_wool":1,"minecraft:golden_horse_armor":1,"minecraft:chainmail_helmet":1,"minecraft:terracotta":2,"minecraft:acacia_slab":3,"twilightforest:torchberries":2,"minecraft:coal":11},"minecraft:crafted":{"comforts:sleeping_bag_white":1,"minecraft:diamond_leggings":1,"twilightforest:twilight_oak_planks":48,"minecraft:ladder":165,"minecraft:stone_pickaxe":2,"minecraft:diamond_boots":1,"minecraft:diamond_sword":1,"minecraft:diamond_axe":1,"minecraft:crafting_table":3,"minecraft:wooden_pickaxe":1,"minecraft:stone_axe":2,"minecraft:jungle_planks":492,"minecraft:diamond_pickaxe":1,"minecraft:stick":392,"minecraft:wooden_axe":1,"minecraft:diamond_chestplate":1},"minecraft:used":{"minecraft:stripped_acacia_wood":7,"minecraft:flint_and_steel":4,"minecraft:poppy":4,"minecraft:ladder":168,"minecraft:bone_block":1,"minecraft:chest":1,"minecraft:spruce_planks":15,"minecraft:stripped_birch_wood":2,"minecraft:dirt":21,"minecraft:jungle_planks":390,"minecraft:carrot":18,"minecraft:milk_bucket":2,"minecraft:wooden_axe":51,"minecraft:lava_bucket":11,"minecraft:oak_stairs":2,"twilightforest:twilight_oak_planks":20,"minecraft:barrel":1,"minecraft:golden_sword":21,"minecraft:golden_carrot":17,"minecraft:scaffolding":6,"tombstone:gift":6,"comforts:sleeping_bag_white":1,"minecraft:potato":9,"minecraft:pumpkin":19,"minecraft:water_bucket":26,"minecraft:end_stone_bricks":1,"minecraft:stone_pickaxe":17,"minecraft:oak_planks":33,"minecraft:wooden_pickaxe":39,"minecraft:diamond_axe":19,"minecraft:cookie":2,"minecraft:golden_apple":11,"minecraft:terracotta":2,"minecraft:crafting_table":7,"minecraft:diamond_pickaxe":6,"minecraft:apple":4,"minecraft:bread":6,"minecraft:melon_slice":9,"tombstone:magic_scroll":1,"minecraft:stone_axe":263,"minecraft:diamond_sword":89,"minecraft:cobblestone":2,"minecraft:potion":1,"minecraft:bucket":37,"minecraft:pumpkin_pie":11,"minecraft:yellow_bed":3,"minecraft:dandelion":11,"minecraft:gray_wool":1,"minecraft:splash_potion":4},"minecraft:dropped":{"farmersdelight:tomato_seeds":2,"minecraft:bread":12,"minecraft:moss_block":2,"minecraft:wheat_seeds":3,"minecraft:diamond":12,"minecraft:glass_bottle":1,"minecraft:cooked_porkchop":4,"minecraft:stripped_birch_wood":2,"minecraft:cobblestone":11,"minecraft:apple":13,"minecraft:leather":4,"minecraft:jungle_planks":4,"minecraft:chainmail_helmet":1,"minecraft:coal":12,"minecraft:golden_apple":2,"minecraft:stick":2,"minecraft:melon_slice":3,"minecraft:map":5,"tombstone:grave_dust":1,"minecraft:potion":2,"minecraft:iron_leggings":1,"minecraft:jungle_sapling":1,"minecraft:pumpkin":57,"minecraft:bucket":1,"minecraft:white_wool":5,"minecraft:gold_ingot":45,"minecraft:bone":6,"minecraft:sugar_cane":5,"minecraft:cocoa_beans":9,"minecraft:iron_boots":1,"minecraft:flint_and_steel":1,"minecraft:potato":8,"minecraft:iron_chestplate":1,"minecraft:acacia_sapling":1,"minecraft:spider_eye":1,"comforts:sleeping_bag_white":1,"minecraft:painting":1,"minecraft:rabbit_stew":1,"minecraft:end_stone_bricks":1,"minecraft:arrow":4,"minecraft:stone_pickaxe":2,"minecraft:scaffolding":2,"minecraft:egg":1},"minecraft:killed":{"minecraft:phantom":5,"minecraft:skeleton":3,"minecraft:hoglin":1,"whisperwoods:zotzpyre":4,"minecraft:sheep":8,"minecraft:zombie":2,"minecraft:wither_skeleton":1},"minecraft:custom":{"minecraft:mob_kills":26,"minecraft:interact_with_crafting_table":20,"minecraft:open_barrel":25,"minecraft:leave_game":2,"minecraft:time_since_death":64112,"minecraft:climb_one_cm":74102,"minecraft:sprint_one_cm":382998,"minecraft:walk_one_cm":423765,"minecraft:drop":83,"minecraft:talked_to_villager":1,"minecraft:play_time":147636,"minecraft:deaths":14,"minecraft:sneak_time":1601,"minecraft:walk_under_water_one_cm":6066,"minecraft:jump":2668,"minecraft:walk_on_water_one_cm":17432,"minecraft:total_world_time":147636,"tombstone:raider_killed":5,"minecraft:interact_with_cartography_table":1,"minecraft:sleep_in_bed":6,"minecraft:time_since_rest":7016,"minecraft:damage_taken":11454,"minecraft:damage_absorbed":376,"minecraft:damage_dealt":6228,"tombstone:cast_on_ally":5,"minecraft:fly_one_cm":367812,"minecraft:open_chest":30,"minecraft:crouch_one_cm":3451,"tombstone:undead_killed":11,"minecraft:fall_one_cm":109360,"minecraft:horse_one_cm":827}},"DataVersion":3120}