{"stats":{"minecraft:used":{"minecraft:dirt":12},"minecraft:picked_up":{"minecraft:dirt":16},"minecraft:custom":{"minecraft:jump":3,"minecraft:time_since_rest":936,"minecraft:damage_taken":720,"minecraft:crouch_one_cm":2007,"minecraft:leave_game":3,"minecraft:play_time":2895,"minecraft:walk_one_cm":2848,"minecraft:time_since_death":911,"minecraft:deaths":3,"minecraft:sneak_time":694,"minecraft:total_world_time":2895,"minecraft:drop":1},"minecraft:dropped":{"man:cassette_1safetyinstructions":1},"minecraft:mined":{"minecraft:grass_block":19}},"DataVersion":3465}