{"stats":{"minecraft:mined":{"minecraft:oak_slab":8,"minecraft:oak_sapling":4,"minecraft:oak_door":1,"immersive_weathering:spruce_leaf_pile":6,"minecraft:clay":4,"minecraft:crafting_table":2,"minecraft:granite":1,"minecraft:grass_block":99,"minecraft:cobblestone":12,"minecraft:spruce_leaves":24,"minecraft:oak_planks":4,"minecraft:moss_block":31,"minecraft:diorite":2,"minecraft:wall_torch":3,"minecraft:spruce_sapling":1,"minecraft:mud":20,"minecraft:spruce_log":8,"minecraft:andesite":5,"minecraft:oak_log":3,"minecraft:oak_sign":1,"minecraft:cobblestone_slab":7,"immersive_weathering:loam":3,"minecraft:dirt":64,"minecraft:stone":67,"minecraft:oak_leaves":11,"immersive_weathering:oak_leaf_pile":31},"minecraft:used":{"minecraft:moss_block":1,"minecraft:stone_pickaxe":136,"minecraft:oak_planks":1,"minecraft:oak_sign":1,"minecraft:spruce_planks":3,"minecraft:chest":3,"minecraft:wooden_pickaxe":5,"minecraft:cobblestone_slab":149,"minecraft:oak_door":4,"minecraft:torch":11,"minecraft:dirt":257,"minecraft:crafting_table":2,"minecraft:mud":99,"minecraft:wooden_axe":42,"minecraft:iron_pickaxe":40,"minecraft:spruce_sapling":3,"minecraft:stone_axe":9,"minecraft:cobblestone":80,"minecraft:oak_sapling":7,"minecraft:andesite":2,"minecraft:bucket":1},"minecraft:killed_by":{"man:managgresive":1},"minecraft:broken":{"minecraft:stone_pickaxe":1},"minecraft:custom":{"minecraft:interact_with_furnace":8,"minecraft:interact_with_crafting_table":25,"minecraft:time_since_death":2073,"minecraft:time_since_rest":2109,"minecraft:sprint_one_cm":90011,"minecraft:damage_taken":6620,"minecraft:walk_one_cm":317006,"minecraft:drop":44,"minecraft:damage_dealt":817,"minecraft:talked_to_villager":14,"minecraft:fly_one_cm":31173,"minecraft:player_kills":1,"minecraft:open_chest":109,"minecraft:crouch_one_cm":122754,"minecraft:play_time":101879,"minecraft:deaths":26,"minecraft:sneak_time":31825,"minecraft:walk_under_water_one_cm":1786,"minecraft:jump":411,"minecraft:walk_on_water_one_cm":2052,"minecraft:total_world_time":101879,"minecraft:fall_one_cm":2727},"minecraft:picked_up":{"minecraft:wooden_axe":1,"minecraft:mud":39,"minecraft:crafting_table":2,"minecraft:andesite":7,"minecraft:clay_ball":20,"minecraft:oak_log":101,"minecraft:wooden_hoe":1,"minecraft:dirt":331,"minecraft:raw_copper":7,"minecraft:oak_sign":1,"minecraft:raw_gold":1,"minecraft:spruce_planks":3,"minecraft:stone_pickaxe":3,"minecraft:cobblestone_slab":29,"minecraft:iron_pickaxe":2,"minecraft:moss_block":56,"minecraft:oak_planks":11,"minecraft:raw_iron":8,"minecraft:oak_slab":7,"minecraft:stick":18,"minecraft:oak_door":1,"minecraft:torch":7,"minecraft:spruce_sapling":5,"minecraft:diorite":4,"minecraft:spruce_log":9,"minecraft:stone_axe":2,"minecraft:granite":5,"minecraft:oak_sapling":10,"minecraft:coal":7,"minecraft:cobblestone":266},"minecraft:crafted":{"minecraft:oak_door":3,"minecraft:oak_slab":12,"minecraft:oak_planks":60,"minecraft:cobblestone_slab":132,"minecraft:crafting_table":2,"minecraft:spruce_planks":28,"minecraft:stone_axe":1,"minecraft:air":0,"minecraft:stick":12,"minecraft:iron_ingot":21,"minecraft:wooden_axe":2,"minecraft:stone_pickaxe":2,"minecraft:oak_stairs":4,"minecraft:chest":3},"minecraft:dropped":{"minecraft:moss_block":1,"minecraft:stone_axe":2,"minecraft:oak_log":1,"minecraft:crafting_table":2,"minecraft:cobblestone":16,"minecraft:clay_ball":12,"minecraft:granite":2,"minecraft:dirt":19,"minecraft:wooden_hoe":2,"minecraft:andesite":4,"minecraft:oak_sapling":1,"minecraft:mud":5,"minecraft:stone_pickaxe":1}},"DataVersion":3465}