{"stats":{"minecraft:used":{"minecraft:oak_fence":4,"minecraft:moss_block":131,"minecraft:diorite":53,"minecraft:stone_shovel":79,"minecraft:stone_pickaxe":135,"minecraft:baked_potato":2,"minecraft:oak_planks":125,"minecraft:chest":1,"minecraft:diamond_axe":69,"minecraft:wooden_shovel":37,"minecraft:cooked_chicken":11,"minecraft:netherrack":1,"minecraft:oak_door":6,"minecraft:torch":8,"minecraft:dirt":119,"minecraft:oak_slab":102,"minecraft:crafting_table":2,"minecraft:granite":67,"minecraft:obsidian":4,"minecraft:mud":65,"minecraft:wooden_axe":54,"minecraft:lava_bucket":1,"minecraft:iron_axe":58,"minecraft:melon_slice":5,"minecraft:iron_pickaxe":458,"minecraft:spruce_sapling":73,"minecraft:stone_axe":386,"minecraft:cobblestone":241,"minecraft:furnace":4,"minecraft:oak_sapling":25,"minecraft:andesite":65,"minecraft:oak_boat":6,"minecraft:egg":3,"minecraft:cobbled_deepslate":50,"minecraft:bone_meal":3},"minecraft:crafted":{"minecraft:oak_planks":172,"minecraft:oak_slab":66,"minecraft:wooden_shovel":1,"minecraft:diamond_axe":1,"minecraft:wooden_pickaxe":1,"minecraft:furnace":3,"minecraft:copper_ingot":64,"minecraft:lava_bucket":1,"minecraft:stone_axe":1,"minecraft:air":0,"minecraft:beetroot_seeds":4,"minecraft:iron_axe":3,"minecraft:stick":16,"minecraft:gunpowder":7,"minecraft:iron_ingot":89,"minecraft:iron_pickaxe":4,"minecraft:gold_ingot":32,"minecraft:water_bucket":1,"minecraft:magma_block":8,"minecraft:obsidian":4},"minecraft:custom":{"minecraft:interact_with_furnace":68,"minecraft:mob_kills":3,"minecraft:traded_with_villager":13,"minecraft:interact_with_crafting_table":39,"minecraft:damage_dealt_resisted":8,"minecraft:leave_game":3,"minecraft:time_since_death":6521,"minecraft:time_since_rest":6549,"minecraft:sprint_one_cm":311640,"minecraft:damage_taken":3334,"minecraft:walk_one_cm":791526,"minecraft:drop":28,"minecraft:damage_dealt":451,"minecraft:swim_one_cm":63,"minecraft:talked_to_villager":184,"minecraft:fly_one_cm":252213,"minecraft:open_chest":245,"minecraft:crouch_one_cm":136681,"minecraft:play_time":198267,"minecraft:deaths":13,"minecraft:walk_under_water_one_cm":7848,"minecraft:sneak_time":43170,"minecraft:boat_one_cm":110432,"minecraft:jump":852,"minecraft:walk_on_water_one_cm":3270,"minecraft:total_world_time":198267,"minecraft:horse_one_cm":76,"minecraft:fall_one_cm":13332},"minecraft:picked_up":{"minecraft:wooden_axe":1,"minecraft:mud":56,"minecraft:crafting_table":2,"minecraft:clay_ball":36,"minecraft:andesite":8,"minecraft:water_bucket":1,"minecraft:lead":2,"minecraft:potato":1,"minecraft:oak_log":94,"minecraft:dirt":160,"minecraft:raw_copper":4,"minecraft:wheat_seeds":1,"minecraft:cobbled_deepslate":7,"minecraft:raw_gold":8,"minecraft:bucket":2,"minecraft:spruce_planks":20,"minecraft:iron_ingot":19,"minecraft:stone_pickaxe":4,"minecraft:cooked_chicken":10,"minecraft:oak_boat":8,"minecraft:wooden_shovel":1,"minecraft:melon_slice":9,"minecraft:moss_block":70,"minecraft:chest":1,"minecraft:stone_hoe":1,"minecraft:oak_planks":117,"minecraft:egg":3,"minecraft:furnace":1,"minecraft:raw_iron":16,"minecraft:oak_slab":43,"minecraft:stick":85,"minecraft:oak_door":7,"minecraft:oak_fence":19,"minecraft:torch":8,"minecraft:spruce_sapling":107,"minecraft:diorite":4,"minecraft:spruce_log":105,"minecraft:redstone":22,"minecraft:mossy_cobblestone":1,"minecraft:stone_shovel":4,"minecraft:diamond":6,"minecraft:stone_axe":2,"minecraft:granite":10,"minecraft:emerald":4,"minecraft:oak_sapling":33,"minecraft:netherrack":2,"minecraft:coal":29,"minecraft:cobblestone":202},"minecraft:broken":{"minecraft:stone_axe":1,"minecraft:iron_pickaxe":1,"minecraft:wooden_axe":1},"minecraft:killed":{"minecraft:bat":1},"minecraft:dropped":{"minecraft:water_bucket":1,"minecraft:moss_block":10,"minecraft:cooked_chicken":2,"minecraft:stone_shovel":1,"minecraft:clay_ball":4,"minecraft:oak_planks":2,"man:cassette_1safetyinstructions":1,"minecraft:wooden_axe":1,"minecraft:wooden_shovel":1,"minecraft:iron_axe":2,"minecraft:wooden_pickaxe":2,"minecraft:mud":1,"minecraft:iron_pickaxe":1},"minecraft:mined":{"minecraft:podzol":1,"minecraft:oak_slab":40,"minecraft:oak_sapling":10,"minecraft:farmland":2,"minecraft:mossy_cobblestone":1,"minecraft:oak_door":6,"immersive_weathering:spruce_leaf_pile":225,"minecraft:clay":14,"minecraft:oak_fence":4,"minecraft:crafting_table":4,"minecraft:torch":7,"minecraft:granite":30,"minecraft:grass_block":145,"minecraft:chest":1,"minecraft:soul_soil":3,"minecraft:cobblestone":63,"minecraft:spruce_leaves":42,"minecraft:oak_planks":64,"minecraft:moss_block":100,"minecraft:diorite":21,"minecraft:wall_torch":1,"minecraft:glowstone":1,"minecraft:spruce_sapling":40,"minecraft:furnace":1,"minecraft:mud":36,"minecraft:wheat":1,"minecraft:spruce_log":58,"minecraft:andesite":20,"minecraft:potatoes":1,"minecraft:coal_ore":1,"minecraft:oak_log":37,"minecraft:dirt":72,"minecraft:stone":120,"minecraft:oak_leaves":71,"immersive_weathering:oak_leaf_pile":59}},"DataVersion":3465}