{"stats":{"minecraft:used":{"minecraft:oak_fence":2,"minecraft:moss_block":131,"minecraft:stone_shovel":79,"minecraft:stone_pickaxe":131,"minecraft:oak_planks":104,"minecraft:chest":1,"minecraft:wooden_shovel":37,"minecraft:cooked_chicken":11,"minecraft:oak_door":6,"minecraft:torch":8,"minecraft:dirt":117,"minecraft:oak_slab":93,"minecraft:crafting_table":2,"minecraft:mud":13,"minecraft:wooden_axe":54,"minecraft:lava_bucket":1,"minecraft:iron_axe":58,"minecraft:iron_pickaxe":458,"minecraft:spruce_sapling":73,"minecraft:stone_axe":386,"minecraft:cobblestone":203,"minecraft:furnace":4,"minecraft:oak_sapling":25,"minecraft:oak_boat":4,"minecraft:egg":2,"minecraft:bone_meal":3},"minecraft:crafted":{"minecraft:oak_planks":112,"minecraft:oak_slab":54,"minecraft:wooden_shovel":1,"minecraft:wooden_pickaxe":1,"minecraft:furnace":3,"minecraft:copper_ingot":64,"minecraft:lava_bucket":1,"minecraft:stone_axe":1,"minecraft:air":0,"minecraft:iron_axe":3,"minecraft:stick":12,"minecraft:gunpowder":7,"minecraft:iron_ingot":89,"minecraft:iron_pickaxe":4,"minecraft:gold_ingot":31,"minecraft:water_bucket":1},"minecraft:custom":{"minecraft:interact_with_furnace":59,"minecraft:traded_with_villager":3,"minecraft:interact_with_crafting_table":32,"minecraft:leave_game":3,"minecraft:time_since_death":12779,"minecraft:time_since_rest":12813,"minecraft:sprint_one_cm":197566,"minecraft:damage_taken":2682,"minecraft:walk_one_cm":572135,"minecraft:drop":24,"minecraft:damage_dealt":280,"minecraft:talked_to_villager":80,"minecraft:fly_one_cm":97729,"minecraft:open_chest":158,"minecraft:crouch_one_cm":100087,"minecraft:play_time":138267,"minecraft:deaths":10,"minecraft:sneak_time":36557,"minecraft:boat_one_cm":100451,"minecraft:jump":557,"minecraft:walk_on_water_one_cm":2411,"minecraft:total_world_time":138267,"minecraft:fall_one_cm":9566},"minecraft:picked_up":{"minecraft:wooden_axe":1,"minecraft:mud":55,"minecraft:crafting_table":2,"minecraft:clay_ball":32,"minecraft:andesite":8,"minecraft:water_bucket":1,"minecraft:oak_log":92,"minecraft:dirt":143,"minecraft:raw_copper":2,"minecraft:cobbled_deepslate":5,"minecraft:raw_gold":6,"minecraft:bucket":2,"minecraft:spruce_planks":20,"minecraft:iron_ingot":19,"minecraft:stone_pickaxe":4,"minecraft:cooked_chicken":10,"minecraft:oak_boat":7,"minecraft:wooden_shovel":1,"minecraft:moss_block":64,"minecraft:chest":1,"minecraft:stone_hoe":1,"minecraft:oak_planks":110,"minecraft:egg":2,"minecraft:furnace":1,"minecraft:raw_iron":15,"minecraft:oak_slab":43,"minecraft:stick":75,"minecraft:oak_door":7,"minecraft:oak_fence":17,"minecraft:torch":8,"minecraft:spruce_sapling":102,"minecraft:diorite":4,"minecraft:spruce_log":103,"minecraft:redstone":14,"minecraft:mossy_cobblestone":1,"minecraft:stone_shovel":4,"minecraft:diamond":3,"minecraft:stone_axe":2,"minecraft:granite":9,"minecraft:oak_sapling":32,"minecraft:coal":26,"minecraft:cobblestone":196},"minecraft:broken":{"minecraft:stone_axe":1,"minecraft:iron_pickaxe":1,"minecraft:wooden_axe":1},"minecraft:dropped":{"minecraft:water_bucket":1,"minecraft:moss_block":10,"minecraft:cooked_chicken":2,"minecraft:stone_shovel":1,"minecraft:oak_planks":2,"man:cassette_1safetyinstructions":1,"minecraft:wooden_axe":1,"minecraft:wooden_shovel":1,"minecraft:iron_axe":2,"minecraft:wooden_pickaxe":2,"minecraft:mud":1,"minecraft:iron_pickaxe":1},"minecraft:mined":{"minecraft:podzol":1,"minecraft:oak_slab":40,"minecraft:oak_sapling":9,"minecraft:farmland":2,"minecraft:mossy_cobblestone":1,"minecraft:oak_door":6,"immersive_weathering:spruce_leaf_pile":180,"minecraft:clay":8,"minecraft:oak_fence":2,"minecraft:crafting_table":4,"minecraft:torch":7,"minecraft:granite":30,"minecraft:grass_block":128,"minecraft:chest":1,"minecraft:cobblestone":63,"minecraft:spruce_leaves":21,"minecraft:oak_planks":62,"minecraft:moss_block":92,"minecraft:diorite":21,"minecraft:wall_torch":1,"minecraft:spruce_sapling":40,"minecraft:furnace":1,"minecraft:mud":21,"minecraft:wheat":1,"minecraft:spruce_log":58,"minecraft:andesite":20,"minecraft:coal_ore":1,"minecraft:oak_log":25,"minecraft:dirt":70,"minecraft:stone":120,"minecraft:oak_leaves":64,"immersive_weathering:oak_leaf_pile":55}},"DataVersion":3465}