{"stats":{"minecraft:used":{"minecraft:moss_block":81,"minecraft:mud":13,"minecraft:wooden_axe":54,"minecraft:stone_shovel":37,"minecraft:oak_planks":71,"minecraft:chest":1,"minecraft:spruce_sapling":1,"minecraft:wooden_shovel":37,"minecraft:cooked_chicken":3,"minecraft:stone_axe":5,"minecraft:oak_door":5,"minecraft:dirt":113,"minecraft:oak_slab":67,"minecraft:oak_sapling":2,"minecraft:furnace":1,"minecraft:bone_meal":3},"minecraft:crafted":{"minecraft:oak_slab":48,"minecraft:oak_planks":100,"minecraft:wooden_shovel":1,"minecraft:stick":8,"minecraft:wooden_pickaxe":1,"minecraft:furnace":1},"minecraft:custom":{"minecraft:time_since_rest":8821,"minecraft:interact_with_furnace":7,"minecraft:sprint_one_cm":79597,"minecraft:damage_taken":1982,"minecraft:walk_one_cm":177482,"minecraft:drop":12,"minecraft:damage_dealt":97,"minecraft:interact_with_crafting_table":19,"minecraft:talked_to_villager":31,"minecraft:fly_one_cm":48765,"minecraft:open_chest":49,"minecraft:crouch_one_cm":59080,"minecraft:play_time":48267,"minecraft:deaths":8,"minecraft:sneak_time":15800,"minecraft:boat_one_cm":21707,"minecraft:jump":307,"minecraft:leave_game":3,"minecraft:time_since_death":8794,"minecraft:total_world_time":48267,"minecraft:fall_one_cm":4300},"minecraft:picked_up":{"minecraft:wooden_axe":1,"minecraft:stick":10,"minecraft:oak_slab":22,"minecraft:mud":40,"minecraft:water_bucket":1,"minecraft:oak_door":6,"minecraft:oak_fence":1,"minecraft:oak_log":36,"minecraft:spruce_sapling":1,"minecraft:dirt":81,"minecraft:stone_shovel":1,"minecraft:stone_axe":1,"minecraft:stone_pickaxe":1,"minecraft:cooked_chicken":10,"minecraft:wooden_shovel":1,"minecraft:oak_sapling":1,"minecraft:moss_block":38,"minecraft:chest":1,"minecraft:oak_planks":27,"minecraft:cobblestone":51},"minecraft:broken":{"minecraft:wooden_axe":1},"minecraft:dropped":{"minecraft:moss_block":9,"minecraft:oak_planks":2,"man:cassette_1safetyinstructions":1,"minecraft:mud":1},"minecraft:mined":{"minecraft:oak_slab":19,"minecraft:mud":6,"minecraft:oak_door":6,"minecraft:crafting_table":2,"minecraft:grass_block":72,"minecraft:oak_log":4,"minecraft:chest":1,"minecraft:dirt":38,"minecraft:moss_block":53,"minecraft:oak_planks":37,"minecraft:oak_leaves":5}},"DataVersion":3465}