{"stats":{"minecraft:mined":{"minecraft:nether_gold_ore":1,"minecraft:oak_sapling":4,"minecraft:deepslate_diamond_ore":13,"minecraft:oak_door":4,"minecraft:granite":11,"minecraft:grass_block":134,"minecraft:spruce_leaves":37,"minecraft:moss_block":46,"minecraft:redstone_ore":9,"minecraft:oak_trapdoor":6,"minecraft:glowstone":1,"minecraft:spruce_sapling":1,"minecraft:furnace":1,"minecraft:iron_ore":14,"minecraft:cobbled_deepslate":2,"minecraft:andesite":25,"minecraft:oak_sign":1,"minecraft:deepslate_iron_ore":10,"minecraft:cobblestone_slab":51,"immersive_weathering:loam":4,"minecraft:stripped_oak_log":1,"minecraft:stone":123,"immersive_weathering:oak_leaf_pile":34,"minecraft:deepslate_redstone_ore":6,"minecraft:oak_slab":8,"minecraft:soul_sand":1,"immersive_weathering:spruce_leaf_pile":6,"minecraft:clay":13,"minecraft:crafting_table":5,"minecraft:torch":11,"minecraft:chest":9,"minecraft:cobblestone":18,"minecraft:copper_ore":4,"minecraft:deepslate_coal_ore":5,"minecraft:deepslate_gold_ore":8,"minecraft:oak_planks":6,"minecraft:diorite":23,"minecraft:wall_torch":5,"minecraft:deepslate_copper_ore":6,"minecraft:mud":30,"minecraft:spruce_log":8,"minecraft:oak_log":19,"minecraft:coal_ore":5,"minecraft:dirt":65,"minecraft:netherrack":1,"minecraft:gold_ore":3,"minecraft:oak_leaves":22,"minecraft:deepslate_emerald_ore":14,"minecraft:deepslate":9},"minecraft:used":{"minecraft:moss_block":1,"minecraft:oak_trapdoor":10,"minecraft:oak_sign":1,"minecraft:chest":22,"minecraft:spruce_planks":3,"minecraft:oak_door":4,"minecraft:torch":36,"minecraft:dirt":259,"minecraft:wooden_axe":52,"minecraft:iron_axe":34,"minecraft:oak_sapling":8,"minecraft:furnace":5,"minecraft:cobbled_deepslate":26,"minecraft:diorite":38,"minecraft:stone_pickaxe":136,"minecraft:oak_planks":2,"minecraft:wooden_pickaxe":5,"minecraft:cobblestone_slab":433,"minecraft:crafting_table":5,"minecraft:mud":164,"minecraft:iron_pickaxe":415,"minecraft:spruce_sapling":4,"minecraft:stone_axe":9,"minecraft:cobblestone":86,"minecraft:bucket":1,"minecraft:andesite":61,"minecraft:oak_boat":4},"minecraft:killed_by":{"shut_your_eyes:agony":1,"midnightlurker:void_hands":2,"man:managgresive":1,"autizmzrake:rake":2},"minecraft:broken":{"minecraft:stone_pickaxe":1},"minecraft:custom":{"minecraft:interact_with_crafting_table":62,"minecraft:damage_dealt_resisted":131,"minecraft:time_since_death":2724,"minecraft:sprint_one_cm":176157,"minecraft:walk_one_cm":653651,"minecraft:drop":66,"minecraft:talked_to_villager":25,"minecraft:play_time":191879,"minecraft:sneak_time":52845,"minecraft:deaths":38,"minecraft:walk_under_water_one_cm":19655,"minecraft:jump":652,"minecraft:walk_on_water_one_cm":10378,"minecraft:total_world_time":191879,"minecraft:interact_with_furnace":49,"minecraft:time_since_rest":2748,"minecraft:damage_taken":10872,"minecraft:damage_dealt":1151,"minecraft:player_kills":1,"minecraft:fly_one_cm":74524,"minecraft:open_chest":292,"minecraft:crouch_one_cm":219645,"minecraft:fall_one_cm":5251},"minecraft:picked_up":{"minecraft:wooden_axe":3,"minecraft:mud":50,"minecraft:crafting_table":5,"minecraft:clay_ball":80,"minecraft:oak_trapdoor":6,"minecraft:raw_copper":48,"minecraft:iron_axe":1,"minecraft:iron_shovel":2,"minecraft:pufferfish":1,"the_silence:flashlightoff":1,"minecraft:oak_sign":1,"minecraft:gold_nugget":4,"minecraft:cobbled_deepslate":19,"minecraft:bucket":1,"minecraft:spruce_planks":3,"minecraft:oak_boat":6,"minecraft:cobblestone_slab":191,"minecraft:iron_pickaxe":4,"minecraft:chest":10,"minecraft:furnace":5,"minecraft:stick":46,"minecraft:raw_iron":28,"minecraft:oak_door":4,"minecraft:torch":26,"minecraft:diorite":22,"minecraft:redstone":44,"immersive_weathering:oak_bark":1,"minecraft:arrow":2,"minecraft:rotten_flesh":4,"minecraft:gold_ingot":16,"minecraft:cobblestone":344,"the_silence:flashlight":1,"minecraft:andesite":82,"minecraft:oak_log":126,"minecraft:wooden_hoe":1,"minecraft:dirt":389,"minecraft:bone":2,"minecraft:raw_gold":15,"minecraft:stone_pickaxe":3,"minecraft:glowstone_dust":4,"minecraft:moss_block":114,"minecraft:soul_sand":1,"minecraft:oak_planks":14,"minecraft:oak_slab":7,"minecraft:quartz":1,"minecraft:spruce_sapling":27,"minecraft:spruce_log":9,"minecraft:diamond":14,"minecraft:stone_axe":2,"minecraft:granite":21,"minecraft:emerald":12,"minecraft:netherrack":2,"minecraft:oak_sapling":48,"minecraft:melon_seeds":4,"minecraft:coal":85},"minecraft:crafted":{"minecraft:oak_door":3,"minecraft:oak_planks":176,"minecraft:cobblestone_slab":312,"weather2:weather_item":8,"minecraft:oak_trapdoor":4,"minecraft:stone_pickaxe":2,"minecraft:chest":13,"minecraft:oak_slab":12,"minecraft:crafting_table":3,"minecraft:spruce_planks":28,"weather2:wind_vane":1,"minecraft:stone_axe":1,"minecraft:air":0,"minecraft:stick":16,"minecraft:iron_ingot":83,"minecraft:iron_pickaxe":3,"minecraft:oak_stairs":4,"minecraft:wooden_axe":2,"minecraft:gold_ingot":20,"minecraft:torch":16},"minecraft:dropped":{"minecraft:moss_block":42,"weather2:wind_vane":1,"minecraft:oak_log":1,"minecraft:crafting_table":3,"minecraft:cobblestone":16,"minecraft:granite":2,"minecraft:stick":1,"minecraft:dirt":26,"minecraft:wooden_hoe":2,"minecraft:wooden_axe":2,"minecraft:mud":6,"minecraft:iron_pickaxe":2,"minecraft:iron_shovel":1,"minecraft:spruce_sapling":1,"minecraft:gold_ingot":16,"minecraft:oak_door":3,"weather2:weather_item":3,"minecraft:stone_axe":2,"the_silence:flashlightoff":1,"minecraft:cobbled_deepslate":1,"minecraft:clay_ball":12,"minecraft:andesite":5,"minecraft:oak_sapling":3,"minecraft:stone_pickaxe":1}},"DataVersion":3465}