{"stats":{"minecraft:used":{"minecraft:moss_block":81,"minecraft:mud":13,"minecraft:wooden_axe":38,"minecraft:oak_planks":60,"minecraft:chest":1,"minecraft:spruce_sapling":1,"minecraft:wooden_shovel":37,"minecraft:cooked_chicken":3,"minecraft:oak_door":5,"minecraft:dirt":110,"minecraft:oak_slab":28,"minecraft:oak_sapling":2,"minecraft:furnace":1,"minecraft:bone_meal":3},"minecraft:crafted":{"minecraft:oak_slab":12,"minecraft:oak_planks":96,"minecraft:wooden_shovel":1,"minecraft:stick":8,"minecraft:wooden_pickaxe":1,"minecraft:furnace":1},"minecraft:custom":{"minecraft:time_since_rest":607,"minecraft:interact_with_furnace":5,"minecraft:sprint_one_cm":63334,"minecraft:damage_taken":1712,"minecraft:walk_one_cm":124038,"minecraft:drop":12,"minecraft:damage_dealt":70,"minecraft:interact_with_crafting_table":12,"minecraft:talked_to_villager":13,"minecraft:fly_one_cm":44465,"minecraft:open_chest":35,"minecraft:crouch_one_cm":51200,"minecraft:play_time":36267,"minecraft:deaths":7,"minecraft:sneak_time":13467,"minecraft:jump":214,"minecraft:leave_game":3,"minecraft:time_since_death":578,"minecraft:total_world_time":36267,"minecraft:fall_one_cm":1792},"minecraft:picked_up":{"minecraft:wooden_axe":1,"minecraft:stick":10,"minecraft:oak_slab":17,"minecraft:mud":40,"minecraft:water_bucket":1,"minecraft:oak_door":6,"minecraft:oak_fence":1,"minecraft:oak_log":35,"minecraft:spruce_sapling":1,"minecraft:dirt":65,"minecraft:cooked_chicken":10,"minecraft:wooden_shovel":1,"minecraft:oak_sapling":1,"minecraft:moss_block":34,"minecraft:chest":1,"minecraft:oak_planks":15,"minecraft:cobblestone":51},"minecraft:dropped":{"minecraft:moss_block":9,"minecraft:oak_planks":2,"man:cassette_1safetyinstructions":1,"minecraft:mud":1},"minecraft:mined":{"minecraft:oak_slab":14,"minecraft:mud":6,"minecraft:oak_door":6,"minecraft:crafting_table":2,"minecraft:grass_block":59,"minecraft:oak_log":4,"minecraft:chest":1,"minecraft:dirt":13,"minecraft:moss_block":43,"minecraft:oak_planks":20,"minecraft:oak_leaves":5}},"DataVersion":3465}