{"stats":{"minecraft:used":{"minecraft:moss_block":64,"minecraft:mud":13,"minecraft:oak_planks":11,"minecraft:wooden_shovel":37,"minecraft:oak_door":3,"minecraft:dirt":47,"minecraft:oak_sapling":2,"minecraft:furnace":1,"minecraft:bone_meal":3},"minecraft:crafted":{"minecraft:oak_planks":56,"minecraft:wooden_shovel":1,"minecraft:stick":8,"minecraft:wooden_pickaxe":1,"minecraft:furnace":1},"minecraft:picked_up":{"minecraft:mud":5,"minecraft:oak_door":3,"minecraft:oak_log":6,"minecraft:dirt":41,"minecraft:wooden_shovel":1,"minecraft:oak_sapling":1,"minecraft:moss_block":22,"minecraft:cobblestone":21},"minecraft:custom":{"minecraft:time_since_rest":9374,"minecraft:interact_with_furnace":3,"minecraft:sprint_one_cm":48633,"minecraft:damage_taken":1412,"minecraft:walk_one_cm":72791,"minecraft:drop":12,"minecraft:damage_dealt":50,"minecraft:interact_with_crafting_table":9,"minecraft:talked_to_villager":13,"minecraft:fly_one_cm":39174,"minecraft:open_chest":23,"minecraft:crouch_one_cm":29464,"minecraft:play_time":24267,"minecraft:deaths":6,"minecraft:sneak_time":8727,"minecraft:jump":154,"minecraft:leave_game":3,"minecraft:time_since_death":9350,"minecraft:total_world_time":24267,"minecraft:fall_one_cm":627},"minecraft:dropped":{"minecraft:moss_block":9,"minecraft:oak_planks":2,"man:cassette_1safetyinstructions":1,"minecraft:mud":1},"minecraft:mined":{"minecraft:mud":5,"minecraft:oak_door":3,"minecraft:grass_block":59,"minecraft:oak_log":4,"minecraft:dirt":2,"minecraft:moss_block":39,"minecraft:oak_planks":1,"minecraft:oak_leaves":5}},"DataVersion":3465}