{"stats":{"minecraft:mined":{"minecraft:oak_slab":8,"minecraft:oak_sapling":3,"minecraft:spruce_sapling":1,"minecraft:mud":15,"minecraft:oak_door":1,"minecraft:crafting_table":2,"minecraft:grass_block":88,"minecraft:oak_log":3,"immersive_weathering:loam":1,"minecraft:dirt":56,"minecraft:cobblestone":5,"minecraft:spruce_leaves":5,"minecraft:stone":64,"minecraft:moss_block":29,"minecraft:wall_torch":3,"minecraft:oak_leaves":10,"immersive_weathering:oak_leaf_pile":15},"minecraft:used":{"minecraft:moss_block":1,"minecraft:wooden_axe":22,"minecraft:stone_pickaxe":136,"minecraft:chest":3,"minecraft:wooden_pickaxe":2,"minecraft:spruce_sapling":2,"minecraft:cobblestone_slab":108,"minecraft:oak_door":4,"minecraft:stone_axe":9,"minecraft:torch":9,"minecraft:dirt":217,"minecraft:cobblestone":79,"minecraft:crafting_table":1,"minecraft:oak_sapling":7},"minecraft:killed_by":{"man:managgresive":1},"minecraft:broken":{"minecraft:stone_pickaxe":1},"minecraft:picked_up":{"minecraft:oak_slab":7,"minecraft:mud":36,"minecraft:stick":7,"minecraft:crafting_table":2,"minecraft:oak_door":1,"minecraft:torch":6,"minecraft:oak_log":81,"minecraft:spruce_sapling":3,"minecraft:dirt":306,"minecraft:stone_pickaxe":3,"minecraft:cobblestone_slab":5,"minecraft:oak_sapling":7,"minecraft:moss_block":50,"minecraft:coal":3,"minecraft:wooden_axe":1,"minecraft:cobblestone":239,"minecraft:raw_iron":1},"minecraft:custom":{"minecraft:interact_with_furnace":3,"minecraft:time_since_rest":5162,"minecraft:sprint_one_cm":48918,"minecraft:damage_taken":4825,"minecraft:walk_one_cm":187165,"minecraft:drop":5,"minecraft:damage_dealt":807,"minecraft:player_kills":1,"minecraft:interact_with_crafting_table":21,"minecraft:talked_to_villager":9,"minecraft:fly_one_cm":20320,"minecraft:open_chest":43,"minecraft:crouch_one_cm":83356,"minecraft:play_time":53879,"minecraft:deaths":19,"minecraft:sneak_time":21802,"minecraft:jump":272,"minecraft:time_since_death":5136,"minecraft:total_world_time":53879,"minecraft:fall_one_cm":1020},"minecraft:crafted":{"minecraft:oak_slab":12,"minecraft:oak_planks":60,"minecraft:cobblestone_slab":114,"minecraft:crafting_table":1,"minecraft:stick":8,"minecraft:oak_stairs":4,"minecraft:stone_pickaxe":2,"minecraft:wooden_axe":1,"minecraft:chest":3,"minecraft:stone_axe":1,"minecraft:oak_door":3},"minecraft:dropped":{"minecraft:stone_axe":1,"minecraft:crafting_table":2,"minecraft:stone_pickaxe":1,"minecraft:dirt":18}},"DataVersion":3465}