{"stats":{"minecraft:used":{"minecraft:oak_trapdoor":14,"minecraft:moss_block":1,"minecraft:oak_sign":1,"minecraft:chest":23,"minecraft:spruce_planks":7,"minecraft:shield":29,"minecraft:netherrack":97,"minecraft:oak_door":4,"minecraft:torch":69,"minecraft:dirt":643,"minecraft:carrot":3,"minecraft:granite":41,"minecraft:oak_fence_gate":1,"minecraft:obsidian":364,"minecraft:wooden_axe":52,"minecraft:iron_hoe":16,"minecraft:iron_axe":81,"minecraft:grass_block":67,"minecraft:mossy_cobblestone_slab":16,"minecraft:glowstone":45,"minecraft:soul_soil":40,"minecraft:oak_sapling":8,"minecraft:furnace":5,"minecraft:egg":12,"minecraft:cobbled_deepslate":126,"minecraft:water_bucket":97,"minecraft:diorite":97,"minecraft:amethyst_block":45,"minecraft:oak_planks":2,"minecraft:stone_pickaxe":136,"minecraft:blackstone":64,"minecraft:wooden_pickaxe":5,"minecraft:diamond_axe":46,"minecraft:cobblestone_slab":1550,"minecraft:mossy_cobblestone":4,"minecraft:crafting_table":9,"minecraft:white_bed":2,"immersive_weathering:ice_sickle":9,"minecraft:redstone_torch":2,"minecraft:oak_log":1,"minecraft:mud":260,"minecraft:diamond_pickaxe":1985,"minecraft:diamond_shovel":80,"minecraft:iron_pickaxe":515,"minecraft:stone_button":2,"minecraft:iron_door":1,"minecraft:spruce_sapling":4,"minecraft:stone_axe":9,"minecraft:diamond_sword":4,"minecraft:cobblestone":273,"minecraft:smithing_table":2,"minecraft:andesite":117,"minecraft:bucket":12,"minecraft:oak_boat":4,"the_silence:sad_satan":48},"minecraft:dropped":{"minecraft:moss_block":42,"weather2:wind_vane":1,"minecraft:oak_log":1,"minecraft:crafting_table":3,"minecraft:cobblestone":16,"minecraft:prismarine_crystals":2,"minecraft:granite":9,"minecraft:cracked_stone_bricks":4,"minecraft:stick":2,"minecraft:dirt":58,"minecraft:diorite":4,"minecraft:wooden_hoe":2,"minecraft:wooden_axe":2,"minecraft:mud":6,"minecraft:iron_pickaxe":2,"minecraft:iron_shovel":1,"minecraft:spruce_sapling":1,"minecraft:gold_ingot":16,"minecraft:oak_door":3,"weather2:weather_item":3,"minecraft:blackstone":2,"minecraft:stone_axe":2,"the_silence:flashlightoff":1,"minecraft:cobbled_deepslate":1,"minecraft:raw_copper":43,"minecraft:clay_ball":12,"minecraft:oak_planks":1,"minecraft:diamond_sword":1,"minecraft:diamond_pickaxe":1,"minecraft:andesite":9,"minecraft:oak_sapling":4,"minecraft:stone_pickaxe":1},"minecraft:crafted":{"minecraft:oak_door":3,"minecraft:oak_planks":176,"minecraft:cobblestone_slab":840,"weather2:weather_item":8,"minecraft:stone_button":1,"minecraft:stone":1,"minecraft:oak_trapdoor":4,"minecraft:pig_spawn_egg":1,"minecraft:slime_ball":15,"minecraft:stone_pickaxe":2,"minecraft:chest":13,"minecraft:oak_slab":12,"minecraft:diamond_axe":1,"minecraft:crafting_table":6,"minecraft:spruce_planks":28,"weather2:wind_vane":1,"minecraft:bucket":10,"minecraft:bone":103,"minecraft:stone_axe":1,"minecraft:air":0,"minecraft:cobblestone":206,"minecraft:diamond_pickaxe":3,"minecraft:stick":16,"minecraft:iron_ingot":83,"minecraft:oak_stairs":4,"minecraft:iron_pickaxe":3,"minecraft:wooden_axe":2,"minecraft:gold_ingot":42,"minecraft:redstone_torch":2,"minecraft:torch":16},"minecraft:killed":{"endofherobrine:silverfish":22,"minecraft:spider":2,"minecraft:bat":2,"minecraft:creeper":1,"minecraft:zombie":3},"minecraft:killed_by":{"the_silence:the_silence_principal":2,"minecraft:player":2,"the_anomaly:anomaly_attack_crawl":4,"cartoon_cat:cartoon_cat_chase":2,"shut_your_eyes:agony":1,"midnightlurker:void_hands":2,"man:managgresive":1,"autizmzrake:rake":3},"minecraft:picked_up":{"minecraft:wooden_axe":3,"minecraft:mud":114,"minecraft:crafting_table":6,"minecraft:wheat":19,"minecraft:clay_ball":256,"minecraft:smithing_table":1,"minecraft:brown_mushroom":1,"minecraft:shield":1,"minecraft:amethyst_block":14,"minecraft:string":4,"minecraft:oak_trapdoor":9,"minecraft:raw_copper":226,"minecraft:soul_soil":27,"minecraft:iron_axe":1,"minecraft:iron_shovel":2,"minecraft:pufferfish":1,"the_silence:flashlightoff":1,"minecraft:blackstone":11,"minecraft:oak_sign":1,"minecraft:cracked_stone_bricks":4,"minecraft:gold_nugget":58,"minecraft:cobbled_deepslate":134,"minecraft:bucket":1,"minecraft:spruce_planks":7,"minecraft:beef":2,"minecraft:oak_boat":7,"minecraft:redstone_torch":2,"minecraft:cobblestone_slab":387,"minecraft:iron_pickaxe":4,"minecraft:sugar_cane":3,"minecraft:chest":13,"minecraft:furnace":5,"minecraft:egg":10,"minecraft:stick":59,"minecraft:raw_iron":128,"minecraft:oak_door":4,"minecraft:oak_fence":37,"minecraft:torch":51,"the_silence:sad_satan":13,"minecraft:stone_button":1,"minecraft:diorite":70,"minecraft:redstone":358,"minecraft:prismarine_crystals":7,"immersive_weathering:oak_bark":2,"minecraft:arrow":4,"minecraft:rotten_flesh":13,"minecraft:gold_ingot":16,"minecraft:obsidian":27,"minecraft:mutton":2,"minecraft:cobblestone":699,"minecraft:stripped_oak_log":1,"minecraft:mossy_cobblestone_slab":23,"the_silence:flashlight":1,"minecraft:iron_door":1,"minecraft:andesite":144,"minecraft:leather":1,"minecraft:smoker":1,"minecraft:oak_log":211,"minecraft:ancient_debris":26,"minecraft:gunpowder":1,"minecraft:wooden_hoe":1,"minecraft:dirt":645,"minecraft:bone":3,"minecraft:raw_gold":72,"minecraft:stone_pickaxe":3,"minecraft:rabbit_hide":3,"minecraft:oak_fence_gate":1,"minecraft:glowstone_dust":82,"minecraft:moss_block":195,"minecraft:oak_planks":15,"minecraft:soul_sand":38,"minecraft:oak_slab":8,"minecraft:quartz":22,"minecraft:spruce_sapling":29,"minecraft:spruce_log":9,"minecraft:mossy_cobblestone":4,"minecraft:diamond":69,"minecraft:stone_axe":2,"minecraft:granite":76,"minecraft:emerald":78,"minecraft:oak_sapling":53,"minecraft:netherrack":65,"minecraft:melon_seeds":4,"minecraft:coal":178,"minecraft:diamond_pickaxe":5},"minecraft:custom":{"minecraft:interact_with_smithing_table":1,"minecraft:mob_kills":31,"minecraft:animals_bred":2,"minecraft:interact_with_crafting_table":108,"minecraft:damage_dealt_resisted":249,"minecraft:leave_game":9,"minecraft:time_since_death":828,"minecraft:sprint_one_cm":615492,"minecraft:walk_one_cm":1782423,"minecraft:damage_blocked_by_shield":1380,"minecraft:drop":93,"minecraft:talked_to_villager":122,"minecraft:play_time":545275,"minecraft:sneak_time":123533,"minecraft:deaths":84,"minecraft:walk_under_water_one_cm":82220,"minecraft:jump":2045,"minecraft:walk_on_water_one_cm":37748,"minecraft:total_world_time":545275,"minecraft:interact_with_furnace":79,"minecraft:traded_with_villager":20,"minecraft:sleep_in_bed":6,"minecraft:time_since_rest":854,"minecraft:damage_taken":22447,"minecraft:damage_dealt":6389,"minecraft:player_kills":5,"minecraft:swim_one_cm":945,"minecraft:fly_one_cm":456111,"minecraft:open_chest":910,"minecraft:crouch_one_cm":559008,"minecraft:interact_with_smoker":1,"minecraft:fall_one_cm":23806,"minecraft:horse_one_cm":429},"minecraft:mined":{"minecraft:nether_gold_ore":9,"minecraft:spruce_planks":4,"minecraft:oak_sapling":4,"minecraft:mossy_cobblestone":11,"minecraft:deepslate_diamond_ore":47,"minecraft:oak_door":4,"the_silence:sad_satan":15,"minecraft:sea_lantern":2,"minecraft:obsidian":24,"minecraft:granite":83,"minecraft:grass_block":312,"minecraft:soul_soil":21,"minecraft:spruce_leaves":69,"minecraft:moss_block":108,"minecraft:redstone_ore":9,"minecraft:oak_trapdoor":10,"minecraft:mossy_cobblestone_slab":25,"minecraft:glowstone":17,"minecraft:spruce_sapling":1,"minecraft:furnace":1,"minecraft:iron_ore":14,"minecraft:cobbled_deepslate":73,"minecraft:andesite":158,"minecraft:oak_sign":2,"minecraft:deepslate_iron_ore":72,"minecraft:cobblestone_slab":262,"immersive_weathering:loam":4,"minecraft:stripped_oak_log":1,"minecraft:stone":266,"immersive_weathering:oak_leaf_pile":37,"minecraft:smithing_table":1,"minecraft:deepslate_redstone_ore":51,"minecraft:oak_slab":10,"minecraft:soul_sand":28,"minecraft:blackstone":19,"minecraft:crimson_nylium":13,"minecraft:smoker":1,"immersive_weathering:spruce_leaf_pile":6,"minecraft:clay":49,"minecraft:crafting_table":6,"minecraft:torch":20,"minecraft:chest":12,"minecraft:nether_quartz_ore":16,"minecraft:copper_ore":4,"endofherobrine:glowing_obsidian":8,"minecraft:cobblestone":279,"minecraft:deepslate_coal_ore":68,"minecraft:sugar_cane":2,"minecraft:deepslate_gold_ore":43,"minecraft:oak_planks":14,"endofherobrine:mossy_stone_bricks":25,"minecraft:sculk":11,"minecraft:diorite":96,"minecraft:iron_door":1,"minecraft:wall_torch":7,"minecraft:amethyst_block":15,"minecraft:deepslate_copper_ore":42,"minecraft:warped_nylium":10,"minecraft:mud":80,"minecraft:spruce_log":8,"minecraft:oak_log":86,"minecraft:coal_ore":5,"minecraft:oak_fence_gate":1,"minecraft:dirt":89,"minecraft:cracked_stone_bricks":27,"minecraft:ancient_debris":13,"minecraft:netherrack":25,"minecraft:gold_ore":3,"minecraft:deepslate_emerald_ore":54,"minecraft:oak_leaves":68,"minecraft:deepslate":53},"minecraft:broken":{"minecraft:stone_pickaxe":1}},"DataVersion":3465}