{"stats":{"minecraft:mined":{"minecraft:oak_slab":8,"minecraft:oak_sapling":4,"minecraft:oak_door":1,"immersive_weathering:spruce_leaf_pile":1,"minecraft:crafting_table":2,"minecraft:granite":1,"minecraft:grass_block":90,"minecraft:cobblestone":5,"minecraft:spruce_leaves":5,"minecraft:moss_block":29,"minecraft:diorite":2,"minecraft:wall_torch":3,"minecraft:spruce_sapling":1,"minecraft:mud":19,"minecraft:andesite":5,"minecraft:oak_log":3,"minecraft:cobblestone_slab":2,"immersive_weathering:loam":3,"minecraft:dirt":64,"minecraft:stone":67,"minecraft:oak_leaves":11,"immersive_weathering:oak_leaf_pile":28},"minecraft:used":{"minecraft:moss_block":1,"minecraft:stone_pickaxe":136,"minecraft:chest":3,"minecraft:wooden_pickaxe":5,"minecraft:cobblestone_slab":116,"minecraft:oak_door":4,"minecraft:torch":11,"minecraft:dirt":226,"minecraft:crafting_table":1,"minecraft:mud":99,"minecraft:wooden_axe":22,"minecraft:iron_pickaxe":25,"minecraft:spruce_sapling":2,"minecraft:stone_axe":9,"minecraft:cobblestone":80,"minecraft:oak_sapling":7,"minecraft:andesite":2,"minecraft:bucket":1},"minecraft:killed_by":{"man:managgresive":1},"minecraft:broken":{"minecraft:stone_pickaxe":1},"minecraft:custom":{"minecraft:interact_with_furnace":4,"minecraft:interact_with_crafting_table":23,"minecraft:time_since_death":556,"minecraft:time_since_rest":579,"minecraft:sprint_one_cm":80644,"minecraft:damage_taken":5985,"minecraft:walk_one_cm":260347,"minecraft:drop":13,"minecraft:damage_dealt":817,"minecraft:talked_to_villager":11,"minecraft:fly_one_cm":27532,"minecraft:player_kills":1,"minecraft:open_chest":76,"minecraft:crouch_one_cm":107780,"minecraft:play_time":77879,"minecraft:deaths":24,"minecraft:sneak_time":26550,"minecraft:walk_under_water_one_cm":1045,"minecraft:jump":338,"minecraft:walk_on_water_one_cm":1800,"minecraft:total_world_time":77879,"minecraft:fall_one_cm":1711},"minecraft:picked_up":{"minecraft:wooden_axe":1,"minecraft:mud":38,"minecraft:crafting_table":2,"minecraft:andesite":3,"minecraft:clay_ball":8,"minecraft:oak_log":98,"minecraft:wooden_hoe":1,"minecraft:dirt":319,"minecraft:stone_pickaxe":3,"minecraft:cobblestone_slab":8,"minecraft:iron_pickaxe":2,"minecraft:moss_block":52,"minecraft:oak_planks":7,"minecraft:raw_iron":2,"minecraft:oak_slab":7,"minecraft:stick":15,"minecraft:oak_door":1,"minecraft:torch":6,"minecraft:spruce_sapling":3,"minecraft:diorite":3,"minecraft:stone_axe":2,"minecraft:granite":2,"minecraft:oak_sapling":8,"minecraft:coal":7,"minecraft:cobblestone":242},"minecraft:crafted":{"minecraft:oak_door":3,"minecraft:oak_slab":12,"minecraft:oak_planks":60,"minecraft:cobblestone_slab":120,"minecraft:crafting_table":1,"minecraft:stone_axe":1,"minecraft:stick":8,"minecraft:wooden_axe":1,"minecraft:stone_pickaxe":2,"minecraft:oak_stairs":4,"minecraft:chest":3},"minecraft:dropped":{"minecraft:stone_axe":2,"minecraft:crafting_table":2,"minecraft:dirt":18,"minecraft:wooden_hoe":2,"minecraft:mud":5,"minecraft:stone_pickaxe":1}},"DataVersion":3465}