{"stats":{"minecraft:used":{"minecraft:oak_fence":3,"minecraft:moss_block":131,"minecraft:diorite":47,"minecraft:stone_shovel":79,"minecraft:stone_pickaxe":135,"minecraft:oak_planks":112,"minecraft:chest":1,"minecraft:wooden_shovel":37,"minecraft:cooked_chicken":11,"minecraft:oak_door":6,"minecraft:torch":8,"minecraft:dirt":117,"minecraft:oak_slab":102,"minecraft:crafting_table":2,"minecraft:granite":62,"minecraft:obsidian":4,"minecraft:mud":56,"minecraft:wooden_axe":54,"minecraft:lava_bucket":1,"minecraft:iron_axe":58,"minecraft:iron_pickaxe":458,"minecraft:spruce_sapling":73,"minecraft:stone_axe":386,"minecraft:cobblestone":203,"minecraft:furnace":4,"minecraft:oak_sapling":25,"minecraft:andesite":57,"minecraft:oak_boat":5,"minecraft:egg":3,"minecraft:cobbled_deepslate":35,"minecraft:bone_meal":3},"minecraft:crafted":{"minecraft:oak_planks":132,"minecraft:oak_slab":66,"minecraft:wooden_shovel":1,"minecraft:wooden_pickaxe":1,"minecraft:furnace":3,"minecraft:copper_ingot":64,"minecraft:lava_bucket":1,"minecraft:stone_axe":1,"minecraft:air":0,"minecraft:iron_axe":3,"minecraft:stick":12,"minecraft:gunpowder":7,"minecraft:iron_ingot":89,"minecraft:iron_pickaxe":4,"minecraft:gold_ingot":32,"minecraft:water_bucket":1,"minecraft:obsidian":4},"minecraft:custom":{"minecraft:interact_with_furnace":63,"minecraft:mob_kills":2,"minecraft:traded_with_villager":7,"minecraft:interact_with_crafting_table":36,"minecraft:damage_dealt_resisted":8,"minecraft:leave_game":3,"minecraft:time_since_death":17932,"minecraft:time_since_rest":17968,"minecraft:sprint_one_cm":236609,"minecraft:damage_taken":2893,"minecraft:walk_one_cm":680894,"minecraft:drop":24,"minecraft:damage_dealt":385,"minecraft:talked_to_villager":125,"minecraft:fly_one_cm":188787,"minecraft:open_chest":194,"minecraft:crouch_one_cm":126993,"minecraft:play_time":162267,"minecraft:deaths":11,"minecraft:sneak_time":41208,"minecraft:boat_one_cm":110432,"minecraft:jump":645,"minecraft:walk_on_water_one_cm":2411,"minecraft:total_world_time":162267,"minecraft:fall_one_cm":11149},"minecraft:picked_up":{"minecraft:wooden_axe":1,"minecraft:mud":56,"minecraft:crafting_table":2,"minecraft:clay_ball":32,"minecraft:andesite":8,"minecraft:water_bucket":1,"minecraft:lead":2,"minecraft:potato":1,"minecraft:oak_log":92,"minecraft:dirt":143,"minecraft:raw_copper":2,"minecraft:wheat_seeds":1,"minecraft:cobbled_deepslate":6,"minecraft:raw_gold":6,"minecraft:bucket":2,"minecraft:spruce_planks":20,"minecraft:iron_ingot":19,"minecraft:stone_pickaxe":4,"minecraft:cooked_chicken":10,"minecraft:oak_boat":7,"minecraft:wooden_shovel":1,"minecraft:moss_block":65,"minecraft:chest":1,"minecraft:stone_hoe":1,"minecraft:oak_planks":116,"minecraft:egg":3,"minecraft:furnace":1,"minecraft:raw_iron":15,"minecraft:oak_slab":43,"minecraft:stick":85,"minecraft:oak_door":7,"minecraft:oak_fence":18,"minecraft:torch":8,"minecraft:spruce_sapling":107,"minecraft:diorite":4,"minecraft:spruce_log":105,"minecraft:redstone":14,"minecraft:mossy_cobblestone":1,"minecraft:stone_shovel":4,"minecraft:diamond":4,"minecraft:stone_axe":2,"minecraft:granite":10,"minecraft:oak_sapling":33,"minecraft:coal":27,"minecraft:cobblestone":197},"minecraft:broken":{"minecraft:stone_axe":1,"minecraft:iron_pickaxe":1,"minecraft:wooden_axe":1},"minecraft:killed":{"minecraft:bat":1},"minecraft:dropped":{"minecraft:water_bucket":1,"minecraft:moss_block":10,"minecraft:cooked_chicken":2,"minecraft:stone_shovel":1,"minecraft:oak_planks":2,"man:cassette_1safetyinstructions":1,"minecraft:wooden_axe":1,"minecraft:wooden_shovel":1,"minecraft:iron_axe":2,"minecraft:wooden_pickaxe":2,"minecraft:mud":1,"minecraft:iron_pickaxe":1},"minecraft:mined":{"minecraft:podzol":1,"minecraft:oak_slab":40,"minecraft:oak_sapling":10,"minecraft:farmland":2,"minecraft:mossy_cobblestone":1,"minecraft:oak_door":6,"immersive_weathering:spruce_leaf_pile":225,"minecraft:clay":8,"minecraft:oak_fence":3,"minecraft:crafting_table":4,"minecraft:torch":7,"minecraft:granite":30,"minecraft:grass_block":128,"minecraft:chest":1,"minecraft:cobblestone":63,"minecraft:spruce_leaves":35,"minecraft:oak_planks":63,"minecraft:moss_block":92,"minecraft:diorite":21,"minecraft:wall_torch":1,"minecraft:spruce_sapling":40,"minecraft:furnace":1,"minecraft:mud":28,"minecraft:wheat":1,"minecraft:spruce_log":58,"minecraft:andesite":20,"minecraft:potatoes":1,"minecraft:coal_ore":1,"minecraft:oak_log":25,"minecraft:dirt":70,"minecraft:stone":120,"minecraft:oak_leaves":64,"immersive_weathering:oak_leaf_pile":59}},"DataVersion":3465}