{"stats":{"minecraft:used":{"minecraft:moss_block":1,"minecraft:oak_sign":1,"minecraft:chest":25,"minecraft:spruce_planks":7,"minecraft:shield":29,"minecraft:netherrack":97,"minecraft:oak_door":4,"minecraft:torch":79,"minecraft:dirt":776,"minecraft:carrot":3,"minecraft:granite":41,"minecraft:oak_fence_gate":1,"minecraft:obsidian":364,"minecraft:wooden_axe":52,"minecraft:iron_hoe":16,"minecraft:iron_axe":81,"minecraft:grass_block":67,"minecraft:mossy_cobblestone_slab":22,"minecraft:glowstone":45,"minecraft:soul_soil":40,"minecraft:oak_sapling":8,"minecraft:furnace":9,"minecraft:egg":12,"minecraft:cobbled_deepslate":126,"minecraft:water_bucket":131,"minecraft:amethyst_block":45,"minecraft:diorite":97,"minecraft:oak_planks":2,"minecraft:stone_pickaxe":136,"minecraft:blackstone":64,"minecraft:wooden_pickaxe":5,"minecraft:diamond_axe":50,"minecraft:cobblestone_slab":2588,"minecraft:mossy_cobblestone":4,"minecraft:crafting_table":9,"minecraft:white_bed":2,"immersive_weathering:ice_sickle":9,"minecraft:redstone_torch":2,"minecraft:oak_log":1,"minecraft:mud":260,"minecraft:diamond_pickaxe":3873,"minecraft:apple":2,"minecraft:diamond_shovel":80,"minecraft:iron_pickaxe":515,"minecraft:stone_button":2,"minecraft:iron_door":1,"minecraft:spruce_sapling":4,"minecraft:stone_axe":9,"minecraft:diamond_sword":4,"minecraft:cobblestone":1879,"minecraft:andesite":117,"minecraft:smithing_table":2,"minecraft:bucket":47,"minecraft:oak_boat":4,"the_silence:sad_satan":48,"minecraft:oak_trapdoor":14},"minecraft:crafted":{"minecraft:oak_door":3,"minecraft:oak_planks":192,"minecraft:cobblestone_slab":1554,"weather2:weather_item":8,"minecraft:stone_button":1,"minecraft:stone":1,"minecraft:oak_trapdoor":4,"minecraft:pig_spawn_egg":1,"minecraft:slime_ball":15,"minecraft:stone_pickaxe":2,"minecraft:chest":15,"minecraft:oak_slab":12,"minecraft:diamond_axe":1,"minecraft:crafting_table":6,"minecraft:spruce_planks":28,"weather2:wind_vane":1,"minecraft:bucket":15,"minecraft:bone":103,"minecraft:stone_axe":1,"minecraft:air":0,"minecraft:cobblestone":206,"minecraft:diamond_pickaxe":4,"minecraft:stick":16,"minecraft:iron_ingot":113,"minecraft:oak_stairs":4,"minecraft:iron_pickaxe":3,"minecraft:wooden_axe":2,"minecraft:gold_ingot":42,"minecraft:redstone_torch":2,"minecraft:torch":16},"minecraft:dropped":{"minecraft:water_bucket":1,"minecraft:moss_block":42,"weather2:wind_vane":1,"minecraft:oak_log":1,"minecraft:crafting_table":3,"minecraft:cobblestone":81,"minecraft:prismarine_crystals":2,"minecraft:granite":9,"minecraft:cracked_stone_bricks":4,"minecraft:emerald":1,"minecraft:stick":3,"minecraft:dirt":59,"minecraft:diorite":4,"minecraft:wooden_hoe":2,"minecraft:torch":1,"minecraft:wooden_axe":2,"the_silence:sad_satan":9,"minecraft:mud":8,"minecraft:iron_pickaxe":2,"minecraft:iron_shovel":1,"minecraft:string":2,"minecraft:bucket":2,"minecraft:spruce_sapling":1,"minecraft:gold_ingot":16,"minecraft:redstone":4,"minecraft:oak_door":3,"weather2:weather_item":3,"minecraft:stone_axe":2,"minecraft:blackstone":2,"the_silence:flashlightoff":1,"minecraft:cobbled_deepslate":3,"minecraft:raw_copper":43,"minecraft:raw_iron":1,"minecraft:cherry_sapling":3,"minecraft:clay_ball":16,"minecraft:oak_planks":1,"minecraft:diamond_sword":1,"minecraft:cobblestone_slab":137,"minecraft:diamond_pickaxe":4,"minecraft:andesite":9,"minecraft:oak_sapling":4,"minecraft:stone_pickaxe":1,"minecraft:netherrack":1},"minecraft:killed":{"endofherobrine:silverfish":22,"minecraft:witch":1,"minecraft:spider":2,"boh:rat":2,"minecraft:bat":3,"minecraft:creeper":1,"minecraft:zombie":3},"minecraft:killed_by":{"the_silence:the_silence_principal":2,"minecraft:player":3,"the_anomaly:anomaly_attack_crawl":4,"cartoon_cat:cartoon_cat_chase":2,"shut_your_eyes:agony":2,"midnightlurker:void_hands":2,"man:managgresive":6,"sanitydim:sneaking_terror":1,"minecraft:skeleton":1,"autizmzrake:rake":5,"boh:rat":1},"minecraft:picked_up":{"minecraft:wooden_axe":3,"minecraft:mud":123,"minecraft:crafting_table":6,"minecraft:wheat":19,"minecraft:clay_ball":276,"minecraft:brown_mushroom":1,"minecraft:smithing_table":1,"minecraft:shield":1,"minecraft:amethyst_block":19,"minecraft:string":6,"minecraft:oak_trapdoor":10,"minecraft:soul_soil":27,"minecraft:raw_copper":234,"minecraft:iron_axe":1,"minecraft:iron_shovel":2,"minecraft:pufferfish":1,"the_silence:flashlightoff":1,"minecraft:blackstone":13,"minecraft:oak_sign":1,"minecraft:cracked_stone_bricks":4,"minecraft:gold_nugget":67,"minecraft:cobbled_deepslate":142,"minecraft:bucket":3,"minecraft:spruce_planks":7,"minecraft:beef":2,"minecraft:oak_boat":7,"minecraft:redstone_torch":2,"minecraft:cobblestone_slab":812,"minecraft:iron_pickaxe":4,"minecraft:sugar_cane":3,"minecraft:chest":13,"minecraft:furnace":9,"minecraft:egg":10,"minecraft:stick":60,"minecraft:raw_iron":134,"minecraft:oak_door":4,"minecraft:copper_ingot":64,"minecraft:oak_fence":37,"minecraft:torch":80,"the_silence:sad_satan":34,"minecraft:stone_button":1,"minecraft:diorite":73,"minecraft:redstone":406,"minecraft:prismarine_crystals":7,"immersive_weathering:oak_bark":2,"minecraft:arrow":4,"minecraft:rotten_flesh":13,"minecraft:gold_ingot":16,"minecraft:obsidian":31,"minecraft:mutton":2,"minecraft:cobblestone":2040,"minecraft:stripped_oak_log":1,"minecraft:mossy_cobblestone_slab":45,"the_silence:flashlight":1,"minecraft:iron_door":1,"minecraft:water_bucket":1,"minecraft:andesite":145,"minecraft:leather":1,"minecraft:smoker":1,"minecraft:oak_log":216,"minecraft:ancient_debris":26,"minecraft:gunpowder":1,"minecraft:wooden_hoe":1,"minecraft:dirt":668,"boh:sirenphone":1,"minecraft:bone":3,"minecraft:raw_gold":74,"minecraft:rabbit_hide":3,"minecraft:oak_fence_gate":1,"minecraft:stone_pickaxe":3,"minecraft:glowstone_dust":93,"minecraft:moss_block":198,"minecraft:oak_planks":15,"minecraft:soul_sand":39,"minecraft:oak_slab":8,"minecraft:quartz":24,"minecraft:spruce_sapling":29,"minecraft:spruce_log":9,"minecraft:mossy_cobblestone":5,"minecraft:diamond":72,"minecraft:stone_axe":2,"minecraft:granite":82,"minecraft:diamond_axe":1,"minecraft:cherry_sapling":4,"minecraft:emerald":79,"minecraft:rooted_dirt":1,"minecraft:oak_sapling":53,"minecraft:netherrack":76,"minecraft:melon_seeds":4,"minecraft:coal":255,"minecraft:diamond_pickaxe":12},"minecraft:custom":{"minecraft:interact_with_smithing_table":1,"minecraft:mob_kills":35,"minecraft:animals_bred":2,"minecraft:interact_with_crafting_table":138,"minecraft:damage_dealt_resisted":762,"minecraft:leave_game":16,"minecraft:time_since_death":11037,"minecraft:sprint_one_cm":993330,"minecraft:walk_one_cm":2496260,"minecraft:damage_blocked_by_shield":1380,"minecraft:drop":195,"minecraft:talked_to_villager":128,"minecraft:play_time":791804,"minecraft:sneak_time":208979,"minecraft:deaths":127,"minecraft:walk_under_water_one_cm":197718,"minecraft:jump":4309,"minecraft:walk_on_water_one_cm":116944,"minecraft:total_world_time":791804,"minecraft:interact_with_furnace":83,"minecraft:traded_with_villager":20,"minecraft:sleep_in_bed":13,"minecraft:time_since_rest":11062,"minecraft:damage_taken":34278,"minecraft:damage_dealt":7540,"minecraft:player_kills":6,"minecraft:swim_one_cm":1774,"minecraft:fly_one_cm":1523713,"minecraft:open_chest":1193,"minecraft:crouch_one_cm":780151,"minecraft:interact_with_smoker":1,"minecraft:fall_one_cm":53051,"minecraft:horse_one_cm":429},"minecraft:mined":{"minecraft:nether_gold_ore":11,"minecraft:spruce_planks":4,"minecraft:oak_sapling":4,"minecraft:mossy_cobblestone":13,"minecraft:deepslate_diamond_ore":50,"minecraft:oak_door":4,"the_silence:sad_satan":40,"minecraft:sea_lantern":2,"minecraft:obsidian":31,"minecraft:granite":97,"minecraft:grass_block":332,"minecraft:soul_soil":22,"minecraft:spruce_leaves":75,"minecraft:moss_block":124,"minecraft:redstone_ore":9,"minecraft:oak_trapdoor":11,"minecraft:mossy_cobblestone_slab":44,"minecraft:glowstone":21,"minecraft:spruce_sapling":1,"minecraft:furnace":5,"minecraft:iron_ore":14,"minecraft:cobbled_deepslate":73,"minecraft:andesite":161,"minecraft:oak_sign":2,"minecraft:deepslate_iron_ore":79,"minecraft:cobblestone_slab":580,"immersive_weathering:loam":4,"minecraft:stripped_oak_log":1,"minecraft:stone":281,"immersive_weathering:oak_leaf_pile":38,"minecraft:smithing_table":1,"minecraft:deepslate_redstone_ore":56,"minecraft:oak_slab":10,"minecraft:soul_sand":32,"minecraft:blackstone":23,"minecraft:crimson_nylium":15,"minecraft:smoker":1,"immersive_weathering:spruce_leaf_pile":6,"minecraft:clay":54,"minecraft:crafting_table":6,"minecraft:torch":30,"minecraft:chest":12,"minecraft:nether_quartz_ore":16,"minecraft:copper_ore":4,"endofherobrine:glowing_obsidian":8,"minecraft:cobblestone":1601,"minecraft:deepslate_coal_ore":72,"minecraft:deepslate_gold_ore":44,"minecraft:oak_planks":14,"minecraft:sugar_cane":2,"endofherobrine:mossy_stone_bricks":25,"minecraft:sculk":16,"minecraft:diorite":101,"minecraft:iron_door":1,"minecraft:wall_torch":11,"minecraft:amethyst_block":19,"minecraft:deepslate_copper_ore":46,"minecraft:warped_nylium":12,"minecraft:mud":86,"minecraft:spruce_log":8,"minecraft:oak_log":86,"minecraft:coal_ore":5,"minecraft:oak_fence_gate":1,"minecraft:cherry_leaves":31,"minecraft:dirt":94,"minecraft:cracked_stone_bricks":27,"minecraft:gold_ore":3,"minecraft:ancient_debris":13,"minecraft:netherrack":31,"minecraft:deepslate_emerald_ore":56,"minecraft:oak_leaves":71,"minecraft:deepslate":62},"minecraft:broken":{"minecraft:stone_pickaxe":1}},"DataVersion":3465}