{"stats":{"minecraft:used":{"minecraft:moss_block":1,"minecraft:oak_sign":1,"minecraft:chest":25,"minecraft:spruce_planks":7,"minecraft:shield":29,"minecraft:netherrack":97,"minecraft:oak_door":4,"minecraft:torch":79,"minecraft:dirt":776,"minecraft:carrot":3,"minecraft:granite":41,"minecraft:oak_fence_gate":1,"minecraft:obsidian":364,"minecraft:wooden_axe":52,"minecraft:iron_hoe":16,"minecraft:iron_axe":81,"minecraft:grass_block":67,"minecraft:mossy_cobblestone_slab":22,"minecraft:glowstone":45,"minecraft:soul_soil":40,"minecraft:oak_sapling":8,"minecraft:furnace":9,"minecraft:egg":12,"minecraft:cobbled_deepslate":126,"minecraft:water_bucket":131,"minecraft:amethyst_block":45,"minecraft:diorite":97,"minecraft:oak_planks":2,"minecraft:stone_pickaxe":136,"minecraft:blackstone":64,"minecraft:wooden_pickaxe":5,"minecraft:diamond_axe":50,"minecraft:cobblestone_slab":2588,"minecraft:mossy_cobblestone":4,"minecraft:crafting_table":9,"minecraft:white_bed":2,"immersive_weathering:ice_sickle":9,"minecraft:redstone_torch":2,"minecraft:oak_log":1,"minecraft:mud":260,"minecraft:diamond_pickaxe":4118,"minecraft:apple":2,"minecraft:diamond_shovel":80,"minecraft:iron_pickaxe":515,"minecraft:stone_button":2,"minecraft:iron_door":1,"minecraft:spruce_sapling":4,"minecraft:stone_axe":9,"minecraft:diamond_sword":4,"minecraft:cobblestone":1879,"minecraft:andesite":117,"minecraft:smithing_table":2,"minecraft:bucket":47,"minecraft:oak_boat":4,"the_silence:sad_satan":48,"minecraft:oak_trapdoor":14},"minecraft:crafted":{"minecraft:oak_door":3,"minecraft:oak_planks":192,"minecraft:cobblestone_slab":1554,"weather2:weather_item":8,"minecraft:stone_button":1,"minecraft:stone":1,"minecraft:oak_trapdoor":4,"minecraft:pig_spawn_egg":1,"minecraft:slime_ball":15,"minecraft:stone_pickaxe":2,"minecraft:chest":15,"minecraft:oak_slab":12,"minecraft:diamond_axe":1,"minecraft:crafting_table":6,"minecraft:spruce_planks":28,"weather2:wind_vane":1,"minecraft:bucket":15,"minecraft:bone":103,"minecraft:stone_axe":1,"minecraft:air":0,"minecraft:cobblestone":206,"minecraft:diamond_pickaxe":4,"minecraft:stick":16,"minecraft:iron_ingot":113,"minecraft:oak_stairs":4,"minecraft:iron_pickaxe":3,"minecraft:wooden_axe":2,"minecraft:gold_ingot":42,"minecraft:redstone_torch":2,"minecraft:torch":16},"minecraft:dropped":{"minecraft:water_bucket":1,"minecraft:moss_block":42,"weather2:wind_vane":1,"minecraft:oak_log":1,"minecraft:crafting_table":3,"minecraft:cobblestone":81,"minecraft:prismarine_crystals":2,"minecraft:granite":9,"minecraft:cracked_stone_bricks":4,"minecraft:emerald":1,"minecraft:stick":3,"minecraft:dirt":59,"minecraft:diorite":4,"minecraft:wooden_hoe":2,"minecraft:torch":1,"minecraft:wooden_axe":2,"the_silence:sad_satan":9,"minecraft:mud":8,"minecraft:iron_pickaxe":2,"minecraft:iron_shovel":1,"minecraft:string":2,"minecraft:bucket":2,"minecraft:spruce_sapling":1,"minecraft:gold_ingot":16,"minecraft:redstone":4,"minecraft:oak_door":3,"weather2:weather_item":3,"minecraft:stone_axe":2,"minecraft:blackstone":2,"the_silence:flashlightoff":1,"minecraft:cobbled_deepslate":3,"minecraft:raw_copper":43,"minecraft:raw_iron":1,"minecraft:cherry_sapling":3,"minecraft:clay_ball":16,"minecraft:oak_planks":1,"minecraft:diamond_sword":1,"minecraft:cobblestone_slab":137,"minecraft:diamond_pickaxe":5,"minecraft:andesite":9,"minecraft:oak_sapling":4,"minecraft:stone_pickaxe":1,"minecraft:netherrack":1},"minecraft:killed":{"endofherobrine:silverfish":22,"minecraft:witch":1,"minecraft:spider":2,"boh:rat":2,"minecraft:bat":3,"minecraft:creeper":1,"minecraft:zombie":3},"minecraft:killed_by":{"the_silence:the_silence_principal":2,"minecraft:player":3,"the_anomaly:anomaly_attack_crawl":4,"cartoon_cat:cartoon_cat_chase":2,"shut_your_eyes:agony":3,"midnightlurker:void_hands":2,"man:managgresive":6,"sanitydim:sneaking_terror":1,"minecraft:skeleton":1,"autizmzrake:rake":5,"boh:rat":1},"minecraft:picked_up":{"minecraft:wooden_axe":3,"minecraft:mud":136,"minecraft:crafting_table":6,"minecraft:wheat":19,"minecraft:clay_ball":340,"minecraft:brown_mushroom":1,"minecraft:smithing_table":1,"minecraft:shield":1,"minecraft:amethyst_block":46,"minecraft:string":6,"minecraft:oak_trapdoor":10,"minecraft:soul_soil":34,"minecraft:raw_copper":310,"minecraft:iron_axe":1,"minecraft:iron_shovel":2,"minecraft:pufferfish":1,"the_silence:flashlightoff":1,"minecraft:blackstone":32,"minecraft:oak_sign":1,"minecraft:cracked_stone_bricks":4,"minecraft:gold_nugget":67,"minecraft:cobbled_deepslate":166,"minecraft:bucket":4,"minecraft:spruce_planks":7,"minecraft:beef":2,"minecraft:oak_boat":7,"minecraft:redstone_torch":2,"minecraft:cobblestone_slab":813,"minecraft:iron_pickaxe":4,"minecraft:sugar_cane":3,"minecraft:chest":13,"minecraft:furnace":9,"minecraft:egg":10,"minecraft:stick":60,"minecraft:raw_iron":182,"minecraft:oak_door":4,"minecraft:copper_ingot":64,"minecraft:oak_fence":37,"minecraft:torch":80,"the_silence:sad_satan":34,"minecraft:stone_button":1,"minecraft:diorite":91,"minecraft:redstone":574,"minecraft:prismarine_crystals":7,"immersive_weathering:oak_bark":2,"minecraft:arrow":4,"minecraft:rotten_flesh":13,"minecraft:gold_ingot":16,"minecraft:obsidian":45,"minecraft:mutton":2,"minecraft:cobblestone":2055,"minecraft:stripped_oak_log":1,"minecraft:mossy_cobblestone_slab":47,"the_silence:flashlight":1,"minecraft:iron_door":1,"minecraft:water_bucket":1,"minecraft:andesite":166,"minecraft:leather":1,"minecraft:red_mushroom":2,"minecraft:smoker":1,"minecraft:oak_log":224,"minecraft:ancient_debris":35,"minecraft:gunpowder":3,"minecraft:wooden_hoe":1,"minecraft:dirt":744,"boh:sirenphone":1,"minecraft:bone":3,"minecraft:raw_gold":105,"minecraft:rabbit_hide":3,"minecraft:oak_fence_gate":1,"minecraft:stone_pickaxe":3,"minecraft:glowstone_dust":115,"minecraft:moss_block":241,"minecraft:oak_planks":15,"minecraft:soul_sand":45,"minecraft:oak_slab":8,"minecraft:quartz":27,"minecraft:spruce_sapling":31,"minecraft:spruce_log":9,"minecraft:mossy_cobblestone":5,"minecraft:diamond":91,"minecraft:stone_axe":2,"minecraft:granite":101,"minecraft:diamond_axe":2,"minecraft:cherry_sapling":4,"minecraft:emerald":102,"minecraft:rooted_dirt":1,"minecraft:oak_sapling":58,"minecraft:netherrack":115,"minecraft:melon_seeds":4,"minecraft:coal":283,"minecraft:diamond_pickaxe":14},"minecraft:custom":{"minecraft:interact_with_smithing_table":1,"minecraft:mob_kills":35,"minecraft:animals_bred":2,"minecraft:interact_with_crafting_table":138,"minecraft:damage_dealt_resisted":762,"minecraft:leave_game":18,"minecraft:time_since_death":971,"minecraft:sprint_one_cm":993630,"minecraft:walk_one_cm":2506044,"minecraft:damage_blocked_by_shield":1380,"minecraft:drop":196,"minecraft:talked_to_villager":128,"minecraft:play_time":806089,"minecraft:sneak_time":209195,"minecraft:deaths":128,"minecraft:walk_under_water_one_cm":197718,"minecraft:jump":4326,"minecraft:walk_on_water_one_cm":116944,"minecraft:total_world_time":806089,"minecraft:interact_with_furnace":83,"minecraft:traded_with_villager":20,"minecraft:sleep_in_bed":13,"minecraft:time_since_rest":998,"minecraft:damage_taken":35883,"minecraft:damage_dealt":7568,"minecraft:player_kills":6,"minecraft:swim_one_cm":1774,"minecraft:fly_one_cm":1523758,"minecraft:open_chest":1196,"minecraft:crouch_one_cm":782006,"minecraft:interact_with_smoker":1,"minecraft:fall_one_cm":53051,"minecraft:horse_one_cm":429},"minecraft:mined":{"minecraft:nether_gold_ore":15,"minecraft:spruce_planks":4,"minecraft:oak_sapling":4,"minecraft:mossy_cobblestone":13,"minecraft:deepslate_diamond_ore":55,"minecraft:oak_door":4,"the_silence:sad_satan":40,"minecraft:sea_lantern":2,"minecraft:obsidian":45,"minecraft:granite":107,"minecraft:grass_block":355,"minecraft:soul_soil":22,"minecraft:spruce_leaves":78,"minecraft:moss_block":136,"minecraft:redstone_ore":9,"minecraft:oak_trapdoor":11,"minecraft:mossy_cobblestone_slab":45,"minecraft:glowstone":23,"minecraft:spruce_sapling":1,"minecraft:furnace":5,"minecraft:iron_ore":14,"minecraft:cobbled_deepslate":73,"minecraft:andesite":170,"minecraft:oak_sign":2,"minecraft:deepslate_iron_ore":93,"minecraft:cobblestone_slab":580,"immersive_weathering:loam":4,"minecraft:stripped_oak_log":1,"minecraft:stone":302,"immersive_weathering:oak_leaf_pile":38,"minecraft:smithing_table":1,"minecraft:deepslate_redstone_ore":68,"minecraft:oak_slab":10,"minecraft:soul_sand":33,"minecraft:blackstone":27,"minecraft:crimson_nylium":20,"minecraft:smoker":1,"immersive_weathering:spruce_leaf_pile":6,"minecraft:clay":59,"minecraft:crafting_table":6,"minecraft:torch":30,"minecraft:chest":12,"minecraft:nether_quartz_ore":21,"minecraft:copper_ore":4,"endofherobrine:glowing_obsidian":8,"minecraft:cobblestone":1602,"minecraft:deepslate_coal_ore":84,"minecraft:deepslate_gold_ore":52,"minecraft:oak_planks":14,"minecraft:sugar_cane":2,"endofherobrine:mossy_stone_bricks":25,"minecraft:sculk":23,"minecraft:diorite":105,"minecraft:iron_door":1,"minecraft:wall_torch":11,"minecraft:amethyst_block":25,"minecraft:deepslate_copper_ore":54,"minecraft:warped_nylium":17,"minecraft:mud":97,"minecraft:spruce_log":8,"minecraft:oak_log":95,"minecraft:coal_ore":5,"minecraft:oak_fence_gate":1,"minecraft:cherry_leaves":31,"minecraft:dirt":94,"minecraft:cracked_stone_bricks":27,"minecraft:gold_ore":3,"minecraft:ancient_debris":18,"minecraft:netherrack":34,"minecraft:deepslate_emerald_ore":60,"minecraft:oak_leaves":76,"minecraft:deepslate":69},"minecraft:broken":{"minecraft:stone_pickaxe":1}},"DataVersion":3465}