{"stats":{"minecraft:mined":{"minecraft:grass_block":8,"minecraft:dirt":1},"minecraft:used":{"minecraft:dirt":15},"minecraft:killed_by":{"man:managgresive":1},"minecraft:picked_up":{"minecraft:dirt":15},"minecraft:custom":{"minecraft:jump":34,"minecraft:time_since_rest":2153,"minecraft:damage_dealt":35,"minecraft:crouch_one_cm":22145,"minecraft:deaths":3,"minecraft:play_time":5879,"minecraft:damage_taken":721,"minecraft:time_since_death":2128,"minecraft:walk_one_cm":1922,"minecraft:sneak_time":4180,"minecraft:total_world_time":5879,"minecraft:fly_one_cm":128}},"DataVersion":3465}