{"stats":{"minecraft:used":{"minecraft:oak_trapdoor":14,"minecraft:moss_block":1,"minecraft:oak_sign":1,"minecraft:chest":23,"minecraft:spruce_planks":7,"minecraft:shield":29,"minecraft:netherrack":3,"minecraft:oak_door":4,"minecraft:torch":65,"minecraft:dirt":643,"minecraft:carrot":3,"minecraft:granite":1,"minecraft:oak_fence_gate":1,"minecraft:obsidian":364,"minecraft:wooden_axe":52,"minecraft:iron_axe":81,"minecraft:grass_block":67,"minecraft:mossy_cobblestone_slab":15,"minecraft:glowstone":45,"minecraft:oak_sapling":8,"minecraft:furnace":5,"minecraft:egg":10,"minecraft:cobbled_deepslate":37,"minecraft:water_bucket":97,"minecraft:diorite":41,"minecraft:oak_planks":2,"minecraft:stone_pickaxe":136,"minecraft:wooden_pickaxe":5,"minecraft:diamond_axe":37,"minecraft:cobblestone_slab":1340,"minecraft:mossy_cobblestone":4,"minecraft:crafting_table":9,"minecraft:white_bed":2,"immersive_weathering:ice_sickle":9,"minecraft:redstone_torch":2,"minecraft:oak_log":1,"minecraft:mud":165,"minecraft:diamond_pickaxe":1518,"minecraft:diamond_shovel":80,"minecraft:iron_pickaxe":513,"minecraft:spruce_sapling":4,"minecraft:stone_axe":9,"minecraft:diamond_sword":4,"minecraft:cobblestone":273,"minecraft:smithing_table":2,"minecraft:andesite":63,"minecraft:bucket":12,"minecraft:oak_boat":4},"minecraft:dropped":{"minecraft:moss_block":42,"weather2:wind_vane":1,"minecraft:oak_log":1,"minecraft:crafting_table":3,"minecraft:cobblestone":16,"minecraft:prismarine_crystals":2,"minecraft:granite":2,"minecraft:stick":2,"minecraft:dirt":58,"minecraft:wooden_hoe":2,"minecraft:wooden_axe":2,"minecraft:mud":6,"minecraft:iron_pickaxe":2,"minecraft:iron_shovel":1,"minecraft:spruce_sapling":1,"minecraft:gold_ingot":16,"minecraft:oak_door":3,"weather2:weather_item":3,"minecraft:stone_axe":2,"the_silence:flashlightoff":1,"minecraft:cobbled_deepslate":1,"minecraft:raw_copper":43,"minecraft:clay_ball":12,"minecraft:diamond_sword":1,"minecraft:diamond_pickaxe":1,"minecraft:andesite":5,"minecraft:oak_sapling":4,"minecraft:stone_pickaxe":1},"minecraft:crafted":{"minecraft:oak_door":3,"minecraft:oak_planks":176,"minecraft:cobblestone_slab":690,"weather2:weather_item":8,"minecraft:oak_trapdoor":4,"minecraft:pig_spawn_egg":1,"minecraft:slime_ball":15,"minecraft:stone_pickaxe":2,"minecraft:chest":13,"minecraft:oak_slab":12,"minecraft:crafting_table":6,"minecraft:spruce_planks":28,"weather2:wind_vane":1,"minecraft:bucket":10,"minecraft:bone":103,"minecraft:stone_axe":1,"minecraft:air":0,"minecraft:cobblestone":206,"minecraft:diamond_pickaxe":2,"minecraft:stick":16,"minecraft:iron_ingot":83,"minecraft:oak_stairs":4,"minecraft:iron_pickaxe":3,"minecraft:wooden_axe":2,"minecraft:gold_ingot":42,"minecraft:redstone_torch":2,"minecraft:torch":16},"minecraft:killed":{"endofherobrine:silverfish":22,"minecraft:bat":2,"minecraft:creeper":1,"minecraft:zombie":3},"minecraft:killed_by":{"the_silence:the_silence_principal":2,"minecraft:player":2,"the_anomaly:anomaly_attack_crawl":3,"cartoon_cat:cartoon_cat_chase":1,"shut_your_eyes:agony":1,"midnightlurker:void_hands":2,"man:managgresive":1,"autizmzrake:rake":3},"minecraft:picked_up":{"minecraft:wooden_axe":3,"minecraft:mud":109,"minecraft:crafting_table":6,"minecraft:wheat":19,"minecraft:clay_ball":248,"minecraft:smithing_table":1,"minecraft:brown_mushroom":1,"minecraft:shield":1,"minecraft:amethyst_block":13,"minecraft:oak_trapdoor":9,"minecraft:raw_copper":218,"minecraft:soul_soil":23,"minecraft:iron_axe":1,"minecraft:iron_shovel":2,"minecraft:pufferfish":1,"the_silence:flashlightoff":1,"minecraft:blackstone":7,"minecraft:oak_sign":1,"minecraft:gold_nugget":55,"minecraft:cobbled_deepslate":115,"minecraft:bucket":1,"minecraft:spruce_planks":7,"minecraft:beef":2,"minecraft:oak_boat":7,"minecraft:cobblestone_slab":362,"minecraft:iron_pickaxe":4,"minecraft:sugar_cane":1,"minecraft:chest":13,"minecraft:furnace":5,"minecraft:egg":6,"minecraft:stick":59,"minecraft:raw_iron":124,"minecraft:oak_door":4,"minecraft:torch":39,"minecraft:diorite":59,"minecraft:redstone":344,"minecraft:prismarine_crystals":7,"immersive_weathering:oak_bark":2,"minecraft:arrow":4,"minecraft:rotten_flesh":11,"minecraft:gold_ingot":16,"minecraft:obsidian":25,"minecraft:mutton":2,"minecraft:cobblestone":606,"minecraft:stripped_oak_log":1,"minecraft:mossy_cobblestone_slab":21,"the_silence:flashlight":1,"minecraft:iron_door":1,"minecraft:andesite":134,"minecraft:leather":1,"minecraft:smoker":1,"minecraft:oak_log":206,"minecraft:ancient_debris":23,"minecraft:gunpowder":1,"minecraft:wooden_hoe":1,"minecraft:dirt":636,"minecraft:bone":3,"minecraft:raw_gold":71,"minecraft:rabbit_hide":3,"minecraft:stone_pickaxe":3,"minecraft:glowstone_dust":77,"minecraft:moss_block":192,"minecraft:oak_planks":14,"minecraft:soul_sand":35,"minecraft:oak_slab":7,"minecraft:quartz":22,"minecraft:spruce_sapling":29,"minecraft:spruce_log":9,"minecraft:mossy_cobblestone":4,"minecraft:diamond":69,"minecraft:stone_axe":2,"minecraft:granite":72,"minecraft:emerald":76,"minecraft:oak_sapling":53,"minecraft:netherrack":61,"minecraft:melon_seeds":4,"minecraft:coal":175,"minecraft:diamond_pickaxe":4},"minecraft:custom":{"minecraft:interact_with_smithing_table":1,"minecraft:mob_kills":29,"minecraft:animals_bred":2,"minecraft:interact_with_crafting_table":94,"minecraft:damage_dealt_resisted":249,"minecraft:leave_game":4,"minecraft:time_since_death":266,"minecraft:sprint_one_cm":506081,"minecraft:walk_one_cm":1556859,"minecraft:damage_blocked_by_shield":1380,"minecraft:drop":74,"minecraft:talked_to_villager":122,"minecraft:play_time":460628,"minecraft:sneak_time":99590,"minecraft:deaths":75,"minecraft:walk_under_water_one_cm":72830,"minecraft:jump":1644,"minecraft:walk_on_water_one_cm":32506,"minecraft:total_world_time":460628,"minecraft:interact_with_furnace":76,"minecraft:traded_with_villager":20,"minecraft:sleep_in_bed":6,"minecraft:time_since_rest":290,"minecraft:damage_taken":20103,"minecraft:damage_dealt":5710,"minecraft:player_kills":5,"minecraft:swim_one_cm":945,"minecraft:fly_one_cm":346259,"minecraft:open_chest":781,"minecraft:crouch_one_cm":458011,"minecraft:interact_with_smoker":1,"minecraft:fall_one_cm":22703,"minecraft:horse_one_cm":14},"minecraft:mined":{"minecraft:nether_gold_ore":9,"minecraft:spruce_planks":4,"minecraft:oak_sapling":4,"minecraft:mossy_cobblestone":11,"minecraft:deepslate_diamond_ore":47,"minecraft:oak_door":4,"minecraft:sea_lantern":2,"minecraft:obsidian":23,"minecraft:granite":56,"minecraft:grass_block":305,"minecraft:soul_soil":16,"minecraft:spruce_leaves":68,"minecraft:moss_block":107,"minecraft:redstone_ore":9,"minecraft:oak_trapdoor":10,"minecraft:mossy_cobblestone_slab":23,"minecraft:glowstone":16,"minecraft:spruce_sapling":1,"minecraft:furnace":1,"minecraft:iron_ore":14,"minecraft:cobbled_deepslate":40,"minecraft:andesite":61,"minecraft:deepslate_iron_ore":71,"minecraft:oak_sign":2,"minecraft:cobblestone_slab":247,"immersive_weathering:loam":4,"minecraft:stripped_oak_log":1,"minecraft:stone":265,"immersive_weathering:oak_leaf_pile":37,"minecraft:smithing_table":1,"minecraft:deepslate_redstone_ore":51,"minecraft:oak_slab":8,"minecraft:soul_sand":27,"minecraft:blackstone":7,"minecraft:smoker":1,"minecraft:crimson_nylium":13,"immersive_weathering:spruce_leaf_pile":6,"minecraft:clay":48,"minecraft:crafting_table":6,"minecraft:torch":17,"minecraft:chest":12,"minecraft:nether_quartz_ore":16,"minecraft:copper_ore":4,"endofherobrine:glowing_obsidian":3,"minecraft:cobblestone":152,"minecraft:deepslate_coal_ore":67,"minecraft:deepslate_gold_ore":43,"minecraft:oak_planks":6,"endofherobrine:mossy_stone_bricks":1,"minecraft:sculk":9,"minecraft:diorite":54,"minecraft:iron_door":1,"minecraft:wall_torch":7,"minecraft:amethyst_block":12,"minecraft:deepslate_copper_ore":42,"minecraft:warped_nylium":9,"minecraft:mud":73,"minecraft:spruce_log":8,"minecraft:oak_log":85,"minecraft:coal_ore":5,"minecraft:dirt":89,"minecraft:ancient_debris":13,"minecraft:netherrack":20,"minecraft:gold_ore":3,"minecraft:deepslate_emerald_ore":54,"minecraft:oak_leaves":68,"minecraft:deepslate":50},"minecraft:broken":{"minecraft:stone_pickaxe":1}},"DataVersion":3465}