{"stats":{"minecraft:mined":{"minecraft:nether_gold_ore":1,"minecraft:oak_sapling":4,"minecraft:deepslate_diamond_ore":18,"minecraft:oak_door":4,"minecraft:granite":21,"minecraft:grass_block":160,"minecraft:soul_soil":2,"minecraft:spruce_leaves":42,"minecraft:moss_block":70,"minecraft:redstone_ore":9,"minecraft:oak_trapdoor":6,"minecraft:glowstone":5,"minecraft:spruce_sapling":1,"minecraft:furnace":1,"minecraft:iron_ore":14,"minecraft:cobbled_deepslate":2,"minecraft:andesite":34,"minecraft:oak_sign":2,"minecraft:deepslate_iron_ore":27,"minecraft:cobblestone_slab":57,"immersive_weathering:loam":4,"minecraft:stripped_oak_log":1,"minecraft:stone":162,"immersive_weathering:oak_leaf_pile":34,"minecraft:deepslate_redstone_ore":12,"minecraft:oak_slab":8,"minecraft:soul_sand":11,"minecraft:crimson_nylium":6,"immersive_weathering:spruce_leaf_pile":6,"minecraft:clay":25,"minecraft:crafting_table":5,"minecraft:torch":12,"minecraft:chest":9,"minecraft:nether_quartz_ore":3,"minecraft:cobblestone":18,"minecraft:copper_ore":4,"minecraft:deepslate_coal_ore":18,"minecraft:deepslate_gold_ore":12,"minecraft:oak_planks":6,"minecraft:diorite":37,"minecraft:wall_torch":7,"minecraft:deepslate_copper_ore":15,"minecraft:warped_nylium":3,"minecraft:mud":41,"minecraft:spruce_log":8,"minecraft:oak_log":38,"minecraft:coal_ore":5,"minecraft:dirt":65,"minecraft:ancient_debris":2,"minecraft:netherrack":4,"minecraft:gold_ore":3,"minecraft:oak_leaves":33,"minecraft:deepslate_emerald_ore":26,"minecraft:deepslate":24},"minecraft:used":{"minecraft:moss_block":1,"minecraft:oak_trapdoor":10,"minecraft:oak_sign":1,"minecraft:chest":22,"minecraft:spruce_planks":3,"minecraft:oak_door":4,"minecraft:torch":45,"minecraft:dirt":259,"minecraft:wooden_axe":52,"minecraft:iron_axe":68,"minecraft:oak_sapling":8,"minecraft:furnace":5,"minecraft:cobbled_deepslate":26,"minecraft:diorite":41,"minecraft:stone_pickaxe":136,"minecraft:oak_planks":2,"minecraft:wooden_pickaxe":5,"minecraft:cobblestone_slab":599,"minecraft:crafting_table":5,"minecraft:redstone_torch":2,"minecraft:mud":165,"minecraft:diamond_pickaxe":316,"minecraft:iron_pickaxe":427,"minecraft:spruce_sapling":4,"minecraft:stone_axe":9,"minecraft:cobblestone":86,"minecraft:bucket":1,"minecraft:andesite":61,"minecraft:oak_boat":4},"minecraft:killed_by":{"shut_your_eyes:agony":1,"midnightlurker:void_hands":2,"man:managgresive":1,"autizmzrake:rake":2},"minecraft:broken":{"minecraft:stone_pickaxe":1},"minecraft:custom":{"minecraft:interact_with_crafting_table":73,"minecraft:damage_dealt_resisted":131,"minecraft:time_since_death":12021,"minecraft:sprint_one_cm":211159,"minecraft:walk_one_cm":771630,"minecraft:drop":67,"minecraft:talked_to_villager":80,"minecraft:play_time":227879,"minecraft:sneak_time":62151,"minecraft:deaths":39,"minecraft:walk_under_water_one_cm":27384,"minecraft:jump":722,"minecraft:walk_on_water_one_cm":12818,"minecraft:total_world_time":227879,"minecraft:interact_with_furnace":57,"minecraft:traded_with_villager":13,"minecraft:time_since_rest":12047,"minecraft:damage_taken":11162,"minecraft:damage_dealt":1431,"minecraft:player_kills":1,"minecraft:fly_one_cm":85175,"minecraft:open_chest":346,"minecraft:crouch_one_cm":252267,"minecraft:fall_one_cm":5520},"minecraft:picked_up":{"minecraft:wooden_axe":3,"minecraft:mud":75,"minecraft:crafting_table":5,"minecraft:clay_ball":152,"minecraft:oak_trapdoor":6,"minecraft:soul_soil":4,"minecraft:raw_copper":121,"minecraft:iron_axe":1,"minecraft:iron_shovel":2,"minecraft:pufferfish":1,"the_silence:flashlightoff":1,"minecraft:oak_sign":1,"minecraft:gold_nugget":17,"minecraft:cobbled_deepslate":45,"minecraft:bucket":1,"minecraft:spruce_planks":3,"minecraft:oak_boat":7,"minecraft:cobblestone_slab":195,"minecraft:iron_pickaxe":4,"minecraft:chest":10,"minecraft:furnace":5,"minecraft:stick":47,"minecraft:raw_iron":73,"minecraft:oak_door":4,"minecraft:torch":30,"minecraft:diorite":41,"minecraft:redstone":159,"immersive_weathering:oak_bark":2,"minecraft:arrow":2,"minecraft:rotten_flesh":6,"minecraft:gold_ingot":16,"minecraft:stripped_oak_log":1,"minecraft:cobblestone":429,"the_silence:flashlight":1,"minecraft:andesite":104,"minecraft:oak_log":154,"minecraft:ancient_debris":9,"minecraft:wooden_hoe":1,"minecraft:dirt":452,"minecraft:bone":2,"minecraft:raw_gold":37,"minecraft:stone_pickaxe":3,"minecraft:glowstone_dust":34,"minecraft:moss_block":150,"minecraft:soul_sand":14,"minecraft:oak_planks":14,"minecraft:oak_slab":7,"minecraft:quartz":10,"minecraft:spruce_sapling":29,"minecraft:spruce_log":9,"minecraft:diamond":39,"minecraft:stone_axe":2,"minecraft:granite":38,"minecraft:emerald":45,"minecraft:netherrack":26,"minecraft:oak_sapling":51,"minecraft:melon_seeds":4,"minecraft:coal":120,"minecraft:diamond_pickaxe":1},"minecraft:crafted":{"minecraft:oak_door":3,"minecraft:oak_planks":176,"minecraft:cobblestone_slab":468,"weather2:weather_item":8,"minecraft:oak_trapdoor":4,"minecraft:pig_spawn_egg":1,"minecraft:stone_pickaxe":2,"minecraft:chest":13,"minecraft:oak_slab":12,"minecraft:crafting_table":3,"minecraft:spruce_planks":28,"weather2:wind_vane":1,"minecraft:bone":103,"minecraft:stone_axe":1,"minecraft:air":0,"minecraft:cobblestone":150,"minecraft:stick":16,"minecraft:iron_ingot":83,"minecraft:iron_pickaxe":3,"minecraft:oak_stairs":4,"minecraft:wooden_axe":2,"minecraft:gold_ingot":42,"minecraft:redstone_torch":2,"minecraft:torch":16},"minecraft:dropped":{"minecraft:moss_block":42,"weather2:wind_vane":1,"minecraft:oak_log":1,"minecraft:crafting_table":3,"minecraft:cobblestone":16,"minecraft:granite":2,"minecraft:stick":1,"minecraft:dirt":26,"minecraft:wooden_hoe":2,"minecraft:wooden_axe":2,"minecraft:mud":6,"minecraft:iron_pickaxe":2,"minecraft:iron_shovel":1,"minecraft:spruce_sapling":1,"minecraft:gold_ingot":16,"minecraft:oak_door":3,"weather2:weather_item":3,"minecraft:stone_axe":2,"the_silence:flashlightoff":1,"minecraft:cobbled_deepslate":1,"minecraft:clay_ball":12,"minecraft:andesite":5,"minecraft:oak_sapling":4,"minecraft:stone_pickaxe":1}},"DataVersion":3465}