{"stats":{"minecraft:mined":{"minecraft:deepslate_redstone_ore":5,"minecraft:oak_slab":8,"minecraft:oak_sapling":4,"minecraft:deepslate_diamond_ore":13,"minecraft:oak_door":4,"immersive_weathering:spruce_leaf_pile":6,"minecraft:clay":12,"minecraft:crafting_table":5,"minecraft:torch":11,"minecraft:granite":9,"minecraft:grass_block":126,"minecraft:chest":9,"minecraft:copper_ore":4,"minecraft:cobblestone":18,"minecraft:deepslate_coal_ore":5,"minecraft:spruce_leaves":34,"minecraft:deepslate_gold_ore":7,"minecraft:oak_planks":6,"minecraft:moss_block":44,"minecraft:diorite":20,"minecraft:wall_torch":5,"minecraft:deepslate_copper_ore":4,"minecraft:redstone_ore":9,"minecraft:oak_trapdoor":4,"minecraft:spruce_sapling":1,"minecraft:furnace":1,"minecraft:mud":29,"minecraft:iron_ore":14,"minecraft:cobbled_deepslate":2,"minecraft:spruce_log":8,"minecraft:andesite":23,"minecraft:coal_ore":5,"minecraft:oak_log":14,"minecraft:deepslate_iron_ore":8,"minecraft:oak_sign":1,"minecraft:cobblestone_slab":51,"immersive_weathering:loam":4,"minecraft:dirt":65,"minecraft:stone":118,"minecraft:gold_ore":3,"minecraft:deepslate_emerald_ore":9,"minecraft:oak_leaves":20,"minecraft:deepslate":5,"immersive_weathering:oak_leaf_pile":34},"minecraft:used":{"minecraft:oak_trapdoor":6,"minecraft:moss_block":1,"minecraft:diorite":38,"minecraft:stone_pickaxe":136,"minecraft:oak_planks":2,"minecraft:oak_sign":1,"minecraft:spruce_planks":3,"minecraft:chest":21,"minecraft:wooden_pickaxe":5,"minecraft:cobblestone_slab":421,"minecraft:oak_door":4,"minecraft:torch":36,"minecraft:dirt":259,"minecraft:crafting_table":5,"minecraft:mud":164,"minecraft:wooden_axe":52,"minecraft:iron_axe":22,"minecraft:iron_pickaxe":369,"minecraft:spruce_sapling":4,"minecraft:stone_axe":9,"minecraft:cobblestone":86,"minecraft:furnace":5,"minecraft:oak_sapling":8,"minecraft:andesite":61,"minecraft:bucket":1,"minecraft:oak_boat":4,"minecraft:cobbled_deepslate":26},"minecraft:killed_by":{"man:managgresive":1,"shut_your_eyes:agony":1},"minecraft:broken":{"minecraft:stone_pickaxe":1},"minecraft:custom":{"minecraft:interact_with_furnace":49,"minecraft:interact_with_crafting_table":57,"minecraft:time_since_death":10927,"minecraft:time_since_rest":10950,"minecraft:sprint_one_cm":149553,"minecraft:damage_taken":9277,"minecraft:walk_one_cm":610833,"minecraft:drop":64,"minecraft:damage_dealt":841,"minecraft:talked_to_villager":21,"minecraft:fly_one_cm":54681,"minecraft:player_kills":1,"minecraft:open_chest":271,"minecraft:crouch_one_cm":211944,"minecraft:play_time":179879,"minecraft:deaths":32,"minecraft:sneak_time":51432,"minecraft:walk_under_water_one_cm":17902,"minecraft:jump":560,"minecraft:walk_on_water_one_cm":9119,"minecraft:total_world_time":179879,"minecraft:fall_one_cm":3695},"minecraft:picked_up":{"minecraft:wooden_axe":3,"minecraft:mud":49,"minecraft:crafting_table":5,"minecraft:andesite":80,"minecraft:clay_ball":72,"minecraft:oak_log":123,"minecraft:oak_trapdoor":4,"minecraft:wooden_hoe":1,"minecraft:dirt":381,"minecraft:raw_copper":35,"minecraft:iron_axe":1,"minecraft:iron_shovel":2,"minecraft:pufferfish":1,"minecraft:bone":2,"the_silence:flashlightoff":1,"minecraft:oak_sign":1,"minecraft:cobbled_deepslate":16,"minecraft:raw_gold":13,"minecraft:bucket":1,"minecraft:spruce_planks":3,"minecraft:stone_pickaxe":3,"minecraft:oak_boat":6,"minecraft:cobblestone_slab":191,"minecraft:iron_pickaxe":4,"minecraft:moss_block":111,"minecraft:chest":10,"minecraft:oak_planks":14,"minecraft:furnace":5,"minecraft:raw_iron":24,"minecraft:oak_slab":7,"minecraft:stick":46,"minecraft:oak_door":4,"minecraft:torch":26,"minecraft:spruce_sapling":27,"minecraft:diorite":18,"minecraft:spruce_log":9,"minecraft:redstone":36,"minecraft:arrow":2,"minecraft:rotten_flesh":4,"minecraft:diamond":14,"minecraft:stone_axe":2,"minecraft:granite":16,"minecraft:emerald":8,"minecraft:gold_ingot":16,"minecraft:melon_seeds":4,"minecraft:oak_sapling":48,"minecraft:coal":83,"the_silence:flashlight":1,"minecraft:cobblestone":337},"minecraft:crafted":{"minecraft:oak_door":3,"minecraft:oak_slab":12,"minecraft:oak_planks":176,"minecraft:cobblestone_slab":294,"weather2:weather_item":8,"minecraft:crafting_table":3,"minecraft:spruce_planks":28,"weather2:wind_vane":1,"minecraft:stone_axe":1,"minecraft:air":0,"minecraft:oak_trapdoor":2,"minecraft:stick":16,"minecraft:iron_pickaxe":3,"minecraft:iron_ingot":83,"minecraft:wooden_axe":2,"minecraft:stone_pickaxe":2,"minecraft:oak_stairs":4,"minecraft:chest":12,"minecraft:gold_ingot":20,"minecraft:torch":16},"minecraft:dropped":{"weather2:weather_item":3,"minecraft:moss_block":42,"minecraft:stone_axe":2,"weather2:wind_vane":1,"the_silence:flashlightoff":1,"minecraft:oak_log":1,"minecraft:cobbled_deepslate":1,"minecraft:crafting_table":3,"minecraft:cobblestone":16,"minecraft:clay_ball":12,"minecraft:granite":2,"minecraft:stick":1,"minecraft:dirt":26,"minecraft:wooden_hoe":2,"minecraft:andesite":5,"minecraft:oak_sapling":3,"minecraft:mud":6,"minecraft:stone_pickaxe":1,"minecraft:iron_pickaxe":2,"minecraft:iron_shovel":1,"minecraft:spruce_sapling":1,"minecraft:gold_ingot":16,"minecraft:oak_door":3}},"DataVersion":3465}