{"stats":{"minecraft:dropped":{"farmersdelight:tomato_seeds":2,"minecraft:moss_block":2,"minecraft:wheat_seeds":1,"minecraft:glass_bottle":1,"minecraft:cooked_porkchop":4,"minecraft:stripped_birch_wood":2,"minecraft:cobblestone":11,"minecraft:leather":4,"minecraft:apple":6,"minecraft:jungle_planks":4,"minecraft:chainmail_helmet":1,"minecraft:golden_apple":2,"minecraft:coal":12,"minecraft:melon_slice":3,"minecraft:map":5,"tombstone:grave_dust":1,"minecraft:potion":2,"minecraft:iron_leggings":1,"minecraft:jungle_sapling":1,"minecraft:pumpkin":57,"minecraft:bucket":1,"minecraft:white_wool":5,"minecraft:bone":6,"minecraft:sugar_cane":5,"minecraft:cocoa_beans":9,"minecraft:iron_boots":1,"minecraft:flint_and_steel":1,"minecraft:potato":8,"minecraft:iron_chestplate":1,"minecraft:acacia_sapling":1,"minecraft:spider_eye":1,"comforts:sleeping_bag_white":1,"minecraft:rabbit_stew":1,"minecraft:arrow":4,"minecraft:end_stone_bricks":1,"minecraft:stone_pickaxe":2,"minecraft:scaffolding":2,"minecraft:egg":1},"minecraft:killed":{"minecraft:phantom":5,"minecraft:skeleton":3,"minecraft:hoglin":1,"whisperwoods:zotzpyre":4,"minecraft:sheep":8,"minecraft:zombie":1,"minecraft:wither_skeleton":1},"minecraft:crafted":{"comforts:sleeping_bag_white":1,"minecraft:diamond_leggings":1,"minecraft:ladder":165,"minecraft:stone_pickaxe":2,"minecraft:diamond_boots":1,"minecraft:diamond_sword":1,"minecraft:diamond_axe":1,"minecraft:crafting_table":3,"minecraft:wooden_pickaxe":1,"minecraft:stone_axe":2,"minecraft:jungle_planks":492,"minecraft:diamond_pickaxe":1,"minecraft:stick":392,"minecraft:wooden_axe":1,"minecraft:diamond_chestplate":1},"minecraft:mined":{"minecraft:spruce_planks":7,"minecraft:jungle_leaves":19,"minecraft:ladder":3,"minecraft:grass_block":15,"minecraft:jungle_planks":112,"minecraft:jungle_log":124,"minecraft:acacia_slab":2,"minecraft:moss_block":1,"minecraft:large_fern":1,"minecraft:barrel":1,"minecraft:fire":3,"minecraft:vine":12,"minecraft:stone":23,"minecraft:end_stone_bricks":2,"minecraft:spruce_slab":1,"minecraft:scaffolding":3,"minecraft:crafting_table":4,"minecraft:poppy":1,"minecraft:melon":2,"minecraft:dead_bush":7,"minecraft:tall_grass":1,"minecraft:cobblestone":2,"farmersdelight:wild_tomatoes":2,"minecraft:oak_planks":21,"minecraft:yellow_bed":3,"minecraft:grass":18,"minecraft:coal_ore":10,"minecraft:dirt":5,"minecraft:stripped_birch_wood":4,"minecraft:stripped_acacia_wood":1,"minecraft:oak_leaves":9,"minecraft:fern":5},"minecraft:custom":{"minecraft:mob_kills":24,"minecraft:interact_with_crafting_table":20,"minecraft:open_barrel":25,"minecraft:leave_game":2,"minecraft:time_since_death":46461,"minecraft:climb_one_cm":70288,"minecraft:sprint_one_cm":325310,"minecraft:walk_one_cm":326744,"minecraft:drop":62,"minecraft:talked_to_villager":1,"minecraft:play_time":129985,"minecraft:deaths":14,"minecraft:sneak_time":1549,"minecraft:walk_under_water_one_cm":5951,"minecraft:jump":2303,"minecraft:walk_on_water_one_cm":15941,"minecraft:total_world_time":129985,"tombstone:raider_killed":5,"minecraft:interact_with_cartography_table":1,"minecraft:sleep_in_bed":3,"minecraft:time_since_rest":39612,"minecraft:damage_taken":10684,"minecraft:damage_absorbed":376,"minecraft:damage_dealt":6066,"tombstone:cast_on_ally":5,"minecraft:fly_one_cm":329146,"minecraft:open_chest":30,"minecraft:crouch_one_cm":3364,"tombstone:undead_killed":10,"minecraft:fall_one_cm":99721,"minecraft:horse_one_cm":827},"minecraft:picked_up":{"minecraft:end_stone_bricks":2,"minecraft:cocoa_beans":10,"minecraft:crafting_table":4,"minecraft:iron_chestplate":1,"minecraft:ladder":3,"minecraft:oak_stairs":2,"minecraft:iron_leggings":1,"comforts:sleeping_bag_white":1,"minecraft:spruce_planks":22,"minecraft:jungle_sapling":1,"minecraft:spruce_slab":1,"minecraft:melon_slice":10,"minecraft:sugar_cane":5,"minecraft:chest":1,"minecraft:phantom_membrane":1,"minecraft:iron_boots":1,"minecraft:egg":1,"minecraft:stick":8,"farmersdelight:tomato_seeds":2,"tombstone:grave_dust":1,"minecraft:arrow":8,"minecraft:mutton":11,"minecraft:stripped_birch_wood":4,"minecraft:bone_block":1,"minecraft:white_wool":8,"minecraft:cobblestone":25,"minecraft:jungle_log":123,"minecraft:leather":1,"minecraft:yellow_bed":3,"minecraft:dirt":21,"minecraft:bone":9,"minecraft:wheat_seeds":2,"minecraft:moss_block":2,"minecraft:oak_planks":34,"minecraft:acacia_sapling":1,"minecraft:scaffolding":8,"minecraft:milk_bucket":2,"minecraft:cooked_porkchop":2,"minecraft:pumpkin":46,"minecraft:stripped_acacia_wood":7,"minecraft:jungle_planks":112,"minecraft:spider_eye":1,"minecraft:barrel":1,"minecraft:gray_wool":1,"minecraft:golden_horse_armor":1,"minecraft:chainmail_helmet":1,"minecraft:acacia_slab":3,"minecraft:coal":11},"minecraft:used":{"minecraft:stripped_acacia_wood":7,"minecraft:flint_and_steel":4,"minecraft:bone_block":1,"minecraft:ladder":168,"minecraft:chest":1,"minecraft:spruce_planks":15,"minecraft:stripped_birch_wood":2,"minecraft:dirt":21,"minecraft:jungle_planks":390,"minecraft:carrot":18,"minecraft:milk_bucket":2,"minecraft:wooden_axe":51,"minecraft:oak_stairs":2,"minecraft:barrel":1,"minecraft:golden_sword":21,"minecraft:golden_carrot":10,"minecraft:scaffolding":6,"tombstone:gift":6,"comforts:sleeping_bag_white":1,"minecraft:potato":9,"minecraft:pumpkin":19,"minecraft:water_bucket":17,"minecraft:end_stone_bricks":1,"minecraft:stone_pickaxe":17,"minecraft:oak_planks":33,"minecraft:wooden_pickaxe":39,"minecraft:diamond_axe":4,"minecraft:cookie":2,"minecraft:golden_apple":11,"minecraft:crafting_table":6,"minecraft:diamond_pickaxe":4,"minecraft:apple":4,"minecraft:bread":6,"minecraft:melon_slice":9,"tombstone:magic_scroll":1,"minecraft:stone_axe":263,"minecraft:diamond_sword":79,"minecraft:cobblestone":2,"minecraft:potion":1,"minecraft:bucket":18,"minecraft:pumpkin_pie":8,"minecraft:yellow_bed":3,"minecraft:gray_wool":1,"minecraft:splash_potion":4},"minecraft:broken":{"minecraft:stone_axe":2,"minecraft:wooden_axe":1},"minecraft:killed_by":{"minecraft:wither_skeleton":4,"minecraft:creeper":1,"whisperwoods:zotzpyre":2,"minecraft:hoglin":3,"minecraft:phantom":2,"minecraft:zombie":1}},"DataVersion":3120}