{"stats":{"minecraft:mined":{"minecraft:mud":14,"minecraft:crafting_table":2,"minecraft:grass_block":54,"minecraft:oak_log":3,"minecraft:dirt":8,"minecraft:spruce_leaves":5,"minecraft:stone":64,"minecraft:moss_block":28,"minecraft:oak_leaves":10},"minecraft:used":{"minecraft:moss_block":1,"minecraft:stone_pickaxe":131,"minecraft:chest":2,"minecraft:stone_axe":8,"minecraft:dirt":93,"minecraft:cobblestone":1,"minecraft:crafting_table":1},"minecraft:killed_by":{"man:managgresive":1},"minecraft:broken":{"minecraft:stone_pickaxe":1},"minecraft:picked_up":{"minecraft:mud":32,"minecraft:stick":1,"minecraft:crafting_table":2,"minecraft:oak_log":71,"minecraft:spruce_sapling":1,"minecraft:dirt":180,"minecraft:oak_sapling":1,"minecraft:moss_block":45,"minecraft:cobblestone":81},"minecraft:custom":{"minecraft:time_since_rest":14993,"minecraft:sprint_one_cm":9081,"minecraft:damage_taken":4425,"minecraft:walk_one_cm":75386,"minecraft:drop":2,"minecraft:damage_dealt":807,"minecraft:player_kills":1,"minecraft:interact_with_crafting_table":7,"minecraft:talked_to_villager":8,"minecraft:fly_one_cm":5582,"minecraft:open_chest":7,"minecraft:crouch_one_cm":47983,"minecraft:play_time":29879,"minecraft:deaths":17,"minecraft:sneak_time":13344,"minecraft:jump":144,"minecraft:time_since_death":14858,"minecraft:total_world_time":29879},"minecraft:crafted":{"minecraft:oak_planks":44,"minecraft:crafting_table":1,"minecraft:stick":4,"minecraft:oak_stairs":4,"minecraft:stone_pickaxe":1,"minecraft:wooden_axe":1,"minecraft:chest":2,"minecraft:stone_axe":1},"minecraft:dropped":{"minecraft:crafting_table":2}},"DataVersion":3465}