{"stats":{"minecraft:killed_by":{"shut_your_eyes:agony":1,"midnightlurker:void_hands":2,"man:managgresive":1,"autizmzrake:rake":2},"minecraft:mined":{"minecraft:nether_gold_ore":5,"minecraft:oak_sapling":4,"minecraft:deepslate_diamond_ore":26,"minecraft:oak_door":4,"minecraft:granite":26,"minecraft:grass_block":195,"minecraft:soul_soil":8,"minecraft:spruce_leaves":50,"minecraft:moss_block":84,"minecraft:redstone_ore":9,"minecraft:oak_trapdoor":10,"minecraft:spruce_sapling":1,"minecraft:glowstone":8,"minecraft:furnace":1,"minecraft:iron_ore":14,"minecraft:cobbled_deepslate":2,"minecraft:andesite":39,"minecraft:cobblestone_slab":58,"minecraft:deepslate_iron_ore":38,"minecraft:oak_sign":2,"immersive_weathering:loam":4,"minecraft:stripped_oak_log":1,"minecraft:stone":195,"immersive_weathering:oak_leaf_pile":37,"minecraft:deepslate_redstone_ore":28,"minecraft:oak_slab":8,"minecraft:soul_sand":13,"minecraft:crimson_nylium":10,"immersive_weathering:spruce_leaf_pile":6,"minecraft:clay":34,"minecraft:crafting_table":6,"minecraft:torch":12,"minecraft:chest":9,"minecraft:nether_quartz_ore":7,"minecraft:copper_ore":4,"minecraft:cobblestone":18,"minecraft:deepslate_coal_ore":29,"minecraft:deepslate_gold_ore":25,"minecraft:oak_planks":6,"minecraft:diorite":43,"minecraft:wall_torch":7,"minecraft:deepslate_copper_ore":23,"minecraft:warped_nylium":3,"minecraft:mud":49,"minecraft:spruce_log":8,"minecraft:oak_log":53,"minecraft:coal_ore":5,"minecraft:dirt":69,"minecraft:netherrack":9,"minecraft:ancient_debris":8,"minecraft:oak_leaves":41,"minecraft:gold_ore":3,"minecraft:deepslate_emerald_ore":30,"minecraft:deepslate":30},"minecraft:custom":{"minecraft:interact_with_crafting_table":75,"minecraft:damage_dealt_resisted":170,"minecraft:leave_game":1,"minecraft:time_since_death":17735,"minecraft:sprint_one_cm":242219,"minecraft:walk_one_cm":842190,"minecraft:damage_blocked_by_shield":1380,"minecraft:drop":70,"minecraft:talked_to_villager":91,"minecraft:play_time":255449,"minecraft:deaths":40,"minecraft:sneak_time":65808,"minecraft:walk_under_water_one_cm":31030,"minecraft:jump":802,"minecraft:walk_on_water_one_cm":13964,"minecraft:total_world_time":255449,"minecraft:interact_with_furnace":64,"minecraft:traded_with_villager":13,"minecraft:time_since_rest":17758,"minecraft:damage_taken":11403,"minecraft:damage_dealt":1441,"minecraft:fly_one_cm":96659,"minecraft:player_kills":1,"minecraft:open_chest":421,"minecraft:crouch_one_cm":275110,"minecraft:fall_one_cm":5924},"minecraft:crafted":{"minecraft:oak_door":3,"minecraft:oak_planks":176,"minecraft:cobblestone_slab":474,"weather2:weather_item":8,"minecraft:oak_trapdoor":4,"minecraft:pig_spawn_egg":1,"minecraft:stone_pickaxe":2,"minecraft:chest":13,"minecraft:oak_slab":12,"minecraft:crafting_table":4,"minecraft:spruce_planks":28,"weather2:wind_vane":1,"minecraft:bone":103,"minecraft:stone_axe":1,"minecraft:air":0,"minecraft:diamond_pickaxe":2,"minecraft:cobblestone":150,"minecraft:stick":16,"minecraft:iron_ingot":83,"minecraft:iron_pickaxe":3,"minecraft:oak_stairs":4,"minecraft:wooden_axe":2,"minecraft:gold_ingot":42,"minecraft:redstone_torch":2,"minecraft:torch":16},"minecraft:picked_up":{"minecraft:wooden_axe":3,"minecraft:mud":85,"minecraft:crafting_table":6,"minecraft:clay_ball":180,"minecraft:shield":1,"minecraft:oak_trapdoor":7,"minecraft:raw_copper":141,"minecraft:soul_soil":9,"minecraft:iron_axe":1,"minecraft:iron_shovel":2,"minecraft:pufferfish":1,"the_silence:flashlightoff":1,"minecraft:oak_sign":1,"minecraft:gold_nugget":31,"minecraft:cobbled_deepslate":52,"minecraft:bucket":1,"minecraft:spruce_planks":3,"minecraft:oak_boat":7,"minecraft:cobblestone_slab":196,"minecraft:iron_pickaxe":4,"minecraft:chest":10,"minecraft:furnace":5,"minecraft:stick":52,"minecraft:raw_iron":87,"minecraft:oak_door":4,"minecraft:torch":30,"minecraft:diorite":48,"minecraft:redstone":214,"immersive_weathering:oak_bark":2,"minecraft:arrow":2,"minecraft:rotten_flesh":6,"minecraft:gold_ingot":16,"minecraft:cobblestone":463,"minecraft:stripped_oak_log":1,"the_silence:flashlight":1,"minecraft:andesite":108,"minecraft:oak_log":168,"minecraft:ancient_debris":15,"minecraft:wooden_hoe":1,"minecraft:dirt":495,"minecraft:bone":2,"minecraft:raw_gold":51,"minecraft:stone_pickaxe":3,"minecraft:glowstone_dust":45,"minecraft:moss_block":165,"minecraft:soul_sand":17,"minecraft:oak_planks":14,"minecraft:oak_slab":7,"minecraft:quartz":13,"minecraft:spruce_sapling":29,"minecraft:spruce_log":9,"minecraft:diamond":48,"minecraft:stone_axe":2,"minecraft:granite":42,"minecraft:emerald":50,"minecraft:oak_sapling":51,"minecraft:melon_seeds":4,"minecraft:netherrack":37,"minecraft:coal":133,"minecraft:diamond_pickaxe":1},"minecraft:used":{"minecraft:oak_trapdoor":10,"minecraft:moss_block":1,"minecraft:oak_sign":1,"minecraft:chest":22,"minecraft:spruce_planks":3,"minecraft:shield":29,"minecraft:oak_door":4,"minecraft:torch":45,"minecraft:dirt":418,"minecraft:wooden_axe":52,"minecraft:iron_axe":81,"minecraft:oak_sapling":8,"minecraft:furnace":5,"minecraft:cobbled_deepslate":26,"minecraft:diorite":41,"minecraft:stone_pickaxe":136,"minecraft:oak_planks":2,"minecraft:wooden_pickaxe":5,"minecraft:cobblestone_slab":599,"minecraft:crafting_table":7,"minecraft:redstone_torch":2,"minecraft:mud":165,"minecraft:diamond_pickaxe":562,"minecraft:iron_pickaxe":427,"minecraft:spruce_sapling":4,"minecraft:stone_axe":9,"minecraft:cobblestone":86,"minecraft:andesite":61,"minecraft:bucket":1,"minecraft:oak_boat":4},"minecraft:broken":{"minecraft:stone_pickaxe":1},"minecraft:dropped":{"minecraft:moss_block":42,"weather2:wind_vane":1,"minecraft:oak_log":1,"minecraft:crafting_table":3,"minecraft:cobblestone":16,"minecraft:granite":2,"minecraft:stick":2,"minecraft:dirt":58,"minecraft:wooden_hoe":2,"minecraft:wooden_axe":2,"minecraft:mud":6,"minecraft:iron_pickaxe":2,"minecraft:iron_shovel":1,"minecraft:spruce_sapling":1,"minecraft:gold_ingot":16,"minecraft:oak_door":3,"weather2:weather_item":3,"minecraft:stone_axe":2,"the_silence:flashlightoff":1,"minecraft:cobbled_deepslate":1,"minecraft:clay_ball":12,"minecraft:diamond_pickaxe":1,"minecraft:andesite":5,"minecraft:oak_sapling":4,"minecraft:stone_pickaxe":1}},"DataVersion":3465}