{"stats":{"minecraft:mined":{"minecraft:deepslate_redstone_ore":4,"minecraft:oak_slab":8,"minecraft:oak_sapling":4,"minecraft:deepslate_diamond_ore":4,"minecraft:oak_door":1,"immersive_weathering:spruce_leaf_pile":6,"minecraft:clay":5,"minecraft:crafting_table":3,"minecraft:granite":7,"minecraft:grass_block":111,"minecraft:chest":2,"minecraft:copper_ore":4,"minecraft:cobblestone":15,"minecraft:deepslate_coal_ore":2,"minecraft:spruce_leaves":30,"minecraft:deepslate_gold_ore":3,"minecraft:oak_planks":6,"minecraft:moss_block":37,"minecraft:diorite":12,"minecraft:wall_torch":3,"minecraft:deepslate_copper_ore":1,"minecraft:redstone_ore":9,"minecraft:oak_trapdoor":2,"minecraft:spruce_sapling":1,"minecraft:furnace":1,"minecraft:mud":24,"minecraft:iron_ore":14,"minecraft:spruce_log":8,"minecraft:andesite":16,"minecraft:coal_ore":5,"minecraft:oak_log":3,"minecraft:deepslate_iron_ore":2,"minecraft:oak_sign":1,"minecraft:cobblestone_slab":46,"immersive_weathering:loam":3,"minecraft:dirt":64,"minecraft:stone":102,"minecraft:gold_ore":3,"minecraft:deepslate_emerald_ore":7,"minecraft:oak_leaves":15,"minecraft:deepslate":3,"immersive_weathering:oak_leaf_pile":31},"minecraft:used":{"minecraft:oak_trapdoor":4,"minecraft:moss_block":1,"minecraft:stone_pickaxe":136,"minecraft:oak_planks":2,"minecraft:oak_sign":1,"minecraft:spruce_planks":3,"minecraft:chest":13,"minecraft:wooden_pickaxe":5,"minecraft:cobblestone_slab":371,"minecraft:oak_door":4,"minecraft:torch":12,"minecraft:dirt":257,"minecraft:crafting_table":3,"minecraft:mud":99,"minecraft:wooden_axe":43,"minecraft:iron_pickaxe":244,"minecraft:spruce_sapling":4,"minecraft:stone_axe":9,"minecraft:cobblestone":81,"minecraft:furnace":5,"minecraft:oak_sapling":8,"minecraft:andesite":2,"minecraft:bucket":1},"minecraft:killed_by":{"man:managgresive":1},"minecraft:broken":{"minecraft:stone_pickaxe":1},"minecraft:custom":{"minecraft:interact_with_furnace":25,"minecraft:interact_with_crafting_table":45,"minecraft:time_since_death":16799,"minecraft:time_since_rest":16827,"minecraft:sprint_one_cm":104352,"minecraft:damage_taken":6840,"minecraft:walk_one_cm":428998,"minecraft:drop":49,"minecraft:damage_dealt":817,"minecraft:talked_to_villager":14,"minecraft:fly_one_cm":31496,"minecraft:player_kills":1,"minecraft:open_chest":177,"minecraft:crouch_one_cm":164746,"minecraft:play_time":131879,"minecraft:deaths":27,"minecraft:sneak_time":40035,"minecraft:walk_under_water_one_cm":8178,"minecraft:jump":429,"minecraft:walk_on_water_one_cm":4968,"minecraft:total_world_time":131879,"minecraft:fall_one_cm":3211},"minecraft:picked_up":{"minecraft:wooden_axe":1,"minecraft:mud":41,"minecraft:crafting_table":3,"minecraft:andesite":8,"minecraft:clay_ball":20,"minecraft:oak_log":107,"minecraft:oak_trapdoor":2,"minecraft:wooden_hoe":1,"minecraft:dirt":339,"minecraft:raw_copper":12,"minecraft:oak_sign":1,"minecraft:cobbled_deepslate":1,"minecraft:raw_gold":5,"minecraft:spruce_planks":3,"minecraft:stone_pickaxe":3,"minecraft:cobblestone_slab":183,"minecraft:iron_pickaxe":3,"minecraft:moss_block":60,"minecraft:chest":2,"minecraft:oak_planks":13,"minecraft:furnace":5,"minecraft:raw_iron":10,"minecraft:oak_slab":7,"minecraft:stick":18,"minecraft:oak_door":1,"minecraft:torch":8,"minecraft:spruce_sapling":5,"minecraft:diorite":6,"minecraft:spruce_log":9,"minecraft:redstone":15,"minecraft:diamond":1,"minecraft:stone_axe":2,"minecraft:granite":6,"minecraft:emerald":1,"minecraft:gold_ingot":16,"minecraft:oak_sapling":12,"minecraft:coal":68,"minecraft:cobblestone":313},"minecraft:crafted":{"minecraft:oak_door":3,"minecraft:oak_slab":12,"minecraft:oak_planks":168,"minecraft:cobblestone_slab":252,"minecraft:crafting_table":3,"minecraft:spruce_planks":28,"minecraft:stone_axe":1,"minecraft:air":0,"minecraft:oak_trapdoor":2,"minecraft:stick":12,"minecraft:iron_pickaxe":3,"minecraft:iron_ingot":58,"minecraft:wooden_axe":2,"minecraft:stone_pickaxe":2,"minecraft:oak_stairs":4,"minecraft:chest":11,"minecraft:gold_ingot":9},"minecraft:dropped":{"minecraft:moss_block":1,"minecraft:stone_axe":2,"minecraft:oak_log":1,"minecraft:cobbled_deepslate":1,"minecraft:crafting_table":3,"minecraft:cobblestone":16,"minecraft:clay_ball":12,"minecraft:granite":2,"minecraft:dirt":19,"minecraft:wooden_hoe":2,"minecraft:andesite":4,"minecraft:oak_sapling":1,"minecraft:mud":5,"minecraft:stone_pickaxe":1,"minecraft:iron_pickaxe":2,"minecraft:gold_ingot":16}},"DataVersion":3465}