{"stats":{"minecraft:used":{"minecraft:moss_block":131,"minecraft:mud":13,"minecraft:wooden_axe":54,"minecraft:stone_shovel":73,"minecraft:stone_pickaxe":126,"minecraft:oak_planks":104,"minecraft:chest":1,"minecraft:spruce_sapling":1,"minecraft:wooden_shovel":37,"minecraft:cooked_chicken":3,"minecraft:stone_axe":58,"minecraft:oak_door":6,"minecraft:dirt":115,"minecraft:cobblestone":62,"minecraft:crafting_table":1,"minecraft:oak_slab":93,"minecraft:oak_sapling":5,"minecraft:furnace":2,"minecraft:bone_meal":3},"minecraft:crafted":{"minecraft:oak_slab":54,"minecraft:oak_planks":100,"minecraft:wooden_shovel":1,"minecraft:stick":8,"minecraft:iron_ingot":30,"minecraft:wooden_pickaxe":1,"minecraft:furnace":1,"minecraft:air":0},"minecraft:custom":{"minecraft:time_since_rest":10650,"minecraft:interact_with_furnace":13,"minecraft:sprint_one_cm":102856,"minecraft:damage_taken":2222,"minecraft:walk_one_cm":264303,"minecraft:drop":12,"minecraft:damage_dealt":190,"minecraft:interact_with_crafting_table":21,"minecraft:talked_to_villager":33,"minecraft:fly_one_cm":57978,"minecraft:open_chest":64,"minecraft:crouch_one_cm":75482,"minecraft:play_time":66267,"minecraft:deaths":9,"minecraft:sneak_time":20922,"minecraft:boat_one_cm":21707,"minecraft:jump":362,"minecraft:leave_game":3,"minecraft:time_since_death":10602,"minecraft:total_world_time":66267,"minecraft:fall_one_cm":5796},"minecraft:picked_up":{"minecraft:wooden_axe":1,"minecraft:stick":10,"minecraft:oak_slab":43,"minecraft:mud":46,"minecraft:water_bucket":1,"minecraft:oak_door":7,"minecraft:oak_fence":1,"minecraft:oak_log":41,"minecraft:spruce_sapling":2,"minecraft:dirt":105,"minecraft:stone_shovel":3,"minecraft:stone_axe":2,"minecraft:stone_pickaxe":3,"minecraft:cooked_chicken":10,"minecraft:wooden_shovel":1,"minecraft:oak_sapling":3,"minecraft:moss_block":55,"minecraft:chest":1,"minecraft:oak_planks":108,"minecraft:coal":20,"minecraft:crafting_table":1,"minecraft:furnace":1,"minecraft:cobblestone":125,"minecraft:raw_iron":6},"minecraft:broken":{"minecraft:wooden_axe":1},"minecraft:dropped":{"minecraft:moss_block":9,"minecraft:oak_planks":2,"man:cassette_1safetyinstructions":1,"minecraft:mud":1},"minecraft:mined":{"minecraft:oak_slab":40,"minecraft:furnace":1,"minecraft:mud":11,"minecraft:oak_door":6,"minecraft:crafting_table":3,"minecraft:grass_block":90,"minecraft:oak_log":4,"minecraft:chest":1,"minecraft:dirt":46,"minecraft:cobblestone":54,"minecraft:stone":18,"minecraft:moss_block":76,"minecraft:oak_planks":60,"minecraft:oak_leaves":5}},"DataVersion":3465}