{"stats":{"minecraft:killed":{"minecraft:sheep":8},"minecraft:killed_by":{"whisperwoods:zotzpyre":1},"minecraft:mined":{"minecraft:scaffolding":2,"minecraft:jungle_leaves":5,"minecraft:yellow_bed":3,"minecraft:crafting_table":2,"minecraft:grass":14,"minecraft:grass_block":15,"minecraft:coal_ore":10,"minecraft:melon":2,"minecraft:vine":4,"minecraft:jungle_log":41,"minecraft:dead_bush":7,"minecraft:dirt":4,"minecraft:tall_grass":1,"minecraft:moss_block":1,"farmersdelight:wild_tomatoes":2,"minecraft:stone":23,"minecraft:oak_leaves":1,"minecraft:fern":3},"minecraft:crafted":{"minecraft:crafting_table":1,"minecraft:stick":4,"minecraft:wooden_pickaxe":1,"minecraft:stone_pickaxe":1,"minecraft:wooden_axe":1,"minecraft:stone_axe":1,"minecraft:jungle_planks":40},"minecraft:used":{"minecraft:wooden_axe":43,"minecraft:apple":4,"minecraft:melon_slice":9,"minecraft:bread":2,"minecraft:stone_pickaxe":12,"minecraft:wooden_pickaxe":39,"minecraft:stone_axe":34,"minecraft:cookie":2,"minecraft:dirt":4,"minecraft:scaffolding":3,"minecraft:crafting_table":3,"minecraft:jungle_planks":28,"minecraft:carrot":6,"minecraft:yellow_bed":2,"minecraft:pumpkin_pie":1,"minecraft:potato":9},"minecraft:dropped":{"minecraft:cooked_porkchop":4,"minecraft:melon_slice":3},"minecraft:picked_up":{"minecraft:scaffolding":8,"minecraft:cocoa_beans":10,"minecraft:stick":8,"minecraft:crafting_table":2,"minecraft:cooked_porkchop":2,"minecraft:jungle_log":41,"farmersdelight:tomato_seeds":2,"minecraft:yellow_bed":3,"minecraft:dirt":19,"minecraft:moss_block":1,"minecraft:melon_slice":10,"minecraft:sugar_cane":5,"minecraft:mutton":11,"minecraft:coal":10,"minecraft:white_wool":8,"minecraft:cobblestone":23},"minecraft:custom":{"minecraft:time_since_rest":2080,"minecraft:sprint_one_cm":151337,"minecraft:damage_taken":478,"minecraft:walk_one_cm":77292,"minecraft:mob_kills":8,"minecraft:drop":7,"minecraft:damage_dealt":1088,"minecraft:interact_with_cartography_table":1,"minecraft:interact_with_crafting_table":3,"minecraft:talked_to_villager":1,"minecraft:fly_one_cm":166204,"minecraft:open_chest":8,"minecraft:crouch_one_cm":1760,"minecraft:play_time":29789,"minecraft:deaths":1,"minecraft:sneak_time":631,"minecraft:walk_under_water_one_cm":4473,"minecraft:jump":840,"minecraft:walk_on_water_one_cm":8416,"minecraft:time_since_death":2640,"minecraft:sleep_in_bed":2,"minecraft:climb_one_cm":2658,"minecraft:total_world_time":29789,"minecraft:fall_one_cm":23015,"minecraft:horse_one_cm":827}},"DataVersion":3120}