{"stats":{"minecraft:used":{"minecraft:mud":8,"minecraft:moss_block":31,"minecraft:dirt":43,"minecraft:oak_planks":11,"minecraft:wooden_shovel":37},"minecraft:crafted":{"minecraft:oak_planks":56,"minecraft:wooden_shovel":1,"minecraft:stick":8,"minecraft:wooden_pickaxe":1},"minecraft:picked_up":{"minecraft:mud":3,"minecraft:oak_log":3,"minecraft:wooden_shovel":1,"minecraft:moss_block":21,"minecraft:dirt":39},"minecraft:custom":{"minecraft:open_chest":4,"minecraft:time_since_rest":8740,"minecraft:sprint_one_cm":5783,"minecraft:crouch_one_cm":19229,"minecraft:play_time":12267,"minecraft:deaths":4,"minecraft:damage_taken":986,"minecraft:walk_one_cm":25199,"minecraft:sneak_time":6084,"minecraft:drop":11,"minecraft:jump":27,"minecraft:damage_dealt":20,"minecraft:leave_game":3,"minecraft:time_since_death":8714,"minecraft:total_world_time":12267,"minecraft:fall_one_cm":418,"minecraft:talked_to_villager":3,"minecraft:interact_with_crafting_table":3,"minecraft:fly_one_cm":2899},"minecraft:dropped":{"minecraft:oak_planks":2,"man:cassette_1safetyinstructions":1,"minecraft:moss_block":9},"minecraft:mined":{"minecraft:oak_log":1,"minecraft:grass_block":59,"minecraft:dirt":2,"minecraft:mud":5,"minecraft:moss_block":35}},"DataVersion":3465}