{"stats":{"minecraft:used":{"minecraft:oak_fence":1,"minecraft:moss_block":131,"minecraft:stone_shovel":79,"minecraft:stone_pickaxe":128,"minecraft:oak_planks":104,"minecraft:chest":1,"minecraft:wooden_shovel":37,"minecraft:cooked_chicken":8,"minecraft:oak_door":6,"minecraft:torch":6,"minecraft:dirt":115,"minecraft:oak_slab":93,"minecraft:crafting_table":2,"minecraft:mud":13,"minecraft:wooden_axe":54,"minecraft:spruce_sapling":46,"minecraft:stone_axe":206,"minecraft:cobblestone":62,"minecraft:furnace":2,"minecraft:oak_sapling":16,"minecraft:oak_boat":2,"minecraft:egg":1,"minecraft:bone_meal":3},"minecraft:crafted":{"minecraft:oak_planks":112,"minecraft:oak_slab":54,"minecraft:wooden_shovel":1,"minecraft:wooden_pickaxe":1,"minecraft:furnace":1,"minecraft:stone_axe":1,"minecraft:air":0,"minecraft:iron_axe":1,"minecraft:stick":12,"minecraft:iron_ingot":61,"minecraft:iron_pickaxe":1},"minecraft:custom":{"minecraft:interact_with_furnace":21,"minecraft:interact_with_crafting_table":26,"minecraft:leave_game":3,"minecraft:time_since_death":34602,"minecraft:time_since_rest":34650,"minecraft:sprint_one_cm":145809,"minecraft:damage_taken":2362,"minecraft:walk_one_cm":423382,"minecraft:drop":17,"minecraft:damage_dealt":280,"minecraft:talked_to_villager":44,"minecraft:fly_one_cm":77805,"minecraft:open_chest":95,"minecraft:crouch_one_cm":80071,"minecraft:play_time":90267,"minecraft:deaths":9,"minecraft:sneak_time":22743,"minecraft:boat_one_cm":67906,"minecraft:jump":457,"minecraft:total_world_time":90267,"minecraft:fall_one_cm":7505},"minecraft:picked_up":{"minecraft:wooden_axe":1,"minecraft:mud":47,"minecraft:crafting_table":2,"minecraft:clay_ball":4,"minecraft:andesite":2,"minecraft:water_bucket":1,"minecraft:oak_log":70,"minecraft:dirt":111,"minecraft:stone_pickaxe":3,"minecraft:cooked_chicken":10,"minecraft:oak_boat":2,"minecraft:wooden_shovel":1,"minecraft:moss_block":59,"minecraft:chest":1,"minecraft:oak_planks":108,"minecraft:egg":1,"minecraft:furnace":1,"minecraft:raw_iron":8,"minecraft:oak_slab":43,"minecraft:stick":39,"minecraft:oak_door":7,"minecraft:oak_fence":2,"minecraft:torch":6,"minecraft:spruce_sapling":39,"minecraft:spruce_log":41,"minecraft:stone_shovel":3,"minecraft:stone_axe":2,"minecraft:oak_sapling":14,"minecraft:coal":21,"minecraft:cobblestone":126},"minecraft:broken":{"minecraft:stone_axe":1,"minecraft:wooden_axe":1},"minecraft:dropped":{"minecraft:moss_block":10,"minecraft:oak_planks":2,"man:cassette_1safetyinstructions":1,"minecraft:wooden_axe":1,"minecraft:wooden_shovel":1,"minecraft:wooden_pickaxe":2,"minecraft:mud":1},"minecraft:mined":{"minecraft:oak_slab":40,"minecraft:oak_sapling":4,"minecraft:oak_door":6,"immersive_weathering:spruce_leaf_pile":67,"minecraft:oak_fence":1,"minecraft:crafting_table":4,"minecraft:torch":6,"minecraft:grass_block":90,"minecraft:chest":1,"minecraft:cobblestone":54,"minecraft:spruce_leaves":15,"minecraft:oak_planks":60,"minecraft:moss_block":76,"minecraft:spruce_sapling":21,"minecraft:furnace":1,"minecraft:mud":11,"minecraft:spruce_log":9,"minecraft:oak_log":19,"minecraft:dirt":46,"minecraft:stone":18,"minecraft:oak_leaves":59,"immersive_weathering:oak_leaf_pile":40}},"DataVersion":3465}