{"stats":{"minecraft:killed_by":{"the_silence:the_silence_principal":1,"minecraft:player":2,"shut_your_eyes:agony":1,"midnightlurker:void_hands":2,"man:managgresive":1,"autizmzrake:rake":3},"minecraft:mined":{"minecraft:nether_gold_ore":6,"minecraft:spruce_planks":4,"minecraft:oak_sapling":4,"minecraft:mossy_cobblestone":1,"minecraft:deepslate_diamond_ore":29,"minecraft:oak_door":4,"minecraft:obsidian":6,"minecraft:granite":29,"minecraft:grass_block":200,"minecraft:soul_soil":8,"minecraft:spruce_leaves":51,"minecraft:moss_block":87,"minecraft:redstone_ore":9,"minecraft:oak_trapdoor":10,"minecraft:spruce_sapling":1,"minecraft:glowstone":10,"minecraft:furnace":1,"minecraft:iron_ore":14,"minecraft:cobbled_deepslate":6,"minecraft:andesite":40,"minecraft:cobblestone_slab":154,"minecraft:deepslate_iron_ore":43,"minecraft:oak_sign":2,"immersive_weathering:loam":4,"minecraft:stripped_oak_log":1,"minecraft:stone":211,"minecraft:smithing_table":1,"immersive_weathering:oak_leaf_pile":37,"minecraft:deepslate_redstone_ore":33,"minecraft:oak_slab":8,"minecraft:soul_sand":17,"minecraft:smoker":1,"minecraft:crimson_nylium":10,"immersive_weathering:spruce_leaf_pile":6,"minecraft:clay":42,"minecraft:crafting_table":6,"minecraft:torch":17,"minecraft:chest":10,"minecraft:nether_quartz_ore":8,"minecraft:copper_ore":4,"minecraft:cobblestone":50,"minecraft:deepslate_coal_ore":37,"minecraft:deepslate_gold_ore":27,"minecraft:oak_planks":6,"minecraft:sculk":1,"minecraft:diorite":43,"minecraft:wall_torch":7,"minecraft:amethyst_block":6,"minecraft:deepslate_copper_ore":26,"minecraft:warped_nylium":3,"minecraft:mud":51,"minecraft:spruce_log":8,"minecraft:oak_log":60,"minecraft:coal_ore":5,"minecraft:dirt":69,"minecraft:netherrack":9,"minecraft:ancient_debris":9,"minecraft:oak_leaves":45,"minecraft:gold_ore":3,"minecraft:deepslate_emerald_ore":33,"minecraft:deepslate":32},"minecraft:crafted":{"minecraft:oak_door":3,"minecraft:oak_planks":176,"minecraft:cobblestone_slab":540,"weather2:weather_item":8,"minecraft:oak_trapdoor":4,"minecraft:pig_spawn_egg":1,"minecraft:stone_pickaxe":2,"minecraft:chest":13,"minecraft:oak_slab":12,"minecraft:crafting_table":4,"minecraft:spruce_planks":28,"weather2:wind_vane":1,"minecraft:bone":103,"minecraft:stone_axe":1,"minecraft:air":0,"minecraft:diamond_pickaxe":2,"minecraft:cobblestone":150,"minecraft:stick":16,"minecraft:iron_ingot":83,"minecraft:iron_pickaxe":3,"minecraft:oak_stairs":4,"minecraft:wooden_axe":2,"minecraft:gold_ingot":42,"minecraft:redstone_torch":2,"minecraft:torch":16},"minecraft:custom":{"minecraft:interact_with_smithing_table":1,"minecraft:mob_kills":4,"minecraft:interact_with_crafting_table":82,"minecraft:damage_dealt_resisted":241,"minecraft:leave_game":1,"minecraft:time_since_death":7462,"minecraft:sprint_one_cm":301095,"minecraft:walk_one_cm":1023451,"minecraft:damage_blocked_by_shield":1380,"minecraft:drop":72,"minecraft:talked_to_villager":99,"minecraft:play_time":303449,"minecraft:deaths":51,"minecraft:sneak_time":76692,"minecraft:walk_under_water_one_cm":59304,"minecraft:jump":1051,"minecraft:walk_on_water_one_cm":20649,"minecraft:total_world_time":303449,"minecraft:interact_with_furnace":71,"minecraft:traded_with_villager":13,"minecraft:time_since_rest":7486,"minecraft:damage_taken":13891,"minecraft:damage_dealt":3099,"minecraft:swim_one_cm":945,"minecraft:fly_one_cm":142071,"minecraft:player_kills":5,"minecraft:open_chest":493,"minecraft:crouch_one_cm":334046,"minecraft:interact_with_smoker":1,"minecraft:fall_one_cm":11497,"minecraft:horse_one_cm":14},"minecraft:picked_up":{"minecraft:wooden_axe":3,"minecraft:mud":87,"minecraft:crafting_table":6,"minecraft:clay_ball":216,"minecraft:smithing_table":1,"minecraft:shield":1,"minecraft:amethyst_block":7,"minecraft:oak_trapdoor":9,"minecraft:raw_copper":154,"minecraft:soul_soil":9,"minecraft:iron_axe":1,"minecraft:iron_shovel":2,"minecraft:pufferfish":1,"the_silence:flashlightoff":1,"minecraft:oak_sign":1,"minecraft:gold_nugget":35,"minecraft:cobbled_deepslate":58,"minecraft:bucket":1,"minecraft:spruce_planks":7,"minecraft:oak_boat":7,"minecraft:cobblestone_slab":300,"minecraft:iron_pickaxe":4,"minecraft:chest":11,"minecraft:furnace":5,"minecraft:stick":57,"minecraft:raw_iron":92,"minecraft:oak_door":4,"minecraft:torch":36,"minecraft:diorite":48,"minecraft:redstone":237,"immersive_weathering:oak_bark":2,"minecraft:arrow":2,"minecraft:rotten_flesh":11,"minecraft:gold_ingot":16,"minecraft:obsidian":6,"minecraft:cobblestone":506,"minecraft:stripped_oak_log":1,"the_silence:flashlight":1,"minecraft:andesite":109,"minecraft:leather":1,"minecraft:smoker":1,"minecraft:oak_log":175,"minecraft:ancient_debris":16,"minecraft:wooden_hoe":1,"minecraft:dirt":502,"minecraft:bone":2,"minecraft:raw_gold":53,"minecraft:rabbit_hide":3,"minecraft:stone_pickaxe":3,"minecraft:glowstone_dust":50,"minecraft:moss_block":168,"minecraft:soul_sand":21,"minecraft:oak_planks":14,"minecraft:oak_slab":7,"minecraft:quartz":14,"minecraft:spruce_sapling":29,"minecraft:spruce_log":9,"minecraft:mossy_cobblestone":1,"minecraft:diamond":51,"minecraft:stone_axe":2,"minecraft:granite":47,"minecraft:emerald":53,"minecraft:oak_sapling":51,"minecraft:melon_seeds":4,"minecraft:netherrack":37,"minecraft:coal":141,"minecraft:diamond_pickaxe":2},"minecraft:used":{"minecraft:oak_trapdoor":13,"minecraft:moss_block":1,"minecraft:oak_sign":1,"minecraft:chest":22,"minecraft:spruce_planks":7,"minecraft:shield":29,"minecraft:oak_door":4,"minecraft:torch":49,"minecraft:dirt":418,"minecraft:granite":1,"minecraft:wooden_axe":52,"minecraft:iron_axe":81,"minecraft:oak_sapling":8,"minecraft:furnace":5,"minecraft:cobbled_deepslate":26,"minecraft:diorite":41,"minecraft:stone_pickaxe":136,"minecraft:oak_planks":2,"minecraft:wooden_pickaxe":5,"minecraft:diamond_axe":15,"minecraft:cobblestone_slab":761,"minecraft:mossy_cobblestone":1,"minecraft:crafting_table":7,"minecraft:redstone_torch":2,"minecraft:mud":165,"minecraft:diamond_pickaxe":804,"minecraft:iron_pickaxe":427,"minecraft:spruce_sapling":4,"minecraft:stone_axe":9,"minecraft:diamond_sword":4,"minecraft:cobblestone":104,"minecraft:smithing_table":2,"minecraft:andesite":61,"minecraft:bucket":1,"minecraft:oak_boat":4},"minecraft:killed":{"minecraft:bat":1,"minecraft:zombie":3},"minecraft:broken":{"minecraft:stone_pickaxe":1},"minecraft:dropped":{"minecraft:moss_block":42,"weather2:wind_vane":1,"minecraft:oak_log":1,"minecraft:crafting_table":3,"minecraft:cobblestone":16,"minecraft:granite":2,"minecraft:stick":2,"minecraft:dirt":58,"minecraft:wooden_hoe":2,"minecraft:wooden_axe":2,"minecraft:mud":6,"minecraft:iron_pickaxe":2,"minecraft:iron_shovel":1,"minecraft:spruce_sapling":1,"minecraft:gold_ingot":16,"minecraft:oak_door":3,"weather2:weather_item":3,"minecraft:stone_axe":2,"the_silence:flashlightoff":1,"minecraft:cobbled_deepslate":1,"minecraft:raw_copper":43,"minecraft:clay_ball":12,"minecraft:diamond_sword":1,"minecraft:diamond_pickaxe":1,"minecraft:andesite":5,"minecraft:oak_sapling":4,"minecraft:stone_pickaxe":1}},"DataVersion":3465}