{"stats":{"minecraft:killed_by":{"boh:siren_head":1,"minecraft:creeper":1,"midnightlurker:void_hands":1,"man:managgresive":1,"sanitydim:sneaking_terror":1,"endofherobrine:villager":1,"minecraft:skeleton":1,"boh:light_head":3,"midnightlurker:midnight_lurker_unprovoked":2},"minecraft:mined":{"minecraft:oak_sapling":3,"minecraft:farmland":1,"minecraft:deepslate_diamond_ore":18,"the_silence:sad_satan":1,"minecraft:obsidian":19,"minecraft:granite":25,"minecraft:grass_block":427,"minecraft:soul_soil":10,"minecraft:spruce_leaves":76,"minecraft:composter":4,"minecraft:moss_block":167,"minecraft:redstone_ore":4,"minecraft:magma_block":1,"minecraft:oak_trapdoor":2,"minecraft:mossy_cobblestone_slab":1,"minecraft:spruce_sapling":1,"minecraft:glowstone":13,"minecraft:furnace":1,"minecraft:iron_ore":4,"minecraft:andesite":35,"minecraft:azure_bluet":1,"minecraft:cobblestone_slab":8,"minecraft:deepslate_iron_ore":36,"minecraft:oak_sign":1,"immersive_weathering:loam":1,"minecraft:stone":97,"immersive_weathering:oak_leaf_pile":100,"minecraft:smithing_table":5,"minecraft:oak_slab":5,"minecraft:deepslate_redstone_ore":31,"minecraft:soul_sand":9,"minecraft:blackstone":15,"minecraft:smoker":29,"minecraft:crimson_nylium":4,"immersive_weathering:spruce_leaf_pile":34,"minecraft:clay":42,"minecraft:torch":11,"minecraft:poppy":1,"minecraft:nether_quartz_ore":8,"minecraft:copper_ore":6,"endofherobrine:glowing_obsidian":3,"minecraft:cobblestone":5,"minecraft:deepslate_coal_ore":29,"minecraft:deepslate_gold_ore":28,"minecraft:oak_planks":6,"minecraft:diorite":19,"minecraft:sculk":23,"minecraft:amethyst_block":17,"minecraft:deepslate_copper_ore":18,"minecraft:warped_nylium":5,"minecraft:mud":111,"minecraft:spruce_log":21,"minecraft:coal_ore":8,"minecraft:oak_log":193,"minecraft:dirt":45,"minecraft:netherrack":7,"minecraft:ancient_debris":7,"minecraft:gold_ore":4,"minecraft:deepslate_emerald_ore":21,"minecraft:oak_leaves":129,"minecraft:deepslate":21},"minecraft:crafted":{"minecraft:oak_planks":44,"minecraft:cobblestone_slab":336,"minecraft:stone_shovel":1,"minecraft:furnace":4,"minecraft:diamond_shovel":1,"minecraft:iron_axe":2,"minecraft:smoker":1,"minecraft:oak_slab":12,"minecraft:diamond_axe":1,"minecraft:smithing_table":1,"minecraft:bucket":1,"minecraft:air":0,"minecraft:oak_boat":2,"minecraft:string":40,"minecraft:cobblestone":78,"minecraft:diamond_pickaxe":1,"minecraft:stick":12,"minecraft:iron_ingot":2,"minecraft:iron_pickaxe":2,"minecraft:wooden_axe":1,"minecraft:torch":24,"minecraft:shears":3},"minecraft:custom":{"minecraft:interact_with_smithing_table":2,"minecraft:mob_kills":13,"minecraft:interact_with_crafting_table":22,"minecraft:damage_dealt_resisted":8,"minecraft:leave_game":5,"minecraft:time_since_death":1386,"minecraft:sprint_one_cm":479696,"minecraft:walk_one_cm":638657,"minecraft:drop":46,"minecraft:talked_to_villager":179,"minecraft:play_time":319737,"minecraft:deaths":44,"minecraft:sneak_time":55595,"minecraft:walk_under_water_one_cm":37323,"minecraft:boat_one_cm":6255,"minecraft:jump":1505,"minecraft:walk_on_water_one_cm":19305,"minecraft:total_world_time":319737,"minecraft:interact_with_furnace":11,"minecraft:traded_with_villager":8,"minecraft:time_since_rest":1424,"minecraft:damage_taken":11998,"minecraft:damage_dealt":1950,"minecraft:swim_one_cm":7273,"minecraft:player_kills":1,"minecraft:fly_one_cm":1933186,"minecraft:open_chest":262,"minecraft:crouch_one_cm":192488,"minecraft:interact_with_smoker":6,"minecraft:fall_one_cm":19839},"minecraft:picked_up":{"minecraft:wooden_axe":1,"minecraft:mud":110,"minecraft:azure_bluet":1,"minecraft:clay_ball":200,"minecraft:brown_mushroom":1,"minecraft:smithing_table":5,"minecraft:amethyst_block":25,"minecraft:string":6,"minecraft:oak_trapdoor":2,"minecraft:soul_soil":5,"minecraft:raw_copper":167,"minecraft:iron_axe":1,"minecraft:blackstone":25,"minecraft:oak_sign":1,"minecraft:gold_nugget":4,"minecraft:cobbled_deepslate":55,"minecraft:oak_boat":1,"minecraft:cobblestone_slab":177,"minecraft:poppy":1,"minecraft:iron_pickaxe":4,"minecraft:sugar_cane":8,"minecraft:furnace":1,"minecraft:egg":1,"minecraft:raw_iron":150,"minecraft:stick":49,"minecraft:composter":4,"minecraft:torch":28,"the_silence:sad_satan":2,"minecraft:diorite":51,"minecraft:redstone":323,"minecraft:arrow":6,"minecraft:rotten_flesh":1,"minecraft:shears":1,"minecraft:obsidian":25,"minecraft:white_wool":10,"minecraft:cobblestone":334,"minecraft:mossy_cobblestone_slab":1,"minecraft:water_bucket":2,"minecraft:andesite":73,"minecraft:smoker":28,"minecraft:potato":4,"minecraft:oak_log":255,"minecraft:ancient_debris":9,"minecraft:gunpowder":4,"minecraft:dirt":636,"boh:sirenphone":1,"minecraft:bone":8,"minecraft:apple":2,"minecraft:raw_gold":83,"minecraft:rabbit_hide":2,"minecraft:stone_pickaxe":2,"minecraft:glowstone_dust":26,"minecraft:moss_block":177,"minecraft:oak_planks":4,"minecraft:soul_sand":2,"minecraft:oak_slab":4,"minecraft:quartz":13,"weather2:wind_vane":1,"minecraft:spruce_sapling":27,"minecraft:white_bed":3,"minecraft:spruce_log":25,"minecraft:diamond_shovel":1,"minecraft:slime_ball":1,"minecraft:diamond":32,"minecraft:stone_axe":1,"minecraft:granite":52,"minecraft:diamond_axe":4,"minecraft:emerald":39,"minecraft:baked_potato":5,"minecraft:oak_sapling":48,"minecraft:netherrack":12,"minecraft:coal":153,"minecraft:oak_leaves":42,"minecraft:diamond_pickaxe":5},"minecraft:used":{"minecraft:oak_trapdoor":2,"minecraft:moss_block":7,"minecraft:stone_shovel":143,"minecraft:oak_sign":1,"minecraft:torch":27,"minecraft:dirt":356,"minecraft:granite":4,"minecraft:obsidian":10,"minecraft:wooden_axe":6,"minecraft:lava_bucket":4,"minecraft:iron_axe":464,"minecraft:mossy_cobblestone_slab":1,"minecraft:oak_sapling":10,"minecraft:water_bucket":6,"minecraft:diorite":1,"minecraft:amethyst_block":2,"minecraft:stone_pickaxe":37,"minecraft:oak_planks":24,"weather2:wind_vane":1,"minecraft:composter":4,"minecraft:diamond_axe":33,"minecraft:cobblestone_slab":168,"minecraft:oak_leaves":28,"minecraft:oak_slab":11,"minecraft:shears":36,"minecraft:smoker":29,"minecraft:oak_log":1,"minecraft:diamond_pickaxe":527,"minecraft:diamond_shovel":95,"minecraft:iron_pickaxe":300,"minecraft:spruce_sapling":7,"minecraft:stone_axe":201,"minecraft:cobblestone":12,"minecraft:smithing_table":5,"minecraft:bucket":11,"minecraft:andesite":14,"minecraft:oak_boat":3},"minecraft:broken":{"minecraft:iron_pickaxe":1,"minecraft:stone_shovel":1},"minecraft:killed":{"endofherobrine:silverfish":10,"minecraft:spider":1,"minecraft:skeleton":1,"boh:light_head":1},"minecraft:dropped":{"minecraft:water_bucket":1,"minecraft:oak_log":14,"minecraft:cobblestone":118,"minecraft:stick":1,"minecraft:lava_bucket":1,"minecraft:dirt":116,"minecraft:torch":14,"the_silence:sad_satan":1,"minecraft:iron_pickaxe":2,"minecraft:white_wool":5,"minecraft:bucket":1,"boh:sirenphone":1,"minecraft:furnace":4,"minecraft:stone_axe":1,"minecraft:soul_soil":1,"minecraft:raw_iron":3,"minecraft:clay_ball":4,"minecraft:oak_planks":7,"minecraft:diamond_shovel":1,"minecraft:potato":4,"minecraft:cobblestone_slab":265,"minecraft:diamond_pickaxe":1,"minecraft:oak_sapling":1,"minecraft:stone_pickaxe":2}},"DataVersion":3465}