{"stats":{"minecraft:mined":{"minecraft:oak_sapling":2,"immersive_weathering:spruce_leaf_pile":24,"minecraft:clay":2,"minecraft:granite":9,"minecraft:grass_block":131,"minecraft:spruce_leaves":4,"minecraft:moss_block":50,"minecraft:oak_planks":2,"minecraft:diorite":1,"minecraft:spruce_sapling":1,"minecraft:mud":46,"minecraft:spruce_log":20,"minecraft:andesite":2,"minecraft:oak_log":58,"minecraft:oak_sign":1,"minecraft:dirt":27,"minecraft:stone":25,"minecraft:oak_leaves":9,"immersive_weathering:oak_leaf_pile":86},"minecraft:used":{"minecraft:moss_block":5,"minecraft:water_bucket":1,"minecraft:stone_shovel":143,"minecraft:stone_pickaxe":37,"minecraft:oak_planks":4,"minecraft:oak_sign":1,"minecraft:cobblestone_slab":1,"minecraft:dirt":182,"minecraft:oak_slab":8,"minecraft:granite":1,"minecraft:iron_pickaxe":50,"minecraft:spruce_sapling":7,"minecraft:stone_axe":201,"minecraft:cobblestone":4,"minecraft:oak_sapling":9,"minecraft:bucket":1,"minecraft:oak_boat":2},"minecraft:killed_by":{"sanitydim:sneaking_terror":1,"endofherobrine:villager":1},"minecraft:broken":{"minecraft:stone_shovel":1},"minecraft:custom":{"minecraft:interact_with_crafting_table":8,"minecraft:time_since_death":838,"minecraft:time_since_rest":1469,"minecraft:sprint_one_cm":47995,"minecraft:walk_one_cm":220924,"minecraft:damage_taken":3149,"minecraft:drop":19,"minecraft:damage_dealt":261,"minecraft:talked_to_villager":13,"minecraft:fly_one_cm":416588,"minecraft:open_chest":53,"minecraft:crouch_one_cm":56077,"minecraft:play_time":88027,"minecraft:deaths":12,"minecraft:sneak_time":22803,"minecraft:walk_under_water_one_cm":2793,"minecraft:boat_one_cm":5535,"minecraft:jump":228,"minecraft:walk_on_water_one_cm":1563,"minecraft:total_world_time":88027,"minecraft:fall_one_cm":1380},"minecraft:picked_up":{"minecraft:mud":45,"minecraft:clay_ball":8,"minecraft:water_bucket":1,"minecraft:andesite":2,"minecraft:oak_log":146,"minecraft:dirt":212,"minecraft:oak_sign":1,"minecraft:apple":2,"minecraft:stone_pickaxe":2,"minecraft:cobblestone_slab":3,"minecraft:iron_pickaxe":1,"minecraft:moss_block":76,"minecraft:oak_planks":1,"minecraft:oak_slab":1,"minecraft:stick":27,"minecraft:raw_iron":49,"minecraft:torch":1,"minecraft:spruce_sapling":12,"minecraft:diorite":3,"minecraft:spruce_log":24,"minecraft:stone_axe":1,"minecraft:granite":8,"minecraft:oak_sapling":33,"minecraft:coal":42,"minecraft:cobblestone":110},"minecraft:crafted":{"minecraft:oak_planks":12,"minecraft:oak_slab":12,"minecraft:cobblestone_slab":18,"minecraft:stone_shovel":1,"minecraft:oak_boat":2,"minecraft:stick":4,"minecraft:iron_pickaxe":1},"minecraft:dropped":{"minecraft:stone_axe":1,"minecraft:oak_log":14,"minecraft:raw_iron":3,"minecraft:cobblestone":83,"minecraft:clay_ball":4,"minecraft:oak_planks":7,"minecraft:dirt":33,"minecraft:cobblestone_slab":18,"minecraft:stone_pickaxe":2}},"DataVersion":3465}