{"stats":{"minecraft:mined":{"minecraft:deepslate_redstone_ore":11,"minecraft:oak_sapling":2,"minecraft:deepslate_diamond_ore":4,"immersive_weathering:spruce_leaf_pile":34,"minecraft:clay":25,"minecraft:granite":17,"minecraft:grass_block":270,"minecraft:copper_ore":6,"minecraft:deepslate_coal_ore":7,"minecraft:spruce_leaves":53,"minecraft:deepslate_gold_ore":6,"minecraft:moss_block":112,"minecraft:oak_planks":2,"minecraft:diorite":13,"minecraft:deepslate_copper_ore":5,"minecraft:redstone_ore":4,"minecraft:spruce_sapling":1,"minecraft:mud":83,"minecraft:iron_ore":4,"minecraft:spruce_log":21,"minecraft:andesite":10,"minecraft:coal_ore":8,"minecraft:oak_log":139,"minecraft:deepslate_iron_ore":7,"minecraft:oak_sign":1,"immersive_weathering:loam":1,"minecraft:dirt":27,"minecraft:stone":57,"minecraft:gold_ore":4,"minecraft:deepslate_emerald_ore":6,"minecraft:oak_leaves":46,"minecraft:deepslate":5,"immersive_weathering:oak_leaf_pile":99},"minecraft:used":{"minecraft:moss_block":5,"minecraft:water_bucket":1,"minecraft:stone_shovel":143,"minecraft:stone_pickaxe":37,"minecraft:oak_planks":4,"minecraft:oak_sign":1,"minecraft:cobblestone_slab":1,"minecraft:dirt":184,"minecraft:oak_slab":8,"minecraft:granite":1,"minecraft:oak_log":1,"minecraft:wooden_axe":6,"minecraft:iron_axe":302,"minecraft:iron_pickaxe":293,"minecraft:spruce_sapling":7,"minecraft:stone_axe":201,"minecraft:cobblestone":4,"minecraft:oak_sapling":9,"minecraft:bucket":1,"minecraft:oak_boat":2},"minecraft:killed_by":{"sanitydim:sneaking_terror":1,"endofherobrine:villager":1},"minecraft:broken":{"minecraft:iron_pickaxe":1,"minecraft:stone_shovel":1},"minecraft:custom":{"minecraft:interact_with_crafting_table":12,"minecraft:time_since_death":31391,"minecraft:time_since_rest":31453,"minecraft:sprint_one_cm":89077,"minecraft:walk_one_cm":291053,"minecraft:damage_taken":3389,"minecraft:drop":25,"minecraft:damage_dealt":261,"minecraft:talked_to_villager":43,"minecraft:fly_one_cm":430865,"minecraft:open_chest":87,"minecraft:crouch_one_cm":63272,"minecraft:play_time":130027,"minecraft:deaths":13,"minecraft:sneak_time":24858,"minecraft:walk_under_water_one_cm":4783,"minecraft:boat_one_cm":6255,"minecraft:jump":329,"minecraft:walk_on_water_one_cm":4167,"minecraft:total_world_time":130027,"minecraft:fall_one_cm":1589},"minecraft:picked_up":{"minecraft:wooden_axe":1,"minecraft:mud":93,"minecraft:clay_ball":148,"minecraft:water_bucket":1,"minecraft:andesite":49,"minecraft:oak_log":215,"minecraft:dirt":378,"minecraft:raw_copper":128,"minecraft:iron_axe":1,"minecraft:oak_sign":1,"minecraft:apple":2,"minecraft:cobbled_deepslate":24,"minecraft:raw_gold":36,"minecraft:stone_pickaxe":2,"minecraft:cobblestone_slab":5,"minecraft:iron_pickaxe":4,"minecraft:moss_block":153,"minecraft:oak_planks":1,"minecraft:oak_slab":1,"minecraft:stick":45,"minecraft:raw_iron":123,"minecraft:torch":1,"minecraft:spruce_sapling":26,"minecraft:diorite":43,"minecraft:spruce_log":25,"minecraft:redstone":226,"minecraft:diamond":21,"minecraft:stone_axe":1,"minecraft:granite":41,"minecraft:emerald":19,"minecraft:oak_sapling":43,"minecraft:coal":117,"minecraft:cobblestone":266},"minecraft:crafted":{"minecraft:oak_planks":28,"minecraft:oak_slab":12,"minecraft:cobblestone_slab":84,"minecraft:stone_shovel":1,"minecraft:furnace":4,"minecraft:oak_boat":2,"minecraft:iron_axe":1,"minecraft:stick":8,"minecraft:iron_pickaxe":1,"minecraft:wooden_axe":1},"minecraft:dropped":{"minecraft:furnace":4,"minecraft:stone_axe":1,"minecraft:oak_log":14,"minecraft:raw_iron":3,"minecraft:cobblestone":118,"minecraft:clay_ball":4,"minecraft:oak_planks":7,"minecraft:dirt":33,"minecraft:cobblestone_slab":86,"minecraft:stone_pickaxe":2,"minecraft:iron_pickaxe":2}},"DataVersion":3465}