{"stats":{"minecraft:killed_by":{"boh:siren_head":1,"minecraft:creeper":1,"sanitydim:sneaking_terror":1,"endofherobrine:villager":1,"minecraft:skeleton":1,"boh:light_head":3,"midnightlurker:midnight_lurker_unprovoked":2},"minecraft:mined":{"minecraft:oak_sapling":3,"minecraft:farmland":1,"minecraft:deepslate_diamond_ore":17,"the_silence:sad_satan":1,"minecraft:obsidian":18,"minecraft:granite":25,"minecraft:grass_block":345,"minecraft:soul_soil":8,"minecraft:spruce_leaves":74,"minecraft:composter":4,"minecraft:moss_block":166,"minecraft:redstone_ore":4,"minecraft:magma_block":1,"minecraft:oak_trapdoor":2,"minecraft:mossy_cobblestone_slab":1,"minecraft:spruce_sapling":1,"minecraft:glowstone":12,"minecraft:furnace":1,"minecraft:iron_ore":4,"minecraft:andesite":34,"minecraft:azure_bluet":1,"minecraft:cobblestone_slab":4,"minecraft:deepslate_iron_ore":35,"minecraft:oak_sign":1,"immersive_weathering:loam":1,"minecraft:stone":92,"immersive_weathering:oak_leaf_pile":100,"minecraft:smithing_table":5,"minecraft:oak_slab":5,"minecraft:deepslate_redstone_ore":28,"minecraft:soul_sand":8,"minecraft:blackstone":13,"minecraft:smoker":29,"minecraft:crimson_nylium":3,"immersive_weathering:spruce_leaf_pile":34,"minecraft:clay":42,"minecraft:torch":8,"minecraft:poppy":1,"minecraft:nether_quartz_ore":8,"minecraft:copper_ore":6,"endofherobrine:glowing_obsidian":3,"minecraft:cobblestone":5,"minecraft:deepslate_coal_ore":24,"minecraft:deepslate_gold_ore":24,"minecraft:oak_planks":6,"minecraft:diorite":18,"minecraft:sculk":22,"minecraft:amethyst_block":17,"minecraft:deepslate_copper_ore":17,"minecraft:warped_nylium":5,"minecraft:mud":110,"minecraft:spruce_log":21,"minecraft:coal_ore":8,"minecraft:oak_log":191,"minecraft:dirt":28,"minecraft:netherrack":6,"minecraft:ancient_debris":7,"minecraft:gold_ore":4,"minecraft:deepslate_emerald_ore":20,"minecraft:oak_leaves":126,"minecraft:deepslate":19},"minecraft:crafted":{"minecraft:oak_planks":44,"minecraft:cobblestone_slab":336,"minecraft:stone_shovel":1,"minecraft:furnace":4,"minecraft:iron_axe":2,"minecraft:smoker":1,"minecraft:oak_slab":12,"minecraft:diamond_axe":1,"minecraft:smithing_table":1,"minecraft:bucket":1,"minecraft:air":0,"minecraft:oak_boat":2,"minecraft:string":40,"minecraft:cobblestone":78,"minecraft:diamond_pickaxe":1,"minecraft:stick":12,"minecraft:iron_ingot":2,"minecraft:iron_pickaxe":2,"minecraft:wooden_axe":1,"minecraft:torch":24,"minecraft:shears":3},"minecraft:custom":{"minecraft:interact_with_smithing_table":2,"minecraft:mob_kills":13,"minecraft:interact_with_crafting_table":21,"minecraft:damage_dealt_resisted":8,"minecraft:leave_game":5,"minecraft:time_since_death":4383,"minecraft:sprint_one_cm":433920,"minecraft:walk_one_cm":600648,"minecraft:drop":37,"minecraft:talked_to_villager":179,"minecraft:play_time":307737,"minecraft:deaths":41,"minecraft:sneak_time":53080,"minecraft:walk_under_water_one_cm":37323,"minecraft:boat_one_cm":6255,"minecraft:jump":1381,"minecraft:walk_on_water_one_cm":19244,"minecraft:total_world_time":307737,"minecraft:interact_with_furnace":11,"minecraft:traded_with_villager":8,"minecraft:time_since_rest":4411,"minecraft:damage_taken":11183,"minecraft:damage_dealt":1880,"minecraft:swim_one_cm":7273,"minecraft:fly_one_cm":1904558,"minecraft:open_chest":249,"minecraft:crouch_one_cm":179832,"minecraft:interact_with_smoker":6,"minecraft:fall_one_cm":15781},"minecraft:picked_up":{"minecraft:wooden_axe":1,"minecraft:mud":109,"minecraft:azure_bluet":1,"minecraft:clay_ball":200,"minecraft:brown_mushroom":1,"minecraft:smithing_table":5,"minecraft:amethyst_block":25,"minecraft:string":6,"minecraft:oak_trapdoor":2,"minecraft:soul_soil":2,"minecraft:raw_copper":164,"minecraft:iron_axe":1,"minecraft:blackstone":23,"minecraft:oak_sign":1,"minecraft:gold_nugget":4,"minecraft:cobbled_deepslate":53,"minecraft:oak_boat":1,"minecraft:cobblestone_slab":8,"minecraft:poppy":1,"minecraft:iron_pickaxe":4,"minecraft:sugar_cane":8,"minecraft:furnace":1,"minecraft:egg":1,"minecraft:raw_iron":149,"minecraft:stick":49,"minecraft:composter":4,"minecraft:torch":12,"the_silence:sad_satan":2,"minecraft:diorite":50,"minecraft:redstone":309,"minecraft:arrow":6,"minecraft:rotten_flesh":1,"minecraft:shears":1,"minecraft:obsidian":24,"minecraft:white_wool":10,"minecraft:cobblestone":329,"minecraft:mossy_cobblestone_slab":1,"minecraft:water_bucket":1,"minecraft:andesite":72,"minecraft:smoker":28,"minecraft:potato":4,"minecraft:oak_log":253,"minecraft:ancient_debris":9,"minecraft:gunpowder":4,"minecraft:dirt":422,"boh:sirenphone":1,"minecraft:bone":8,"minecraft:apple":2,"minecraft:raw_gold":79,"minecraft:rabbit_hide":2,"minecraft:stone_pickaxe":2,"minecraft:glowstone_dust":24,"minecraft:moss_block":176,"minecraft:oak_planks":4,"minecraft:soul_sand":1,"minecraft:oak_slab":4,"minecraft:quartz":13,"weather2:wind_vane":1,"minecraft:spruce_sapling":27,"minecraft:spruce_log":25,"minecraft:slime_ball":1,"minecraft:diamond":31,"minecraft:stone_axe":1,"minecraft:granite":52,"minecraft:diamond_axe":4,"minecraft:emerald":38,"minecraft:baked_potato":5,"minecraft:oak_sapling":48,"minecraft:netherrack":10,"minecraft:coal":148,"minecraft:oak_leaves":42,"minecraft:diamond_pickaxe":4},"minecraft:used":{"minecraft:oak_trapdoor":2,"minecraft:moss_block":7,"minecraft:stone_shovel":143,"minecraft:oak_sign":1,"minecraft:torch":24,"minecraft:dirt":228,"minecraft:granite":4,"minecraft:obsidian":10,"minecraft:wooden_axe":6,"minecraft:lava_bucket":4,"minecraft:iron_axe":464,"minecraft:mossy_cobblestone_slab":1,"minecraft:oak_sapling":10,"minecraft:water_bucket":5,"minecraft:diorite":1,"minecraft:amethyst_block":2,"minecraft:stone_pickaxe":37,"minecraft:oak_planks":24,"weather2:wind_vane":1,"minecraft:composter":4,"minecraft:diamond_axe":33,"minecraft:cobblestone_slab":118,"minecraft:oak_leaves":28,"minecraft:oak_slab":11,"minecraft:shears":36,"minecraft:smoker":29,"minecraft:oak_log":1,"minecraft:diamond_pickaxe":476,"minecraft:iron_pickaxe":300,"minecraft:spruce_sapling":7,"minecraft:stone_axe":201,"minecraft:cobblestone":12,"minecraft:smithing_table":5,"minecraft:bucket":9,"minecraft:andesite":14,"minecraft:oak_boat":3},"minecraft:broken":{"minecraft:iron_pickaxe":1,"minecraft:stone_shovel":1},"minecraft:killed":{"endofherobrine:silverfish":10,"minecraft:spider":1,"minecraft:skeleton":1,"boh:light_head":1},"minecraft:dropped":{"minecraft:oak_log":14,"minecraft:cobblestone":118,"minecraft:stick":1,"minecraft:lava_bucket":1,"minecraft:dirt":33,"minecraft:torch":8,"the_silence:sad_satan":1,"minecraft:iron_pickaxe":2,"minecraft:white_wool":5,"minecraft:bucket":1,"boh:sirenphone":1,"minecraft:furnace":4,"minecraft:stone_axe":1,"minecraft:raw_iron":3,"minecraft:clay_ball":4,"minecraft:oak_planks":7,"minecraft:potato":4,"minecraft:cobblestone_slab":164,"minecraft:diamond_pickaxe":1,"minecraft:oak_sapling":1,"minecraft:stone_pickaxe":2}},"DataVersion":3465}