{"stats":{"minecraft:killed_by":{"sanitydim:sneaking_terror":1,"endofherobrine:villager":1,"midnightlurker:midnight_lurker_unprovoked":1},"minecraft:mined":{"minecraft:deepslate_redstone_ore":17,"minecraft:oak_sapling":3,"minecraft:blackstone":3,"minecraft:deepslate_diamond_ore":10,"immersive_weathering:spruce_leaf_pile":34,"the_silence:sad_satan":1,"minecraft:obsidian":9,"minecraft:clay":31,"minecraft:granite":19,"minecraft:grass_block":278,"minecraft:nether_quartz_ore":3,"minecraft:soul_soil":1,"minecraft:copper_ore":6,"minecraft:deepslate_coal_ore":13,"minecraft:spruce_leaves":58,"minecraft:deepslate_gold_ore":11,"minecraft:moss_block":122,"minecraft:oak_planks":2,"minecraft:sculk":3,"minecraft:diorite":14,"minecraft:amethyst_block":4,"minecraft:deepslate_copper_ore":11,"minecraft:magma_block":1,"minecraft:warped_nylium":1,"minecraft:redstone_ore":4,"minecraft:glowstone":2,"minecraft:spruce_sapling":1,"minecraft:mud":90,"minecraft:iron_ore":4,"minecraft:spruce_log":21,"minecraft:andesite":14,"minecraft:oak_log":153,"minecraft:coal_ore":8,"minecraft:oak_sign":1,"minecraft:deepslate_iron_ore":25,"immersive_weathering:loam":1,"minecraft:dirt":27,"minecraft:stone":66,"minecraft:ancient_debris":2,"minecraft:netherrack":2,"minecraft:gold_ore":4,"minecraft:oak_leaves":56,"minecraft:deepslate_emerald_ore":12,"minecraft:deepslate":9,"immersive_weathering:oak_leaf_pile":99},"minecraft:crafted":{"minecraft:oak_slab":12,"minecraft:oak_planks":28,"minecraft:cobblestone_slab":84,"minecraft:stone_shovel":1,"minecraft:furnace":4,"minecraft:oak_boat":2,"minecraft:iron_axe":1,"minecraft:stick":8,"minecraft:iron_pickaxe":1,"minecraft:wooden_axe":1},"minecraft:custom":{"minecraft:interact_with_furnace":1,"minecraft:mob_kills":1,"minecraft:interact_with_crafting_table":12,"minecraft:damage_dealt_resisted":8,"minecraft:leave_game":5,"minecraft:time_since_death":5025,"minecraft:time_since_rest":5059,"minecraft:sprint_one_cm":149466,"minecraft:damage_taken":3789,"minecraft:walk_one_cm":334362,"minecraft:drop":27,"minecraft:damage_dealt":617,"minecraft:talked_to_villager":46,"minecraft:fly_one_cm":482527,"minecraft:open_chest":122,"minecraft:crouch_one_cm":74599,"minecraft:play_time":151737,"minecraft:deaths":15,"minecraft:sneak_time":27839,"minecraft:walk_under_water_one_cm":8753,"minecraft:boat_one_cm":6255,"minecraft:jump":540,"minecraft:walk_on_water_one_cm":6534,"minecraft:total_world_time":151737,"minecraft:fall_one_cm":2659},"minecraft:picked_up":{"minecraft:wooden_axe":1,"minecraft:mud":100,"minecraft:andesite":53,"minecraft:water_bucket":1,"minecraft:clay_ball":172,"minecraft:oak_log":228,"minecraft:ancient_debris":2,"minecraft:amethyst_block":3,"minecraft:dirt":384,"minecraft:raw_copper":147,"minecraft:iron_axe":1,"minecraft:bone":1,"minecraft:blackstone":3,"minecraft:oak_sign":1,"minecraft:apple":2,"minecraft:cobbled_deepslate":27,"minecraft:raw_gold":41,"minecraft:stone_pickaxe":2,"minecraft:cobblestone_slab":5,"minecraft:iron_pickaxe":4,"minecraft:glowstone_dust":3,"minecraft:moss_block":163,"minecraft:oak_planks":1,"minecraft:oak_slab":1,"minecraft:stick":46,"minecraft:raw_iron":139,"minecraft:quartz":3,"minecraft:torch":1,"weather2:wind_vane":1,"the_silence:sad_satan":2,"minecraft:spruce_sapling":26,"minecraft:diorite":44,"minecraft:spruce_log":25,"minecraft:redstone":250,"minecraft:diamond":25,"minecraft:stone_axe":1,"minecraft:diamond_axe":1,"minecraft:granite":43,"minecraft:emerald":25,"minecraft:oak_sapling":44,"minecraft:netherrack":2,"minecraft:obsidian":8,"minecraft:coal":122,"minecraft:cobblestone":275,"minecraft:diamond_pickaxe":1},"minecraft:used":{"minecraft:moss_block":5,"minecraft:water_bucket":1,"minecraft:amethyst_block":1,"minecraft:stone_shovel":143,"minecraft:stone_pickaxe":37,"minecraft:oak_planks":4,"minecraft:oak_sign":1,"weather2:wind_vane":1,"minecraft:diamond_axe":22,"minecraft:cobblestone_slab":1,"minecraft:dirt":205,"minecraft:oak_slab":8,"minecraft:granite":1,"minecraft:oak_log":1,"minecraft:wooden_axe":6,"minecraft:diamond_pickaxe":144,"minecraft:iron_axe":302,"minecraft:iron_pickaxe":293,"minecraft:spruce_sapling":7,"minecraft:stone_axe":201,"minecraft:cobblestone":4,"minecraft:oak_sapling":10,"minecraft:bucket":1,"minecraft:oak_boat":2},"minecraft:killed":{"minecraft:skeleton":1},"minecraft:broken":{"minecraft:iron_pickaxe":1,"minecraft:stone_shovel":1},"minecraft:dropped":{"minecraft:furnace":4,"minecraft:stone_axe":1,"minecraft:oak_log":14,"minecraft:raw_iron":3,"minecraft:cobblestone":118,"minecraft:clay_ball":4,"minecraft:oak_planks":7,"minecraft:stick":1,"minecraft:dirt":33,"minecraft:cobblestone_slab":86,"the_silence:sad_satan":1,"minecraft:stone_pickaxe":2,"minecraft:iron_pickaxe":2}},"DataVersion":3465}