{"stats":{"minecraft:mined":{"minecraft:grass_block":71,"minecraft:spruce_sapling":1,"minecraft:mud":22,"minecraft:dirt":8,"minecraft:stone":1,"minecraft:moss_block":23},"minecraft:used":{"minecraft:moss_block":5,"minecraft:dirt":57,"minecraft:oak_slab":8,"minecraft:stone_shovel":49,"minecraft:stone_pickaxe":1,"minecraft:spruce_sapling":2},"minecraft:picked_up":{"minecraft:stick":2,"minecraft:mud":21,"minecraft:stone_pickaxe":1,"minecraft:oak_log":44,"minecraft:spruce_sapling":2,"minecraft:moss_block":32,"minecraft:coal":1,"minecraft:dirt":106,"minecraft:cobblestone":17,"minecraft:raw_iron":1},"minecraft:custom":{"minecraft:open_chest":1,"minecraft:time_since_rest":17881,"minecraft:crouch_one_cm":13480,"minecraft:play_time":28027,"minecraft:sprint_one_cm":1768,"minecraft:walk_one_cm":21641,"minecraft:damage_taken":1344,"minecraft:deaths":5,"minecraft:sneak_time":7620,"minecraft:drop":6,"minecraft:jump":42,"minecraft:damage_dealt":150,"minecraft:time_since_death":16082,"minecraft:total_world_time":28027,"minecraft:talked_to_villager":5,"minecraft:interact_with_crafting_table":2,"minecraft:fly_one_cm":1333},"minecraft:crafted":{"minecraft:oak_slab":12,"minecraft:oak_planks":8,"minecraft:stone_shovel":1},"minecraft:dropped":{"minecraft:cobblestone":4,"minecraft:dirt":32,"minecraft:stone_pickaxe":1,"minecraft:oak_log":14}},"DataVersion":3465}