{"stats":{"minecraft:killed_by":{"minecraft:creeper":1,"sanitydim:sneaking_terror":1,"endofherobrine:villager":1,"minecraft:skeleton":1,"boh:light_head":3,"midnightlurker:midnight_lurker_unprovoked":1},"minecraft:mined":{"minecraft:oak_sapling":3,"minecraft:farmland":1,"minecraft:deepslate_diamond_ore":10,"the_silence:sad_satan":1,"minecraft:obsidian":9,"minecraft:granite":20,"minecraft:grass_block":311,"minecraft:soul_soil":7,"minecraft:spruce_leaves":67,"minecraft:composter":4,"minecraft:moss_block":149,"minecraft:redstone_ore":4,"minecraft:magma_block":1,"minecraft:oak_trapdoor":2,"minecraft:mossy_cobblestone_slab":1,"minecraft:spruce_sapling":1,"minecraft:glowstone":8,"minecraft:furnace":1,"minecraft:iron_ore":4,"minecraft:andesite":25,"minecraft:azure_bluet":1,"minecraft:cobblestone_slab":4,"minecraft:deepslate_iron_ore":25,"minecraft:oak_sign":1,"immersive_weathering:loam":1,"minecraft:stone":66,"immersive_weathering:oak_leaf_pile":99,"minecraft:smithing_table":5,"minecraft:deepslate_redstone_ore":17,"minecraft:soul_sand":6,"minecraft:blackstone":3,"minecraft:smoker":29,"minecraft:crimson_nylium":1,"immersive_weathering:spruce_leaf_pile":34,"minecraft:clay":40,"minecraft:poppy":1,"minecraft:nether_quartz_ore":3,"minecraft:copper_ore":6,"endofherobrine:glowing_obsidian":3,"minecraft:cobblestone":5,"minecraft:deepslate_coal_ore":13,"minecraft:deepslate_gold_ore":12,"minecraft:oak_planks":6,"minecraft:diorite":14,"minecraft:sculk":12,"minecraft:amethyst_block":5,"minecraft:deepslate_copper_ore":12,"minecraft:warped_nylium":2,"minecraft:mud":100,"minecraft:spruce_log":21,"minecraft:coal_ore":8,"minecraft:oak_log":180,"minecraft:dirt":28,"minecraft:netherrack":2,"minecraft:ancient_debris":2,"minecraft:gold_ore":4,"minecraft:deepslate_emerald_ore":13,"minecraft:oak_leaves":114,"minecraft:deepslate":10},"minecraft:crafted":{"minecraft:oak_planks":44,"minecraft:cobblestone_slab":180,"minecraft:stone_shovel":1,"minecraft:furnace":4,"minecraft:iron_axe":2,"minecraft:smoker":1,"minecraft:oak_slab":12,"minecraft:diamond_axe":1,"minecraft:smithing_table":1,"minecraft:bucket":1,"minecraft:air":0,"minecraft:oak_boat":2,"minecraft:diamond_pickaxe":1,"minecraft:stick":12,"minecraft:iron_ingot":2,"minecraft:iron_pickaxe":2,"minecraft:wooden_axe":1,"minecraft:torch":24,"minecraft:shears":3},"minecraft:custom":{"minecraft:interact_with_smithing_table":2,"minecraft:mob_kills":13,"minecraft:interact_with_crafting_table":20,"minecraft:damage_dealt_resisted":8,"minecraft:leave_game":5,"minecraft:time_since_death":209,"minecraft:sprint_one_cm":358793,"minecraft:walk_one_cm":543863,"minecraft:drop":33,"minecraft:talked_to_villager":157,"minecraft:play_time":271737,"minecraft:deaths":29,"minecraft:sneak_time":47037,"minecraft:walk_under_water_one_cm":34785,"minecraft:boat_one_cm":6255,"minecraft:jump":1090,"minecraft:walk_on_water_one_cm":17695,"minecraft:total_world_time":271737,"minecraft:interact_with_furnace":11,"minecraft:time_since_rest":240,"minecraft:damage_taken":8165,"minecraft:damage_dealt":1841,"minecraft:swim_one_cm":6761,"minecraft:fly_one_cm":894746,"minecraft:open_chest":237,"minecraft:crouch_one_cm":158662,"minecraft:interact_with_smoker":6,"minecraft:fall_one_cm":14019},"minecraft:picked_up":{"minecraft:wooden_axe":1,"minecraft:mud":100,"minecraft:azure_bluet":1,"minecraft:clay_ball":180,"minecraft:brown_mushroom":1,"minecraft:smithing_table":5,"minecraft:amethyst_block":5,"minecraft:string":6,"minecraft:oak_trapdoor":2,"minecraft:raw_copper":149,"minecraft:iron_axe":1,"minecraft:blackstone":5,"minecraft:oak_sign":1,"minecraft:gold_nugget":4,"minecraft:cobbled_deepslate":37,"minecraft:oak_boat":1,"minecraft:cobblestone_slab":8,"minecraft:poppy":1,"minecraft:iron_pickaxe":4,"minecraft:sugar_cane":8,"minecraft:furnace":1,"minecraft:egg":1,"minecraft:raw_iron":142,"minecraft:stick":46,"minecraft:composter":4,"minecraft:torch":4,"the_silence:sad_satan":2,"minecraft:diorite":44,"minecraft:redstone":269,"minecraft:arrow":6,"minecraft:rotten_flesh":1,"minecraft:shears":1,"minecraft:obsidian":10,"minecraft:white_wool":5,"minecraft:cobblestone":285,"minecraft:mossy_cobblestone_slab":1,"minecraft:water_bucket":1,"minecraft:andesite":64,"minecraft:smoker":28,"minecraft:potato":4,"minecraft:oak_log":233,"minecraft:ancient_debris":4,"minecraft:gunpowder":4,"minecraft:dirt":392,"boh:sirenphone":1,"minecraft:bone":8,"minecraft:apple":2,"minecraft:raw_gold":55,"minecraft:rabbit_hide":2,"minecraft:stone_pickaxe":2,"minecraft:glowstone_dust":3,"minecraft:moss_block":164,"minecraft:oak_planks":4,"minecraft:oak_slab":1,"minecraft:quartz":3,"weather2:wind_vane":1,"minecraft:spruce_sapling":26,"minecraft:spruce_log":25,"minecraft:slime_ball":1,"minecraft:diamond":25,"minecraft:stone_axe":1,"minecraft:granite":44,"minecraft:diamond_axe":3,"minecraft:emerald":26,"minecraft:baked_potato":5,"minecraft:oak_sapling":46,"minecraft:netherrack":2,"minecraft:coal":126,"minecraft:oak_leaves":42,"minecraft:diamond_pickaxe":3},"minecraft:used":{"minecraft:oak_trapdoor":2,"minecraft:moss_block":7,"minecraft:stone_shovel":143,"minecraft:oak_sign":1,"minecraft:torch":24,"minecraft:dirt":228,"minecraft:granite":4,"minecraft:obsidian":10,"minecraft:wooden_axe":6,"minecraft:lava_bucket":4,"minecraft:iron_axe":464,"minecraft:mossy_cobblestone_slab":1,"minecraft:oak_sapling":10,"minecraft:water_bucket":5,"minecraft:diorite":1,"minecraft:amethyst_block":2,"minecraft:stone_pickaxe":37,"minecraft:oak_planks":24,"weather2:wind_vane":1,"minecraft:composter":4,"minecraft:diamond_axe":33,"minecraft:cobblestone_slab":118,"minecraft:oak_leaves":28,"minecraft:oak_slab":8,"minecraft:shears":36,"minecraft:smoker":29,"minecraft:oak_log":1,"minecraft:diamond_pickaxe":202,"minecraft:iron_pickaxe":300,"minecraft:spruce_sapling":7,"minecraft:stone_axe":201,"minecraft:cobblestone":12,"minecraft:smithing_table":5,"minecraft:bucket":9,"minecraft:andesite":14,"minecraft:oak_boat":3},"minecraft:broken":{"minecraft:iron_pickaxe":1,"minecraft:stone_shovel":1},"minecraft:killed":{"endofherobrine:silverfish":10,"minecraft:spider":1,"minecraft:skeleton":1,"boh:light_head":1},"minecraft:dropped":{"minecraft:oak_log":14,"minecraft:cobblestone":118,"minecraft:stick":1,"minecraft:lava_bucket":1,"minecraft:dirt":33,"the_silence:sad_satan":1,"minecraft:iron_pickaxe":2,"minecraft:bucket":1,"boh:sirenphone":1,"minecraft:furnace":4,"minecraft:stone_axe":1,"minecraft:raw_iron":3,"minecraft:clay_ball":4,"minecraft:oak_planks":7,"minecraft:potato":4,"minecraft:cobblestone_slab":86,"minecraft:diamond_pickaxe":1,"minecraft:oak_sapling":1,"minecraft:stone_pickaxe":2}},"DataVersion":3465}