{"stats":{"minecraft:mined":{"minecraft:grass_block":34,"minecraft:mud":3,"minecraft:dirt":6,"minecraft:moss_block":8},"minecraft:used":{"minecraft:moss_block":5,"minecraft:dirt":18,"minecraft:oak_slab":8},"minecraft:picked_up":{"minecraft:mud":5,"minecraft:oak_log":25,"minecraft:spruce_sapling":1,"minecraft:moss_block":14,"minecraft:dirt":50},"minecraft:custom":{"minecraft:time_since_rest":5881,"minecraft:crouch_one_cm":7279,"minecraft:play_time":16027,"minecraft:sprint_one_cm":384,"minecraft:walk_one_cm":7391,"minecraft:damage_taken":1344,"minecraft:deaths":5,"minecraft:sneak_time":3917,"minecraft:drop":1,"minecraft:jump":25,"minecraft:damage_dealt":150,"minecraft:time_since_death":4082,"minecraft:total_world_time":16027,"minecraft:interact_with_crafting_table":1,"minecraft:fly_one_cm":984},"minecraft:crafted":{"minecraft:oak_slab":12,"minecraft:oak_planks":8},"minecraft:dropped":{"minecraft:oak_log":14}},"DataVersion":3465}