{"stats":{"minecraft:mined":{"minecraft:spruce_sapling":1,"minecraft:mud":44,"minecraft:grass_block":118,"minecraft:oak_log":4,"minecraft:dirt":8,"minecraft:spruce_leaves":2,"minecraft:stone":16,"minecraft:moss_block":47,"minecraft:oak_leaves":3,"immersive_weathering:oak_leaf_pile":1},"minecraft:used":{"minecraft:moss_block":5,"minecraft:stone_shovel":132,"minecraft:stone_pickaxe":37,"minecraft:spruce_sapling":2,"minecraft:stone_axe":42,"minecraft:dirt":57,"minecraft:oak_slab":8,"minecraft:oak_sapling":2},"minecraft:broken":{"minecraft:stone_shovel":1},"minecraft:picked_up":{"minecraft:oak_slab":1,"minecraft:mud":43,"minecraft:stick":5,"minecraft:raw_iron":43,"minecraft:oak_log":85,"minecraft:spruce_sapling":4,"minecraft:dirt":169,"minecraft:stone_axe":1,"minecraft:stone_pickaxe":2,"minecraft:oak_sapling":2,"minecraft:moss_block":65,"minecraft:coal":33,"minecraft:cobblestone":80},"minecraft:custom":{"minecraft:time_since_rest":29881,"minecraft:sprint_one_cm":3403,"minecraft:damage_taken":1344,"minecraft:walk_one_cm":31441,"minecraft:drop":10,"minecraft:damage_dealt":150,"minecraft:interact_with_crafting_table":3,"minecraft:talked_to_villager":7,"minecraft:fly_one_cm":1901,"minecraft:open_chest":3,"minecraft:crouch_one_cm":15103,"minecraft:play_time":40027,"minecraft:deaths":5,"minecraft:sneak_time":11919,"minecraft:jump":54,"minecraft:time_since_death":28082,"minecraft:total_world_time":40027},"minecraft:crafted":{"minecraft:oak_slab":12,"minecraft:oak_planks":8,"minecraft:stone_shovel":1},"minecraft:dropped":{"minecraft:dirt":32,"minecraft:oak_log":14,"minecraft:raw_iron":3,"minecraft:cobblestone":54,"minecraft:stone_pickaxe":2}},"DataVersion":3465}