{"stats":{"minecraft:mined":{"minecraft:deepslate_redstone_ore":11,"minecraft:oak_sapling":2,"minecraft:deepslate_diamond_ore":4,"immersive_weathering:spruce_leaf_pile":33,"minecraft:clay":19,"minecraft:granite":17,"minecraft:grass_block":251,"minecraft:copper_ore":6,"minecraft:deepslate_coal_ore":7,"minecraft:spruce_leaves":49,"minecraft:deepslate_gold_ore":6,"minecraft:moss_block":109,"minecraft:oak_planks":2,"minecraft:diorite":13,"minecraft:deepslate_copper_ore":5,"minecraft:redstone_ore":4,"minecraft:spruce_sapling":1,"minecraft:mud":79,"minecraft:iron_ore":4,"minecraft:spruce_log":21,"minecraft:andesite":10,"minecraft:coal_ore":8,"minecraft:oak_log":133,"minecraft:deepslate_iron_ore":7,"minecraft:oak_sign":1,"minecraft:dirt":27,"minecraft:stone":57,"minecraft:gold_ore":4,"minecraft:deepslate_emerald_ore":6,"minecraft:oak_leaves":42,"minecraft:deepslate":5,"immersive_weathering:oak_leaf_pile":99},"minecraft:used":{"minecraft:moss_block":5,"minecraft:water_bucket":1,"minecraft:stone_shovel":143,"minecraft:stone_pickaxe":37,"minecraft:oak_planks":4,"minecraft:oak_sign":1,"minecraft:cobblestone_slab":1,"minecraft:dirt":182,"minecraft:oak_slab":8,"minecraft:granite":1,"minecraft:oak_log":1,"minecraft:wooden_axe":6,"minecraft:iron_axe":256,"minecraft:iron_pickaxe":293,"minecraft:spruce_sapling":7,"minecraft:stone_axe":201,"minecraft:cobblestone":4,"minecraft:oak_sapling":9,"minecraft:bucket":1,"minecraft:oak_boat":2},"minecraft:killed_by":{"sanitydim:sneaking_terror":1,"endofherobrine:villager":1},"minecraft:broken":{"minecraft:iron_pickaxe":1,"minecraft:stone_shovel":1},"minecraft:custom":{"minecraft:interact_with_crafting_table":11,"minecraft:time_since_death":19391,"minecraft:time_since_rest":19453,"minecraft:sprint_one_cm":66372,"minecraft:walk_one_cm":259070,"minecraft:damage_taken":3389,"minecraft:drop":23,"minecraft:damage_dealt":261,"minecraft:talked_to_villager":43,"minecraft:fly_one_cm":422286,"minecraft:open_chest":73,"minecraft:crouch_one_cm":59242,"minecraft:play_time":118027,"minecraft:deaths":13,"minecraft:sneak_time":23621,"minecraft:walk_under_water_one_cm":3249,"minecraft:boat_one_cm":6255,"minecraft:jump":275,"minecraft:walk_on_water_one_cm":3566,"minecraft:total_world_time":118027,"minecraft:fall_one_cm":1589},"minecraft:picked_up":{"minecraft:wooden_axe":1,"minecraft:mud":87,"minecraft:clay_ball":116,"minecraft:water_bucket":1,"minecraft:andesite":41,"minecraft:oak_log":209,"minecraft:dirt":357,"minecraft:raw_copper":111,"minecraft:iron_axe":1,"minecraft:oak_sign":1,"minecraft:apple":2,"minecraft:cobbled_deepslate":16,"minecraft:raw_gold":30,"minecraft:stone_pickaxe":2,"minecraft:cobblestone_slab":5,"minecraft:iron_pickaxe":4,"minecraft:moss_block":142,"minecraft:oak_planks":1,"minecraft:oak_slab":1,"minecraft:stick":45,"minecraft:raw_iron":113,"minecraft:torch":1,"minecraft:spruce_sapling":23,"minecraft:diorite":40,"minecraft:spruce_log":25,"minecraft:redstone":197,"minecraft:diamond":15,"minecraft:stone_axe":1,"minecraft:granite":34,"minecraft:emerald":13,"minecraft:oak_sapling":42,"minecraft:coal":105,"minecraft:cobblestone":246},"minecraft:crafted":{"minecraft:oak_planks":28,"minecraft:oak_slab":12,"minecraft:cobblestone_slab":84,"minecraft:stone_shovel":1,"minecraft:oak_boat":2,"minecraft:iron_axe":1,"minecraft:stick":8,"minecraft:iron_pickaxe":1,"minecraft:wooden_axe":1},"minecraft:dropped":{"minecraft:stone_axe":1,"minecraft:oak_log":14,"minecraft:raw_iron":3,"minecraft:cobblestone":118,"minecraft:clay_ball":4,"minecraft:oak_planks":7,"minecraft:dirt":33,"minecraft:cobblestone_slab":86,"minecraft:stone_pickaxe":2,"minecraft:iron_pickaxe":1}},"DataVersion":3465}