{"stats":{"minecraft:mined":{"minecraft:grass_block":4},"minecraft:used":{"minecraft:dirt":1},"minecraft:picked_up":{"minecraft:dirt":1},"minecraft:custom":{"minecraft:jump":8,"minecraft:time_since_rest":1615,"minecraft:damage_dealt":10,"minecraft:crouch_one_cm":2139,"minecraft:deaths":3,"minecraft:play_time":4027,"minecraft:damage_taken":755,"minecraft:time_since_death":0,"minecraft:walk_one_cm":139,"minecraft:sneak_time":801,"minecraft:total_world_time":4027,"minecraft:fly_one_cm":120}},"DataVersion":3465}