{"stats":{"minecraft:mined":{"minecraft:oak_sapling":2,"minecraft:spruce_sapling":1,"minecraft:mud":44,"immersive_weathering:spruce_leaf_pile":18,"minecraft:spruce_log":20,"minecraft:grass_block":118,"minecraft:oak_log":50,"minecraft:dirt":27,"minecraft:spruce_leaves":3,"minecraft:stone":16,"minecraft:moss_block":47,"minecraft:oak_leaves":3,"immersive_weathering:oak_leaf_pile":64},"minecraft:used":{"minecraft:moss_block":5,"minecraft:stone_shovel":132,"minecraft:stone_pickaxe":37,"minecraft:spruce_sapling":7,"minecraft:cobblestone_slab":1,"minecraft:stone_axe":170,"minecraft:dirt":182,"minecraft:cobblestone":4,"minecraft:oak_slab":8,"minecraft:oak_sapling":8,"minecraft:oak_boat":2},"minecraft:broken":{"minecraft:stone_shovel":1},"minecraft:picked_up":{"minecraft:oak_slab":1,"minecraft:mud":44,"minecraft:stick":23,"minecraft:raw_iron":43,"minecraft:clay_ball":4,"minecraft:oak_log":125,"minecraft:spruce_sapling":11,"minecraft:spruce_log":19,"minecraft:dirt":198,"minecraft:apple":2,"minecraft:stone_axe":1,"minecraft:stone_pickaxe":2,"minecraft:oak_sapling":22,"minecraft:moss_block":67,"minecraft:coal":33,"minecraft:cobblestone":90},"minecraft:custom":{"minecraft:time_since_rest":12492,"minecraft:sprint_one_cm":37775,"minecraft:damage_taken":1839,"minecraft:walk_one_cm":119337,"minecraft:drop":14,"minecraft:damage_dealt":200,"minecraft:interact_with_crafting_table":4,"minecraft:talked_to_villager":12,"minecraft:fly_one_cm":23127,"minecraft:open_chest":39,"minecraft:crouch_one_cm":37455,"minecraft:play_time":64027,"minecraft:deaths":7,"minecraft:sneak_time":17272,"minecraft:boat_one_cm":5535,"minecraft:jump":174,"minecraft:time_since_death":12404,"minecraft:total_world_time":64027,"minecraft:fall_one_cm":689},"minecraft:crafted":{"minecraft:oak_boat":2,"minecraft:oak_slab":12,"minecraft:oak_planks":8,"minecraft:stone_shovel":1},"minecraft:dropped":{"minecraft:dirt":32,"minecraft:stone_axe":1,"minecraft:oak_log":14,"minecraft:raw_iron":3,"minecraft:cobblestone":76,"minecraft:oak_planks":7,"minecraft:clay_ball":4,"minecraft:stone_pickaxe":2}},"DataVersion":3465}