{"stats":{"minecraft:killed_by":{"minecraft:creeper":1,"sanitydim:sneaking_terror":1,"endofherobrine:villager":1,"midnightlurker:midnight_lurker_unprovoked":1},"minecraft:mined":{"minecraft:oak_sapling":3,"minecraft:deepslate_diamond_ore":10,"the_silence:sad_satan":1,"minecraft:obsidian":9,"minecraft:granite":20,"minecraft:grass_block":278,"minecraft:soul_soil":1,"minecraft:spruce_leaves":58,"minecraft:moss_block":124,"minecraft:redstone_ore":4,"minecraft:magma_block":1,"minecraft:spruce_sapling":1,"minecraft:glowstone":2,"minecraft:iron_ore":4,"minecraft:andesite":24,"minecraft:azure_bluet":1,"minecraft:deepslate_iron_ore":25,"minecraft:oak_sign":1,"immersive_weathering:loam":1,"minecraft:stone":66,"immersive_weathering:oak_leaf_pile":99,"minecraft:deepslate_redstone_ore":17,"minecraft:blackstone":3,"immersive_weathering:spruce_leaf_pile":34,"minecraft:clay":31,"minecraft:poppy":1,"minecraft:nether_quartz_ore":3,"minecraft:copper_ore":6,"endofherobrine:glowing_obsidian":3,"minecraft:cobblestone":2,"minecraft:deepslate_coal_ore":13,"minecraft:deepslate_gold_ore":11,"minecraft:oak_planks":6,"minecraft:diorite":14,"minecraft:sculk":3,"minecraft:amethyst_block":4,"minecraft:deepslate_copper_ore":11,"minecraft:warped_nylium":1,"minecraft:mud":90,"minecraft:spruce_log":21,"minecraft:coal_ore":8,"minecraft:oak_log":153,"minecraft:dirt":27,"minecraft:netherrack":2,"minecraft:ancient_debris":2,"minecraft:gold_ore":4,"minecraft:deepslate_emerald_ore":12,"minecraft:oak_leaves":97,"minecraft:deepslate":9},"minecraft:custom":{"minecraft:mob_kills":11,"minecraft:interact_with_crafting_table":12,"minecraft:damage_dealt_resisted":8,"minecraft:leave_game":5,"minecraft:time_since_death":1468,"minecraft:sprint_one_cm":231011,"minecraft:walk_one_cm":398338,"minecraft:drop":31,"minecraft:talked_to_villager":70,"minecraft:play_time":175737,"minecraft:deaths":19,"minecraft:sneak_time":31930,"minecraft:walk_under_water_one_cm":12043,"minecraft:boat_one_cm":6255,"minecraft:jump":826,"minecraft:walk_on_water_one_cm":7419,"minecraft:total_world_time":175737,"minecraft:interact_with_furnace":2,"minecraft:time_since_rest":1605,"minecraft:damage_taken":4915,"minecraft:damage_dealt":1511,"minecraft:swim_one_cm":300,"minecraft:fly_one_cm":530347,"minecraft:open_chest":150,"minecraft:crouch_one_cm":92226,"minecraft:fall_one_cm":4832},"minecraft:crafted":{"minecraft:oak_planks":44,"minecraft:cobblestone_slab":84,"minecraft:stone_shovel":1,"minecraft:furnace":4,"minecraft:iron_axe":1,"minecraft:oak_slab":12,"minecraft:oak_boat":2,"minecraft:stick":8,"minecraft:iron_pickaxe":1,"minecraft:wooden_axe":1,"minecraft:shears":2},"minecraft:picked_up":{"minecraft:wooden_axe":1,"minecraft:mud":100,"minecraft:azure_bluet":1,"minecraft:clay_ball":172,"minecraft:amethyst_block":3,"minecraft:raw_copper":147,"minecraft:iron_axe":1,"minecraft:blackstone":3,"minecraft:oak_sign":1,"minecraft:cobbled_deepslate":27,"minecraft:cobblestone_slab":5,"minecraft:poppy":1,"minecraft:iron_pickaxe":4,"minecraft:raw_iron":139,"minecraft:stick":46,"minecraft:torch":1,"the_silence:sad_satan":2,"minecraft:diorite":44,"minecraft:redstone":250,"minecraft:arrow":6,"minecraft:rotten_flesh":1,"minecraft:shears":1,"minecraft:obsidian":8,"minecraft:cobblestone":279,"minecraft:water_bucket":1,"minecraft:andesite":63,"minecraft:oak_log":228,"minecraft:ancient_debris":2,"minecraft:dirt":384,"minecraft:bone":4,"minecraft:apple":2,"minecraft:raw_gold":41,"minecraft:rabbit_hide":2,"minecraft:stone_pickaxe":2,"minecraft:glowstone_dust":3,"minecraft:moss_block":163,"minecraft:oak_planks":4,"minecraft:oak_slab":1,"minecraft:quartz":3,"weather2:wind_vane":1,"minecraft:spruce_sapling":26,"minecraft:spruce_log":25,"minecraft:diamond":25,"minecraft:stone_axe":1,"minecraft:granite":44,"minecraft:diamond_axe":3,"minecraft:emerald":25,"minecraft:baked_potato":5,"minecraft:oak_sapling":46,"minecraft:netherrack":2,"minecraft:coal":122,"minecraft:oak_leaves":42,"minecraft:diamond_pickaxe":3},"minecraft:used":{"minecraft:moss_block":7,"minecraft:stone_shovel":143,"minecraft:oak_sign":1,"minecraft:dirt":205,"minecraft:granite":4,"minecraft:obsidian":10,"minecraft:wooden_axe":6,"minecraft:lava_bucket":4,"minecraft:iron_axe":302,"minecraft:oak_sapling":10,"minecraft:water_bucket":1,"minecraft:diorite":1,"minecraft:amethyst_block":1,"minecraft:stone_pickaxe":37,"minecraft:oak_planks":13,"weather2:wind_vane":1,"minecraft:diamond_axe":33,"minecraft:cobblestone_slab":1,"minecraft:oak_leaves":28,"minecraft:oak_slab":8,"minecraft:shears":36,"minecraft:oak_log":1,"minecraft:diamond_pickaxe":161,"minecraft:iron_pickaxe":293,"minecraft:spruce_sapling":7,"minecraft:stone_axe":201,"minecraft:cobblestone":8,"minecraft:bucket":5,"minecraft:andesite":14,"minecraft:oak_boat":2},"minecraft:broken":{"minecraft:iron_pickaxe":1,"minecraft:stone_shovel":1},"minecraft:killed":{"endofherobrine:silverfish":10,"minecraft:skeleton":1},"minecraft:dropped":{"minecraft:oak_log":14,"minecraft:cobblestone":118,"minecraft:stick":1,"minecraft:lava_bucket":1,"minecraft:dirt":33,"the_silence:sad_satan":1,"minecraft:iron_pickaxe":2,"minecraft:bucket":1,"minecraft:furnace":4,"minecraft:stone_axe":1,"minecraft:raw_iron":3,"minecraft:clay_ball":4,"minecraft:oak_planks":7,"minecraft:cobblestone_slab":86,"minecraft:diamond_pickaxe":1,"minecraft:oak_sapling":1,"minecraft:stone_pickaxe":2}},"DataVersion":3465}