{"stats":{"minecraft:mined":{"minecraft:oak_sapling":2,"minecraft:spruce_sapling":1,"minecraft:mud":45,"immersive_weathering:spruce_leaf_pile":24,"minecraft:spruce_log":20,"minecraft:clay":1,"minecraft:granite":1,"minecraft:grass_block":125,"minecraft:oak_log":56,"minecraft:dirt":27,"minecraft:spruce_leaves":4,"minecraft:stone":16,"minecraft:moss_block":49,"minecraft:diorite":1,"minecraft:oak_leaves":8,"immersive_weathering:oak_leaf_pile":86},"minecraft:used":{"minecraft:moss_block":5,"minecraft:water_bucket":1,"minecraft:stone_shovel":143,"minecraft:stone_pickaxe":37,"minecraft:iron_pickaxe":4,"minecraft:spruce_sapling":7,"minecraft:cobblestone_slab":1,"minecraft:stone_axe":201,"minecraft:dirt":182,"minecraft:cobblestone":4,"minecraft:oak_slab":8,"minecraft:oak_sapling":9,"minecraft:bucket":1,"minecraft:oak_boat":2},"minecraft:killed_by":{"sanitydim:sneaking_terror":1,"endofherobrine:villager":1},"minecraft:broken":{"minecraft:stone_shovel":1},"minecraft:picked_up":{"minecraft:oak_slab":1,"minecraft:mud":44,"minecraft:stick":27,"minecraft:raw_iron":43,"minecraft:water_bucket":1,"minecraft:clay_ball":4,"minecraft:torch":1,"minecraft:oak_log":140,"minecraft:spruce_sapling":12,"minecraft:diorite":2,"minecraft:spruce_log":24,"minecraft:dirt":201,"minecraft:apple":2,"minecraft:stone_axe":1,"minecraft:granite":1,"minecraft:stone_pickaxe":2,"minecraft:iron_pickaxe":1,"minecraft:oak_sapling":32,"minecraft:moss_block":69,"minecraft:coal":37,"minecraft:cobblestone":90},"minecraft:custom":{"minecraft:time_since_rest":1052,"minecraft:sprint_one_cm":39962,"minecraft:damage_taken":2469,"minecraft:walk_one_cm":176429,"minecraft:drop":14,"minecraft:damage_dealt":251,"minecraft:interact_with_crafting_table":4,"minecraft:talked_to_villager":13,"minecraft:fly_one_cm":24204,"minecraft:open_chest":45,"minecraft:crouch_one_cm":51298,"minecraft:play_time":76027,"minecraft:deaths":9,"minecraft:sneak_time":20116,"minecraft:walk_under_water_one_cm":502,"minecraft:boat_one_cm":5535,"minecraft:jump":185,"minecraft:walk_on_water_one_cm":1077,"minecraft:time_since_death":1022,"minecraft:total_world_time":76027,"minecraft:fall_one_cm":958},"minecraft:crafted":{"minecraft:oak_boat":2,"minecraft:oak_slab":12,"minecraft:oak_planks":8,"minecraft:stone_shovel":1},"minecraft:dropped":{"minecraft:dirt":32,"minecraft:stone_axe":1,"minecraft:oak_log":14,"minecraft:raw_iron":3,"minecraft:cobblestone":76,"minecraft:oak_planks":7,"minecraft:clay_ball":4,"minecraft:stone_pickaxe":2}},"DataVersion":3465}