{
  "minecraft:recipes/tools/wooden_axe": {
    "criteria": {
      "has_stick": "2024-09-26 02:47:00 +0000"
    },
    "done": true
  },
  "minecraft:recipes/redstone/lever": {
    "criteria": {
      "has_cobblestone": "2024-09-26 02:49:44 +0000"
    },
    "done": true
  },
  "farmersdelight:recipes/farmersdelight/cooking/chicken_soup": {
    "criteria": {
      "has_any_ingredient": "2024-09-26 02:48:30 +0000"
    },
    "done": true
  },
  "minecraft:recipes/building_blocks/cobblestone_stairs_from_cobblestone_stonecutting": {
    "criteria": {
      "has_cobblestone": "2024-09-26 02:49:44 +0000"
    },
    "done": true
  },
  "minecraft:recipes/redstone/jungle_pressure_plate": {
    "criteria": {
      "has_planks": "2024-09-26 02:46:54 +0000"
    },
    "done": true
  },
  "minecraft:recipes/food/cooked_salmon_from_smoking": {
    "criteria": {
      "has_salmon": "2024-09-26 02:51:31 +0000"
    },
    "done": true
  },
  "farmersdelight:recipes/farmersdelight/cooking/fried_rice": {
    "criteria": {
      "has_any_ingredient": "2024-09-26 02:48:27 +0000"
    },
    "done": true
  },
  "travelersbackpack:recipes/travelersbackpack/pumpkin": {
    "criteria": {
      "has_pumpkin": "2024-09-26 02:48:08 +0000"
    },
    "done": true
  },
  "minecraft:recipes/misc/pumpkin_seeds": {
    "criteria": {
      "has_pumpkin": "2024-09-26 02:48:08 +0000"
    },
    "done": true
  },
  "minecraft:recipes/food/cooked_chicken_from_grill_cooking": {
    "criteria": {
      "has_chicken": "2024-09-26 02:48:30 +0000"
    },
    "done": true
  },
  "minecraft:recipes/decorations/crafting_table": {
    "criteria": {
      "has_planks": "2024-09-26 02:46:54 +0000"
    },
    "done": true
  },
  "minecraft:recipes/decorations/campfire": {
    "criteria": {
      "has_stick": "2024-09-26 02:47:00 +0000"
    },
    "done": true
  },
  "cfm:recipes/cfm/stripped_jungle_table": {
    "criteria": {
      "has_planks": "2024-09-26 02:42:19 +0000"
    },
    "done": true
  },
  "minecraft:recipes/misc/melon_seeds": {
    "criteria": {
      "has_melon": "2024-09-26 02:42:40 +0000"
    },
    "done": true
  },
  "aquamirae:adventure/root": {
    "criteria": {
      "crafting_table": "2024-09-26 02:46:57 +0000"
    },
    "done": true
  },
  "minecraft:recipes/decorations/ladder": {
    "criteria": {
      "has_stick": "2024-09-26 02:47:00 +0000"
    },
    "done": true
  },
  "farmersdelight:recipes/farmersdelight/cooking/baked_cod_stew": {
    "criteria": {
      "has_any_ingredient": "2024-09-26 02:48:27 +0000"
    },
    "done": true
  },
  "minecraft:recipes/decorations/chest": {
    "criteria": {
      "has_lots_of_items": "2024-09-26 02:48:08 +0000"
    },
    "done": true
  },
  "minecraft:recipes/tools/wooden_shovel": {
    "criteria": {
      "has_stick": "2024-09-26 02:47:00 +0000"
    },
    "done": true
  },
  "cfm:recipes/cfm/jungle_upgraded_fence": {
    "criteria": {
      "has_log": "2024-09-26 02:42:19 +0000"
    },
    "done": true
  },
  "cfm:recipes/cfm/stripped_jungle_desk_cabinet": {
    "criteria": {
      "has_planks": "2024-09-26 02:42:19 +0000"
    },
    "done": true
  },
  "minecraft:recipes/decorations/torch": {
    "criteria": {
      "has_stone_pickaxe": "2024-09-26 02:54:13 +0000"
    },
    "done": true
  },
  "minecraft:recipes/building_blocks/jungle_wood": {
    "criteria": {
      "has_log": "2024-09-26 02:42:19 +0000"
    },
    "done": true
  },
  "securitycraft:recipes/securitycraft/sc_manual": {
    "criteria": {
      "has_wood": "2024-09-26 02:42:19 +0000"
    },
    "done": true
  },
  "minecraft:recipes/misc/stick": {
    "criteria": {
      "has_planks": "2024-09-26 02:46:54 +0000"
    },
    "done": true
  },
  "minecraft:recipes/combat/arrow": {
    "criteria": {
      "has_feather": "2024-09-26 02:48:30 +0000"
    },
    "done": true
  },
  "minecraft:recipes/food/cooked_salmon_from_grill_cooking": {
    "criteria": {
      "has_salmon": "2024-09-26 02:51:31 +0000"
    },
    "done": true
  },
  "farmersdelight:recipes/farmersdelight/fried_egg": {
    "criteria": {
      "fried_egg": "2024-09-26 02:48:27 +0000"
    },
    "done": true
  },
  "cfm:recipes/cfm/stripped_jungle_crate": {
    "criteria": {
      "has_planks": "2024-09-26 02:42:19 +0000"
    },
    "done": true
  },
  "minecraft:recipes/combat/wooden_sword": {
    "criteria": {
      "has_stick": "2024-09-26 02:47:00 +0000"
    },
    "done": true
  },
  "minecraft:recipes/tools/stone_shovel": {
    "criteria": {
      "has_cobblestone": "2024-09-26 02:49:44 +0000"
    },
    "done": true
  },
  "tombstone:adventure/root": {
    "criteria": {
      "auto": "2024-09-26 02:41:39 +0000"
    },
    "done": true
  },
  "travelersbackpack:recipes/travelersbackpack/crafting_upgrade": {
    "criteria": {
      "has_crafting_table": "2024-09-26 02:46:57 +0000"
    },
    "done": true
  },
  "minecraft:recipes/food/cake": {
    "criteria": {
      "has_egg": "2024-09-26 02:48:27 +0000"
    },
    "done": true
  },
  "securitycraft:recipes/securitycraft/reinforced_andesite": {
    "criteria": {
      "has_cobblestone": "2024-09-26 02:49:44 +0000"
    },
    "done": true
  },
  "cfm:recipes/cfm/jungle_coffee_table": {
    "criteria": {
      "has_log": "2024-09-26 02:42:19 +0000"
    },
    "done": true
  },
  "minecraft:recipes/decorations/jungle_sign": {
    "criteria": {
      "has_planks": "2024-09-26 02:46:54 +0000"
    },
    "done": true
  },
  "minecraft:husbandry/balanced_diet": {
    "criteria": {
      "melon_slice": "2024-09-26 02:42:48 +0000",
      "cod": "2024-09-26 02:54:37 +0000"
    },
    "done": false
  },
  "tombstone:recipes/from_grave_key": {
    "criteria": {
      "has_ingredient": "2024-09-26 02:55:27 +0000"
    },
    "done": true
  },
  "minecraft:recipes/redstone/jungle_trapdoor": {
    "criteria": {
      "has_planks": "2024-09-26 02:46:54 +0000"
    },
    "done": true
  },
  "minecraft:recipes/tools/wooden_hoe": {
    "criteria": {
      "has_stick": "2024-09-26 02:47:00 +0000"
    },
    "done": true
  },
  "minecraft:recipes/building_blocks/jungle_planks": {
    "criteria": {
      "has_logs": "2024-09-26 02:42:19 +0000"
    },
    "done": true
  },
  "minecraft:recipes/building_blocks/cobblestone_slab": {
    "criteria": {
      "has_cobblestone": "2024-09-26 02:49:44 +0000"
    },
    "done": true
  },
  "minecraft:recipes/food/cooked_cod": {
    "criteria": {
      "has_cod": "2024-09-26 02:51:29 +0000"
    },
    "done": true
  },
  "minecraft:recipes/redstone/jungle_button": {
    "criteria": {
      "has_planks": "2024-09-26 02:46:54 +0000"
    },
    "done": true
  },
  "cfm:recipes/cfm/stripped_jungle_chair": {
    "criteria": {
      "has_planks": "2024-09-26 02:42:19 +0000"
    },
    "done": true
  },
  "minecraft:recipes/building_blocks/cobblestone_stairs": {
    "criteria": {
      "has_cobblestone": "2024-09-26 02:49:44 +0000"
    },
    "done": true
  },
  "cfm:recipes/cfm/stripped_jungle_desk": {
    "criteria": {
      "has_planks": "2024-09-26 02:42:19 +0000"
    },
    "done": true
  },
  "farmersdelight:recipes/farmersdelight/grilled_salmon": {
    "criteria": {
      "has_salmon": "2024-09-26 02:51:31 +0000"
    },
    "done": true
  },
  "minecraft:recipes/food/cooked_salmon": {
    "criteria": {
      "has_salmon": "2024-09-26 02:51:31 +0000"
    },
    "done": true
  },
  "tombstone:adventure/first_grave": {
    "criteria": {
      "coded_trigger": "2024-09-26 02:55:24 +0000"
    },
    "done": true
  },
  "minecraft:story/root": {
    "criteria": {
      "crafting_table": "2024-09-26 02:46:57 +0000"
    },
    "done": true
  },
  "minecraft:recipes/combat/crossbow": {
    "criteria": {
      "has_stick": "2024-09-26 02:47:00 +0000"
    },
    "done": true
  },
  "farmersdelight:recipes/farmersdelight/cooking/fish_stew": {
    "criteria": {
      "has_any_ingredient": "2024-09-26 02:51:29 +0000"
    },
    "done": true
  },
  "cfm:recipes/cfm/jungle_kitchen_sink_light": {
    "criteria": {
      "has_bottom": "2024-09-26 02:46:54 +0000"
    },
    "done": true
  },
  "minecraft:recipes/building_blocks/jungle_slab": {
    "criteria": {
      "has_planks": "2024-09-26 02:46:54 +0000"
    },
    "done": true
  },
  "betterdungeons:root": {
    "criteria": {
      "always": "2024-09-26 02:41:36 +0000"
    },
    "done": true
  },
  "minecraft:recipes/food/cooked_chicken_from_smoking": {
    "criteria": {
      "has_chicken": "2024-09-26 02:48:30 +0000"
    },
    "done": true
  },
  "cfm:recipes/cfm/stripped_jungle_cabinet": {
    "criteria": {
      "has_log": "2024-09-26 02:42:19 +0000"
    },
    "done": true
  },
  "securitycraft:recipes/securitycraft/reinforced_diorite": {
    "criteria": {
      "has_cobblestone": "2024-09-26 02:49:44 +0000"
    },
    "done": true
  },
  "minecraft:adventure/kill_a_mob": {
    "criteria": {
      "minecraft:zombie": "2024-09-26 02:55:04 +0000"
    },
    "done": true
  },
  "cfm:recipes/cfm/jungle_bedside_cabinet": {
    "criteria": {
      "has_log": "2024-09-26 02:42:19 +0000"
    },
    "done": true
  },
  "farmersdelight:recipes/farmersdelight/fried_egg_from_campfire_cooking": {
    "criteria": {
      "fried_egg": "2024-09-26 02:48:27 +0000"
    },
    "done": true
  },
  "cfm:recipes/cfm/jungle_cabinet": {
    "criteria": {
      "has_log": "2024-09-26 02:42:19 +0000"
    },
    "done": true
  },
  "farmersdelight:recipes/farmersdelight/melon_juice": {
    "criteria": {
      "has_melon_slice": "2024-09-26 02:42:40 +0000"
    },
    "done": true
  },
  "farmersdelight:recipes/farmersdelight/flint_knife": {
    "criteria": {
      "has_stick": "2024-09-26 02:47:00 +0000"
    },
    "done": true
  },
  "travelersbackpack:recipes/travelersbackpack/melon": {
    "criteria": {
      "has_melon_slice": "2024-09-26 02:42:40 +0000"
    },
    "done": true
  },
  "minecraft:story/mine_stone": {
    "criteria": {
      "get_stone": "2024-09-26 02:49:44 +0000"
    },
    "done": true
  },
  "minecraft:recipes/building_blocks/stone": {
    "criteria": {
      "has_cobblestone": "2024-09-26 02:49:44 +0000"
    },
    "done": true
  },
  "minecraft:recipes/decorations/furnace": {
    "criteria": {
      "has_cobblestone": "2024-09-26 02:49:44 +0000"
    },
    "done": true
  },
  "cfm:recipes/cfm/jungle_kitchen_drawer": {
    "criteria": {
      "has_log": "2024-09-26 02:42:19 +0000"
    },
    "done": true
  },
  "minecraft:recipes/brewing/cauldron": {
    "criteria": {
      "has_water_bucket": "2024-09-26 02:51:30 +0000"
    },
    "done": true
  },
  "minecraft:adventure/adventuring_time": {
    "criteria": {
      "minecraft:beach": "2024-09-26 02:51:11 +0000",
      "minecraft:sparse_jungle": "2024-09-26 02:41:39 +0000",
      "minecraft:river": "2024-09-26 02:51:14 +0000",
      "minecraft:desert": "2024-09-26 02:52:57 +0000"
    },
    "done": false
  },
  "cfm:recipes/cfm/jungle_kitchen_counter": {
    "criteria": {
      "has_log": "2024-09-26 02:42:19 +0000"
    },
    "done": true
  },
  "minecraft:recipes/misc/charcoal": {
    "criteria": {
      "has_log": "2024-09-26 02:42:19 +0000"
    },
    "done": true
  },
  "cfm:recipes/cfm/jungle_blinds": {
    "criteria": {
      "has_log": "2024-09-26 02:42:19 +0000"
    },
    "done": true
  },
  "minecraft:adventure/sleep_in_bed": {
    "criteria": {
      "slept_in_bed": "2024-09-26 02:52:01 +0000"
    },
    "done": true
  },
  "cfm:recipes/cfm/jungle_desk_cabinet": {
    "criteria": {
      "has_log": "2024-09-26 02:42:19 +0000"
    },
    "done": true
  },
  "minecraft:recipes/tools/wooden_pickaxe": {
    "criteria": {
      "has_stick": "2024-09-26 02:47:00 +0000"
    },
    "done": true
  },
  "minecraft:recipes/building_blocks/cobblestone_slab_from_cobblestone_stonecutting": {
    "criteria": {
      "has_cobblestone": "2024-09-26 02:49:44 +0000"
    },
    "done": true
  },
  "cfm:recipes/cfm/jungle_park_bench": {
    "criteria": {
      "has_log": "2024-09-26 02:42:19 +0000"
    },
    "done": true
  },
  "minecraft:husbandry/root": {
    "criteria": {
      "consumed_item": "2024-09-26 02:42:48 +0000"
    },
    "done": true
  },
  "cfm:recipes/cfm/jungle_desk": {
    "criteria": {
      "has_log": "2024-09-26 02:42:19 +0000"
    },
    "done": true
  },
  "minecraft:recipes/combat/stone_sword": {
    "criteria": {
      "has_cobblestone": "2024-09-26 02:49:44 +0000"
    },
    "done": true
  },
  "cfm:recipes/cfm/jungle_upgraded_gate": {
    "criteria": {
      "has_log": "2024-09-26 02:42:19 +0000"
    },
    "done": true
  },
  "minecraft:recipes/decorations/barrel": {
    "criteria": {
      "has_planks": "2024-09-26 02:46:54 +0000"
    },
    "done": true
  },
  "minecraft:recipes/decorations/cobblestone_wall": {
    "criteria": {
      "has_cobblestone": "2024-09-26 02:49:44 +0000"
    },
    "done": true
  },
  "securitycraft:recipes/securitycraft/sonic_security_system": {
    "criteria": {
      "has_stick": "2024-09-26 02:47:00 +0000"
    },
    "done": true
  },
  "cfm:recipes/cfm/stripped_jungle_park_bench": {
    "criteria": {
      "has_log": "2024-09-26 02:42:19 +0000"
    },
    "done": true
  },
  "minecraft:recipes/tools/stone_pickaxe": {
    "criteria": {
      "has_cobblestone": "2024-09-26 02:49:44 +0000"
    },
    "done": true
  },
  "farmersdelight:recipes/farmersdelight/cutting_board": {
    "criteria": {
      "has_stick": "2024-09-26 02:47:00 +0000"
    },
    "done": true
  },
  "minecraft:recipes/building_blocks/ice_from_freezing": {
    "criteria": {
      "has_water": "2024-09-26 02:51:30 +0000"
    },
    "done": true
  },
  "minecraft:adventure/root": {
    "criteria": {
      "killed_something": "2024-09-26 02:48:30 +0000"
    },
    "done": true
  },
  "securitycraft:recipes/securitycraft/motion_activated_light": {
    "criteria": {
      "has_stick": "2024-09-26 02:47:00 +0000"
    },
    "done": true
  },
  "farmersdelight:recipes/farmersdelight/cooking/hot_cocoa": {
    "criteria": {
      "has_any_ingredient": "2024-09-26 02:42:19 +0000"
    },
    "done": true
  },
  "minecraft:recipes/food/cooked_salmon_from_campfire_cooking": {
    "criteria": {
      "has_salmon": "2024-09-26 02:51:31 +0000"
    },
    "done": true
  },
  "minecraft:recipes/decorations/cobblestone_wall_from_cobblestone_stonecutting": {
    "criteria": {
      "has_cobblestone": "2024-09-26 02:49:44 +0000"
    },
    "done": true
  },
  "minecraft:recipes/building_blocks/jungle_stairs": {
    "criteria": {
      "has_planks": "2024-09-26 02:46:54 +0000"
    },
    "done": true
  },
  "farmersdelight:main/root": {
    "criteria": {
      "seeds": "2024-09-26 02:42:19 +0000"
    },
    "done": true
  },
  "minecraft:recipes/decorations/jungle_fence": {
    "criteria": {
      "has_planks": "2024-09-26 02:46:54 +0000"
    },
    "done": true
  },
  "cfm:recipes/cfm/stripped_jungle_kitchen_counter": {
    "criteria": {
      "has_log": "2024-09-26 02:42:19 +0000"
    },
    "done": true
  },
  "minecraft:recipes/tools/stone_hoe": {
    "criteria": {
      "has_cobblestone": "2024-09-26 02:49:44 +0000"
    },
    "done": true
  },
  "minecraft:recipes/food/pumpkin_pie": {
    "criteria": {
      "has_pumpkin": "2024-09-26 02:48:08 +0000"
    },
    "done": true
  },
  "farmersdelight:recipes/farmersdelight/melon_popsicle": {
    "criteria": {
      "has_melon": "2024-09-26 02:42:40 +0000"
    },
    "done": true
  },
  "farmersdelight:recipes/farmersdelight/cooking/pumpkin_soup": {
    "criteria": {
      "has_any_ingredient": "2024-09-26 02:48:08 +0000"
    },
    "done": true
  },
  "minecraft:recipes/redstone/jungle_door": {
    "criteria": {
      "has_planks": "2024-09-26 02:46:54 +0000"
    },
    "done": true
  },
  "cfm:recipes/cfm/stripped_jungle_coffee_table": {
    "criteria": {
      "has_planks": "2024-09-26 02:42:19 +0000"
    },
    "done": true
  },
  "minecraft:adventure/kill_all_mobs": {
    "criteria": {
      "minecraft:zombie": "2024-09-26 02:55:04 +0000"
    },
    "done": false
  },
  "travelersbackpack:recipes/travelersbackpack/cake": {
    "criteria": {
      "has_egg": "2024-09-26 02:48:27 +0000"
    },
    "done": true
  },
  "dungeons_arise:wda_root": {
    "criteria": {
      "WDA": "2024-09-26 02:41:36 +0000"
    },
    "done": true
  },
  "minecraft:recipes/redstone/jungle_fence_gate": {
    "criteria": {
      "has_planks": "2024-09-26 02:46:54 +0000"
    },
    "done": true
  },
  "minecraft:recipes/food/cooked_cod_from_smoking": {
    "criteria": {
      "has_cod": "2024-09-26 02:51:29 +0000"
    },
    "done": true
  },
  "cfm:recipes/cfm/stripped_jungle_bedside_cabinet": {
    "criteria": {
      "has_planks": "2024-09-26 02:42:19 +0000"
    },
    "done": true
  },
  "minecraft:recipes/brewing/glistering_melon_slice": {
    "criteria": {
      "has_melon": "2024-09-26 02:42:40 +0000"
    },
    "done": true
  },
  "minecraft:recipes/food/cooked_chicken_from_campfire_cooking": {
    "criteria": {
      "has_chicken": "2024-09-26 02:48:30 +0000"
    },
    "done": true
  },
  "cfm:recipes/cfm/jungle_kitchen_sink_dark": {
    "criteria": {
      "has_bottom": "2024-09-26 02:46:54 +0000"
    },
    "done": true
  },
  "travelersbackpack:recipes/travelersbackpack/chicken": {
    "criteria": {
      "has_feather": "2024-09-26 02:48:30 +0000"
    },
    "done": true
  },
  "betterdeserttemples:root": {
    "criteria": {
      "always": "2024-09-26 02:41:36 +0000"
    },
    "done": true
  },
  "minecraft:recipes/food/cookie": {
    "criteria": {
      "has_cocoa": "2024-09-26 02:42:19 +0000"
    },
    "done": true
  },
  "cfm:recipes/cfm/stripped_jungle_kitchen_drawer": {
    "criteria": {
      "has_log": "2024-09-26 02:42:19 +0000"
    },
    "done": true
  },
  "travelersbackpack:recipes/travelersbackpack/ocelot": {
    "criteria": {
      "has_cod": "2024-09-26 02:51:29 +0000"
    },
    "done": true
  },
  "minecraft:story/upgrade_tools": {
    "criteria": {
      "stone_pickaxe": "2024-09-26 02:54:13 +0000"
    },
    "done": true
  },
  "farmersdelight:recipes/farmersdelight/fried_egg_from_smoking": {
    "criteria": {
      "fried_egg": "2024-09-26 02:48:27 +0000"
    },
    "done": true
  },
  "minecraft:recipes/food/cooked_chicken": {
    "criteria": {
      "has_chicken": "2024-09-26 02:48:30 +0000"
    },
    "done": true
  },
  "minecraft:recipes/decorations/soul_campfire": {
    "criteria": {
      "has_stick": "2024-09-26 02:47:00 +0000"
    },
    "done": true
  },
  "cfm:recipes/cfm/jungle_table": {
    "criteria": {
      "has_log": "2024-09-26 02:42:19 +0000"
    },
    "done": true
  },
  "minecraft:recipes/food/cooked_cod_from_campfire_cooking": {
    "criteria": {
      "has_cod": "2024-09-26 02:51:29 +0000"
    },
    "done": true
  },
  "minecraft:recipes/misc/brown_dye": {
    "criteria": {
      "has_cocoa_beans": "2024-09-26 02:42:19 +0000"
    },
    "done": true
  },
  "minecraft:recipes/building_blocks/melon": {
    "criteria": {
      "has_melon": "2024-09-26 02:42:40 +0000"
    },
    "done": true
  },
  "minecraft:recipes/tools/stone_axe": {
    "criteria": {
      "has_cobblestone": "2024-09-26 02:49:44 +0000"
    },
    "done": true
  },
  "whisperwoods:recipes/whisperwoods/hand_of_fate": {
    "criteria": {
      "has_blaze_powder": "2024-09-26 02:42:19 +0000"
    },
    "done": true
  },
  "minecraft:recipes/food/cooked_cod_from_grill_cooking": {
    "criteria": {
      "has_cod": "2024-09-26 02:51:29 +0000"
    },
    "done": true
  },
  "cfm:recipes/cfm/jungle_crate": {
    "criteria": {
      "has_log": "2024-09-26 02:42:19 +0000"
    },
    "done": true
  },
  "cfm:recipes/cfm/jungle_chair": {
    "criteria": {
      "has_log": "2024-09-26 02:42:19 +0000"
    },
    "done": true
  },
  "farmersdelight:recipes/farmersdelight/cooking/stuffed_pumpkin_block": {
    "criteria": {
      "has_pumpkin": "2024-09-26 02:48:08 +0000"
    },
    "done": true
  },
  "DataVersion": 3120
}